transaction id,date,user id,book title,genre,borrowing duration
TXN-20230811-00001,2023-08-11,USR-00814,Steve Jobs,Biography,14
TXN-20230916-00002,2023-09-16,USR-00346,Dune,Science Fiction,7
TXN-20231218-00003,2023-12-18,USR-00742,The House in the Cerulean Sea,Young Adult,35
TXN-20250313-00004,2025-03-13,USR-00465,Becoming,Memoir,7
TXN-20230224-00005,2023-02-24,USR-00850,The Silent Patient,Thriller,35
TXN-20260313-00006,2026-03-13,USR-01105,"Thinking, Fast and Slow",Psychology,28
TXN-20260311-00007,2026-03-11,USR-00420,The Hate U Give,Young Adult,14
TXN-20260120-00008,2026-01-20,USR-00986,The Martian,Science Fiction,14
TXN-20230427-00009,2023-04-27,USR-00486,The Hate U Give,Young Adult,42
TXN-20251030-00010,2025-10-30,USR-00782,The Diary of a Young Girl,Biography,14
TXN-20260329-00011,2026-03-29,USR-01024,Becoming,Memoir,10
TXN-20240508-00012,2024-05-08,USR-01232,Sapiens,History,14
TXN-20251023-00013,2025-10-23,USR-00677,The Name of the Wind,Fantasy,14
TXN-20230829-00014,2023-08-29,USR-00987,The Hate U Give,Young Adult,28
TXN-20250207-00015,2025-02-07,USR-00431,The Fellowship of the Ring,Fantasy,42
TXN-20250708-00016,2025-07-08,USR-01196,The Midnight Library,Contemporary Fiction,28
TXN-20230311-00017,2023-03-11,USR-00010,Atomic Habits,Self-Help,28
TXN-20260429-00018,2026-04-29,USR-00027,The Diary of a Young Girl,Biography,14
TXN-20230104-00019,2023-01-04,USR-01023,The Hobbit,Fantasy,7
TXN-20250203-00020,2025-02-03,USR-00930,A Game of Thrones,Fantasy,28
TXN-20260811-00021,2026-08-11,USR-00043,To Kill a Mockingbird,Classic,28
TXN-20260216-00022,2026-02-16,USR-01035,Braiding Sweetgrass,Nature,14
TXN-20250221-00023,2025-02-21,USR-01020,The Book Thief,Historical Fiction,28
TXN-20250623-00024,2025-06-23,USR-00285,The Thursday Murder Club,Mystery,21
TXN-20231122-00025,2023-11-22,USR-00842,The Hate U Give,Young Adult,14
TXN-20250127-00026,2025-01-27,USR-00514,Becoming,Memoir,14
TXN-20250519-00027,2025-05-19,USR-01219,The Kite Runner,Literary Fiction,14
TXN-20230422-00028,2023-04-22,USR-00050,The Da Vinci Code,Thriller,7
TXN-20250724-00029,2025-07-24,USR-00719,"Thinking, Fast and Slow",Psychology,28
TXN-20251212-00030,2025-12-12,USR-00672,The Diary of a Young Girl,Biography,14
TXN-20230106-00031,2023-01-06,USR-00532,The Psychology of Money,Business,28
TXN-20260312-00032,2026-03-12,USR-00287,Steve Jobs,Biography,7
TXN-20260809-00033,2026-08-09,USR-00172,Educated,Memoir,28
TXN-20230519-00034,2023-05-19,USR-00760,All the Light We Cannot See,Historical Fiction,28
TXN-20241026-00035,2024-10-26,USR-01323,Charlotte's Web,Children's,28
TXN-20250617-00036,2025-06-17,USR-00070,The Hate U Give,Young Adult,35
TXN-20230310-00037,2023-03-10,USR-00216,The Book Thief,Historical Fiction,10
TXN-20240322-00038,2024-03-22,USR-01009,The Hobbit,Fantasy,35
TXN-20250207-00039,2025-02-07,USR-00747,The Girl with the Dragon Tattoo,Mystery,14
TXN-20231111-00040,2023-11-11,USR-00020,The Diary of a Young Girl,Biography,14
TXN-20250914-00041,2025-09-14,USR-00727,The Hobbit,Fantasy,42
TXN-20231224-00042,2023-12-24,USR-00968,"Thinking, Fast and Slow",Psychology,10
TXN-20260216-00043,2026-02-16,USR-00283,The Martian,Science Fiction,14
TXN-20260822-00044,2026-08-22,USR-00648,The Hate U Give,Young Adult,42
TXN-20240313-00045,2024-03-13,USR-00176,Becoming,Memoir,14
TXN-20230630-00046,2023-06-30,USR-00640,The Fellowship of the Ring,Fantasy,14
TXN-20250623-00047,2025-06-23,USR-01278,Project Hail Mary,Science Fiction,21
TXN-20250410-00048,2025-04-10,USR-00687,The Great Gatsby,Classic,14
TXN-20230528-00049,2023-05-28,USR-00968,The Da Vinci Code,Thriller,7
TXN-20230919-00050,2023-09-19,USR-00223,Where the Crawdads Sing,Literary Fiction,7
TXN-20250621-00051,2025-06-21,USR-00479,Charlotte's Web,Children's,7
TXN-20250309-00052,2025-03-09,USR-01031,The Name of the Wind,Fantasy,35
TXN-20260627-00053,2026-06-27,USR-00777,Dune,Science Fiction,21
TXN-20240125-00054,2024-01-25,USR-01243,Gone Girl,Mystery,10
TXN-20240320-00055,2024-03-20,USR-00974,The Diary of a Young Girl,Biography,21
TXN-20251028-00056,2025-10-28,USR-00274,The Wright Brothers,History,7
TXN-20260206-00057,2026-02-06,USR-00687,Atomic Habits,Self-Help,28
TXN-20240710-00058,2024-07-10,USR-00696,Atomic Habits,Self-Help,28
TXN-20250106-00059,2025-01-06,USR-00727,Dune,Science Fiction,7
TXN-20260517-00060,2026-05-17,USR-00047,Dune,Science Fiction,21
TXN-20241016-00061,2024-10-16,USR-00729,Charlotte's Web,Children's,14
TXN-20240104-00062,2024-01-04,USR-00581,Sapiens,History,7
TXN-20231003-00063,2023-10-03,USR-00718,The Da Vinci Code,Thriller,42
TXN-20240302-00064,2024-03-02,USR-00554,Matilda,Children's,7
TXN-20260117-00065,2026-01-17,USR-01014,The Hobbit,Fantasy,42
TXN-20260209-00066,2026-02-09,USR-00642,The House in the Cerulean Sea,Young Adult,7
TXN-20250817-00067,2025-08-17,USR-00477,Charlotte's Web,Children's,28
TXN-20240128-00068,2024-01-28,USR-00310,The Hate U Give,Young Adult,28
TXN-20250515-00069,2025-05-15,USR-00078,Becoming,Memoir,14
TXN-20260628-00070,2026-06-28,USR-00902,All the Light We Cannot See,Historical Fiction,35
TXN-20250316-00071,2025-03-16,USR-00626,The Diary of a Young Girl,Biography,7
TXN-20251123-00072,2025-11-23,USR-00081,The Psychology of Money,Business,7
TXN-20230504-00073,2023-05-04,USR-00213,Where the Crawdads Sing,Literary Fiction,28
TXN-20251209-00074,2025-12-09,USR-00001,The Fellowship of the Ring,Fantasy,14
TXN-20230304-00075,2023-03-04,USR-01213,To Kill a Mockingbird,Classic,14
TXN-20260606-00076,2026-06-06,USR-01217,The Kite Runner,Literary Fiction,10
TXN-20231229-00077,2023-12-29,USR-00206,Braiding Sweetgrass,Nature,7
TXN-20250210-00078,2025-02-10,USR-00536,Charlotte's Web,Children's,28
TXN-20240912-00079,2024-09-12,USR-00050,The House in the Cerulean Sea,Young Adult,14
TXN-20250313-00080,2025-03-13,USR-01196,The Hate U Give,Young Adult,42
TXN-20251201-00081,2025-12-01,USR-00680,A Brief History of Time,Science,10
TXN-20260802-00082,2026-08-02,USR-00395,Project Hail Mary,Science Fiction,7
TXN-20230315-00083,2023-03-15,USR-00853,Pride and Prejudice,Classic,14
TXN-20260706-00084,2026-07-06,USR-00352,Pride and Prejudice,Classic,21
TXN-20240413-00085,2024-04-13,USR-01027,The Midnight Library,Contemporary Fiction,14
TXN-20251129-00086,2025-11-29,USR-00899,The Great Gatsby,Classic,28
TXN-20240518-00087,2024-05-18,USR-00377,The Book Thief,Historical Fiction,28
TXN-20230312-00088,2023-03-12,USR-00223,The Name of the Wind,Fantasy,14
TXN-20231202-00089,2023-12-02,USR-00548,The Name of the Wind,Fantasy,14
TXN-20240915-00090,2024-09-15,USR-00934,The Fellowship of the Ring,Fantasy,7
TXN-20260416-00091,2026-04-16,USR-00752,Steve Jobs,Biography,14
TXN-20240427-00092,2024-04-27,USR-00480,Gone Girl,Mystery,7
TXN-20230115-00093,2023-01-15,USR-00990,Becoming,Memoir,28
TXN-20250509-00094,2025-05-09,USR-00893,Becoming,Memoir,21
TXN-20250128-00095,2025-01-28,USR-00825,The Book Thief,Historical Fiction,7
TXN-20240409-00096,2024-04-09,USR-00071,The House in the Cerulean Sea,Young Adult,14
TXN-20260425-00097,2026-04-25,USR-00683,Pride and Prejudice,Classic,35
TXN-20250929-00098,2025-09-29,USR-01009,The Psychology of Money,Business,7
TXN-20240510-00099,2024-05-10,USR-00095,A Brief History of Time,Science,7
TXN-20230217-00100,2023-02-17,USR-01153,Matilda,Children's,42
TXN-20241130-00101,2024-11-30,USR-01278,All the Light We Cannot See,Historical Fiction,21
TXN-20250101-00102,2025-01-01,USR-01100,The Martian,Science Fiction,14
TXN-20260418-00103,2026-04-18,USR-01250,Where the Crawdads Sing,Literary Fiction,28
TXN-20250130-00104,2025-01-30,USR-00434,"Thinking, Fast and Slow",Psychology,14
TXN-20240407-00105,2024-04-07,USR-00485,Steve Jobs,Biography,7
TXN-20250722-00106,2025-07-22,USR-00298,The Very Hungry Caterpillar,Children's,42
TXN-20260502-00107,2026-05-02,USR-00105,Braiding Sweetgrass,Nature,42
TXN-20251022-00108,2025-10-22,USR-00107,"Thinking, Fast and Slow",Psychology,14
TXN-20240130-00109,2024-01-30,USR-00210,Braiding Sweetgrass,Nature,35
TXN-20240310-00110,2024-03-10,USR-00992,The House in the Cerulean Sea,Young Adult,14
TXN-20260327-00111,2026-03-27,USR-00741,Project Hail Mary,Science Fiction,10
TXN-20250718-00112,2025-07-18,USR-00589,The Fellowship of the Ring,Fantasy,35
TXN-20240212-00113,2024-02-12,USR-00690,The House in the Cerulean Sea,Young Adult,7
TXN-20250209-00114,2025-02-09,USR-00162,Pride and Prejudice,Classic,10
TXN-20250303-00115,2025-03-03,USR-01239,Project Hail Mary,Science Fiction,7
TXN-20231027-00116,2023-10-27,USR-00260,The Hobbit,Fantasy,14
TXN-20260320-00117,2026-03-20,USR-00237,The Art of War,Philosophy,14
TXN-20230905-00118,2023-09-05,USR-00320,The Wright Brothers,History,14
TXN-20250606-00119,2025-06-06,USR-00421,The Psychology of Money,Business,10
TXN-20250306-00120,2025-03-06,USR-00798,The Hobbit,Fantasy,7
TXN-20250522-00121,2025-05-22,USR-00567,The Art of War,Philosophy,7
TXN-20230218-00122,2023-02-18,USR-00845,The Hobbit,Fantasy,7
TXN-20230702-00123,2023-07-02,USR-00385,Steve Jobs,Biography,21
TXN-20260727-00124,2026-07-27,USR-01317,A Game of Thrones,Fantasy,21
TXN-20260709-00125,2026-07-09,USR-00946,Educated,Memoir,42
TXN-20250830-00126,2025-08-30,USR-00522,Charlotte's Web,Children's,28
TXN-20230210-00127,2023-02-10,USR-00647,Meditations,Philosophy,7
TXN-20230204-00128,2023-02-04,USR-00907,The Name of the Wind,Fantasy,14
TXN-20240615-00129,2024-06-15,USR-00720,All the Light We Cannot See,Historical Fiction,21
TXN-20230616-00130,2023-06-16,USR-00079,The Guest List,Thriller,28
TXN-20260421-00131,2026-04-21,USR-00670,Where the Crawdads Sing,Literary Fiction,7
TXN-20240919-00132,2024-09-19,USR-01167,The Silent Patient,Thriller,28
TXN-20240517-00133,2024-05-17,USR-00458,Steve Jobs,Biography,21
TXN-20260609-00134,2026-06-09,USR-00522,The Silent Patient,Thriller,10
TXN-20240704-00135,2024-07-04,USR-01012,The Diary of a Young Girl,Biography,42
TXN-20250506-00136,2025-05-06,USR-00347,The Diary of a Young Girl,Biography,14
TXN-20250716-00137,2025-07-16,USR-00286,The Midnight Library,Contemporary Fiction,7
TXN-20240102-00138,2024-01-02,USR-00077,Gone Girl,Mystery,42
TXN-20260401-00139,2026-04-01,USR-00253,All the Light We Cannot See,Historical Fiction,7
TXN-20230315-00140,2023-03-15,USR-00083,To Kill a Mockingbird,Classic,10
TXN-20230506-00141,2023-05-06,USR-01028,Sapiens,History,14
TXN-20230925-00142,2023-09-25,USR-00925,The Psychology of Money,Business,7
TXN-20260320-00143,2026-03-20,USR-00342,All the Light We Cannot See,Historical Fiction,14
TXN-20260729-00144,2026-07-29,USR-00934,The Kite Runner,Literary Fiction,10
TXN-20260117-00145,2026-01-17,USR-01140,The Psychology of Money,Business,42
TXN-20240219-00146,2024-02-19,USR-00538,Project Hail Mary,Science Fiction,28
TXN-20250903-00147,2025-09-03,USR-00727,The Da Vinci Code,Thriller,21
TXN-20260718-00148,2026-07-18,USR-00722,The House in the Cerulean Sea,Young Adult,21
TXN-20231103-00149,2023-11-03,USR-00647,Atomic Habits,Self-Help,21
TXN-20240113-00150,2024-01-13,USR-01222,Becoming,Memoir,10
TXN-20230704-00151,2023-07-04,USR-00898,Atomic Habits,Self-Help,28
TXN-20240912-00152,2024-09-12,USR-01266,Project Hail Mary,Science Fiction,14
TXN-20231124-00153,2023-11-24,USR-00886,Braiding Sweetgrass,Nature,7
TXN-20240822-00154,2024-08-22,USR-00046,"Thinking, Fast and Slow",Psychology,14
TXN-20250812-00155,2025-08-12,USR-00120,Meditations,Philosophy,7
TXN-20240318-00156,2024-03-18,USR-01125,The Hobbit,Fantasy,35
TXN-20230213-00157,2023-02-13,USR-00038,The Midnight Library,Contemporary Fiction,21
TXN-20240409-00158,2024-04-09,USR-01188,Sapiens,History,7
TXN-20241227-00159,2024-12-27,USR-01375,The Diary of a Young Girl,Biography,14
TXN-20240724-00160,2024-07-24,USR-00928,The House in the Cerulean Sea,Young Adult,14
TXN-20241108-00161,2024-11-08,USR-01267,The Midnight Library,Contemporary Fiction,7
TXN-20240201-00162,2024-02-01,USR-00267,Dune,Science Fiction,21
TXN-20251009-00163,2025-10-09,USR-01295,The Girl with the Dragon Tattoo,Mystery,28
TXN-20230807-00164,2023-08-07,USR-00319,All the Light We Cannot See,Historical Fiction,35
TXN-20260419-00165,2026-04-19,USR-01260,The Hate U Give,Young Adult,28
TXN-20260620-00166,2026-06-20,USR-00884,All the Light We Cannot See,Historical Fiction,21
TXN-20230423-00167,2023-04-23,USR-01103,The House in the Cerulean Sea,Young Adult,14
TXN-20230410-00168,2023-04-10,USR-00488,Meditations,Philosophy,28
TXN-20240318-00169,2024-03-18,USR-01159,The Left Hand of Darkness,Science Fiction,35
TXN-20260212-00170,2026-02-12,USR-00354,Educated,Memoir,21
TXN-20240719-00171,2024-07-19,USR-00748,Project Hail Mary,Science Fiction,35
TXN-20240513-00172,2024-05-13,USR-01114,The Left Hand of Darkness,Science Fiction,35
TXN-20240501-00173,2024-05-01,USR-00705,The Guest List,Thriller,14
TXN-20230129-00174,2023-01-29,USR-00652,To Kill a Mockingbird,Classic,7
TXN-20240611-00175,2024-06-11,USR-00045,The Wright Brothers,History,10
TXN-20241116-00176,2024-11-16,USR-00098,"Thinking, Fast and Slow",Psychology,28
TXN-20250204-00177,2025-02-04,USR-00771,Braiding Sweetgrass,Nature,14
TXN-20241029-00178,2024-10-29,USR-01143,The Fellowship of the Ring,Fantasy,28
TXN-20260507-00179,2026-05-07,USR-01211,The Name of the Wind,Fantasy,7
TXN-20251008-00180,2025-10-08,USR-00305,Braiding Sweetgrass,Nature,14
TXN-20230514-00181,2023-05-14,USR-00301,Matilda,Children's,10
TXN-20260429-00182,2026-04-29,USR-01123,The Guest List,Thriller,21
TXN-20250924-00183,2025-09-24,USR-00201,The Very Hungry Caterpillar,Children's,28
TXN-20250906-00184,2025-09-06,USR-00896,The Wright Brothers,History,10
TXN-20231029-00185,2023-10-29,USR-00247,Atomic Habits,Self-Help,7
TXN-20230128-00186,2023-01-28,USR-00954,The Hobbit,Fantasy,21
TXN-20230405-00187,2023-04-05,USR-00448,The Book Thief,Historical Fiction,35
TXN-20230102-00188,2023-01-02,USR-01270,A Brief History of Time,Science,7
TXN-20260520-00189,2026-05-20,USR-00509,The Psychology of Money,Business,10
TXN-20240311-00190,2024-03-11,USR-00407,Pride and Prejudice,Classic,14
TXN-20230308-00191,2023-03-08,USR-00002,Steve Jobs,Biography,10
TXN-20250406-00192,2025-04-06,USR-00802,The Kite Runner,Literary Fiction,10
TXN-20240725-00193,2024-07-25,USR-01068,The Kite Runner,Literary Fiction,14
TXN-20250220-00194,2025-02-20,USR-01193,Dune,Science Fiction,21
TXN-20240523-00195,2024-05-23,USR-01061,The Hate U Give,Young Adult,28
TXN-20250711-00196,2025-07-11,USR-01375,The Thursday Murder Club,Mystery,14
TXN-20251124-00197,2025-11-24,USR-00326,The Midnight Library,Contemporary Fiction,28
TXN-20240608-00198,2024-06-08,USR-01103,Meditations,Philosophy,14
TXN-20260228-00199,2026-02-28,USR-01315,A Game of Thrones,Fantasy,7
TXN-20260617-00200,2026-06-17,USR-00123,The Hobbit,Fantasy,21
TXN-20240829-00201,2024-08-29,USR-00444,Project Hail Mary,Science Fiction,14
TXN-20250928-00202,2025-09-28,USR-00748,The Guest List,Thriller,7
TXN-20260714-00203,2026-07-14,USR-00682,Charlotte's Web,Children's,28
TXN-20240122-00204,2024-01-22,USR-00366,Atomic Habits,Self-Help,28
TXN-20251205-00205,2025-12-05,USR-00081,The Martian,Science Fiction,42
TXN-20250329-00206,2025-03-29,USR-00492,The Wright Brothers,History,14
TXN-20240520-00207,2024-05-20,USR-01043,The Hobbit,Fantasy,7
TXN-20240517-00208,2024-05-17,USR-00148,The Midnight Library,Contemporary Fiction,21
TXN-20250823-00209,2025-08-23,USR-01126,Dune,Science Fiction,42
TXN-20240914-00210,2024-09-14,USR-00193,Where the Crawdads Sing,Literary Fiction,21
TXN-20250225-00211,2025-02-25,USR-00382,Becoming,Memoir,35
TXN-20230803-00212,2023-08-03,USR-00376,Charlotte's Web,Children's,28
TXN-20230905-00213,2023-09-05,USR-00040,The Midnight Library,Contemporary Fiction,35
TXN-20260322-00214,2026-03-22,USR-00339,The Fellowship of the Ring,Fantasy,10
TXN-20240730-00215,2024-07-30,USR-00921,The House in the Cerulean Sea,Young Adult,14
TXN-20240919-00216,2024-09-19,USR-00353,Matilda,Children's,7
TXN-20251121-00217,2025-11-21,USR-00193,The Wright Brothers,History,14
TXN-20230409-00218,2023-04-09,USR-00387,Becoming,Memoir,21
TXN-20250529-00219,2025-05-29,USR-00462,The Diary of a Young Girl,Biography,14
TXN-20250114-00220,2025-01-14,USR-00321,To Kill a Mockingbird,Classic,28
TXN-20240313-00221,2024-03-13,USR-00401,To Kill a Mockingbird,Classic,14
TXN-20241006-00222,2024-10-06,USR-01296,Pride and Prejudice,Classic,7
TXN-20241026-00223,2024-10-26,USR-00519,Gone Girl,Mystery,42
TXN-20250616-00224,2025-06-16,USR-01196,The House in the Cerulean Sea,Young Adult,14
TXN-20240418-00225,2024-04-18,USR-00263,A Game of Thrones,Fantasy,28
TXN-20240216-00226,2024-02-16,USR-01071,A Brief History of Time,Science,28
TXN-20231018-00227,2023-10-18,USR-00460,The Girl with the Dragon Tattoo,Mystery,10
TXN-20250405-00228,2025-04-05,USR-00103,Braiding Sweetgrass,Nature,28
TXN-20250922-00229,2025-09-22,USR-01298,The Guest List,Thriller,35
TXN-20230508-00230,2023-05-08,USR-00097,Where the Crawdads Sing,Literary Fiction,14
TXN-20250715-00231,2025-07-15,USR-00042,The Book Thief,Historical Fiction,21
TXN-20240229-00232,2024-02-29,USR-01320,"Thinking, Fast and Slow",Psychology,14
TXN-20231209-00233,2023-12-09,USR-01086,Becoming,Memoir,14
TXN-20240121-00234,2024-01-21,USR-00874,Becoming,Memoir,14
TXN-20260703-00235,2026-07-03,USR-00548,The Diary of a Young Girl,Biography,7
TXN-20240516-00236,2024-05-16,USR-00607,All the Light We Cannot See,Historical Fiction,7
TXN-20230507-00237,2023-05-07,USR-01399,A Game of Thrones,Fantasy,28
TXN-20251121-00238,2025-11-21,USR-00760,The Art of War,Philosophy,14
TXN-20251101-00239,2025-11-01,USR-00328,Sapiens,History,42
TXN-20250501-00240,2025-05-01,USR-00352,The Hobbit,Fantasy,14
TXN-20240926-00241,2024-09-26,USR-00947,Meditations,Philosophy,10
TXN-20241206-00242,2024-12-06,USR-00105,Educated,Memoir,7
TXN-20230924-00243,2023-09-24,USR-00132,Meditations,Philosophy,10
TXN-20251004-00244,2025-10-04,USR-00903,The Great Gatsby,Classic,14
TXN-20230829-00245,2023-08-29,USR-00706,The Da Vinci Code,Thriller,7
TXN-20230126-00246,2023-01-26,USR-00589,Dune,Science Fiction,21
TXN-20230706-00247,2023-07-06,USR-00051,Atomic Habits,Self-Help,7
TXN-20250925-00248,2025-09-25,USR-00306,The Martian,Science Fiction,10
TXN-20230623-00249,2023-06-23,USR-00865,The Art of War,Philosophy,42
TXN-20260529-00250,2026-05-29,USR-00761,The Art of War,Philosophy,21
TXN-20260511-00251,2026-05-11,USR-00653,The Hobbit,Fantasy,7
TXN-20250126-00252,2025-01-26,USR-01044,The Hate U Give,Young Adult,14
TXN-20260611-00253,2026-06-11,USR-00556,The Art of War,Philosophy,14
TXN-20250430-00254,2025-04-30,USR-01373,The Left Hand of Darkness,Science Fiction,7
TXN-20260113-00255,2026-01-13,USR-01319,Project Hail Mary,Science Fiction,14
TXN-20250527-00256,2025-05-27,USR-01376,Pride and Prejudice,Classic,14
TXN-20241007-00257,2024-10-07,USR-00395,Becoming,Memoir,28
TXN-20251121-00258,2025-11-21,USR-00921,Steve Jobs,Biography,10
TXN-20250814-00259,2025-08-14,USR-01385,The Silent Patient,Thriller,14
TXN-20241121-00260,2024-11-21,USR-00671,Pride and Prejudice,Classic,14
TXN-20240830-00261,2024-08-30,USR-00819,"Thinking, Fast and Slow",Psychology,28
TXN-20260320-00262,2026-03-20,USR-00982,The Midnight Library,Contemporary Fiction,7
TXN-20241123-00263,2024-11-23,USR-01274,The Midnight Library,Contemporary Fiction,21
TXN-20231221-00264,2023-12-21,USR-00545,All the Light We Cannot See,Historical Fiction,14
TXN-20260604-00265,2026-06-04,USR-00425,The Silent Patient,Thriller,14
TXN-20251122-00266,2025-11-22,USR-00350,The Book Thief,Historical Fiction,28
TXN-20260203-00267,2026-02-03,USR-00838,The Midnight Library,Contemporary Fiction,42
TXN-20230925-00268,2023-09-25,USR-00404,Charlotte's Web,Children's,14
TXN-20260621-00269,2026-06-21,USR-01302,The Fellowship of the Ring,Fantasy,14
TXN-20240515-00270,2024-05-15,USR-00374,The Hate U Give,Young Adult,7
TXN-20241206-00271,2024-12-06,USR-00492,The Left Hand of Darkness,Science Fiction,14
TXN-20240501-00272,2024-05-01,USR-01377,The Da Vinci Code,Thriller,10
TXN-20230205-00273,2023-02-05,USR-00376,The Diary of a Young Girl,Biography,10
TXN-20230109-00274,2023-01-09,USR-00497,The Left Hand of Darkness,Science Fiction,21
TXN-20230916-00275,2023-09-16,USR-00955,A Brief History of Time,Science,14
TXN-20230517-00276,2023-05-17,USR-00452,Steve Jobs,Biography,10
TXN-20251109-00277,2025-11-09,USR-00343,Braiding Sweetgrass,Nature,7
TXN-20230716-00278,2023-07-16,USR-00790,The Thursday Murder Club,Mystery,14
TXN-20251230-00279,2025-12-30,USR-00184,Braiding Sweetgrass,Nature,35
TXN-20250426-00280,2025-04-26,USR-00021,The Diary of a Young Girl,Biography,14
TXN-20240817-00281,2024-08-17,USR-01006,Gone Girl,Mystery,28
TXN-20260428-00282,2026-04-28,USR-00294,The Kite Runner,Literary Fiction,21
TXN-20240128-00283,2024-01-28,USR-00114,The Thursday Murder Club,Mystery,28
TXN-20250313-00284,2025-03-13,USR-00607,The Diary of a Young Girl,Biography,42
TXN-20240901-00285,2024-09-01,USR-00416,Becoming,Memoir,7
TXN-20250324-00286,2025-03-24,USR-00954,The Martian,Science Fiction,21
TXN-20260817-00287,2026-08-17,USR-00795,Steve Jobs,Biography,14
TXN-20250510-00288,2025-05-10,USR-00611,The Name of the Wind,Fantasy,21
TXN-20230111-00289,2023-01-11,USR-00207,The Girl with the Dragon Tattoo,Mystery,28
TXN-20240408-00290,2024-04-08,USR-00359,The Name of the Wind,Fantasy,10
TXN-20240227-00291,2024-02-27,USR-00128,The Very Hungry Caterpillar,Children's,10
TXN-20260706-00292,2026-07-06,USR-00244,Matilda,Children's,28
TXN-20250406-00293,2025-04-06,USR-01131,"Thinking, Fast and Slow",Psychology,42
TXN-20250115-00294,2025-01-15,USR-01277,All the Light We Cannot See,Historical Fiction,42
TXN-20240116-00295,2024-01-16,USR-00605,All the Light We Cannot See,Historical Fiction,7
TXN-20260222-00296,2026-02-22,USR-01266,The Fellowship of the Ring,Fantasy,14
TXN-20250703-00297,2025-07-03,USR-00003,A Brief History of Time,Science,7
TXN-20250205-00298,2025-02-05,USR-00194,The Da Vinci Code,Thriller,10
TXN-20230406-00299,2023-04-06,USR-00643,Atomic Habits,Self-Help,28
TXN-20240324-00300,2024-03-24,USR-01124,Sapiens,History,10
TXN-20230309-00301,2023-03-09,USR-00631,The Name of the Wind,Fantasy,7
TXN-20230909-00302,2023-09-09,USR-01052,The Art of War,Philosophy,28
TXN-20250219-00303,2025-02-19,USR-01327,The Guest List,Thriller,10
TXN-20250421-00304,2025-04-21,USR-01089,Braiding Sweetgrass,Nature,28
TXN-20250208-00305,2025-02-08,USR-00956,The Martian,Science Fiction,10
TXN-20231026-00306,2023-10-26,USR-00985,The Girl with the Dragon Tattoo,Mystery,10
TXN-20230119-00307,2023-01-19,USR-00541,To Kill a Mockingbird,Classic,14
TXN-20251109-00308,2025-11-09,USR-00392,The Book Thief,Historical Fiction,10
TXN-20250629-00309,2025-06-29,USR-01191,Braiding Sweetgrass,Nature,28
TXN-20230422-00310,2023-04-22,USR-01258,The Left Hand of Darkness,Science Fiction,14
TXN-20240702-00311,2024-07-02,USR-01111,The Great Gatsby,Classic,14
TXN-20230924-00312,2023-09-24,USR-00165,Steve Jobs,Biography,14
TXN-20260525-00313,2026-05-25,USR-00758,The Left Hand of Darkness,Science Fiction,21
TXN-20240312-00314,2024-03-12,USR-00003,Pride and Prejudice,Classic,35
TXN-20231110-00315,2023-11-10,USR-00737,Meditations,Philosophy,7
TXN-20231103-00316,2023-11-03,USR-00376,The Girl with the Dragon Tattoo,Mystery,10
TXN-20250202-00317,2025-02-02,USR-00824,A Brief History of Time,Science,28
TXN-20231019-00318,2023-10-19,USR-00357,The Midnight Library,Contemporary Fiction,28
TXN-20260525-00319,2026-05-25,USR-00138,Becoming,Memoir,35
TXN-20250730-00320,2025-07-30,USR-00967,The Left Hand of Darkness,Science Fiction,7
TXN-20230618-00321,2023-06-18,USR-01240,A Game of Thrones,Fantasy,14
TXN-20240208-00322,2024-02-08,USR-00402,"Thinking, Fast and Slow",Psychology,35
TXN-20240917-00323,2024-09-17,USR-01381,The Book Thief,Historical Fiction,14
TXN-20241117-00324,2024-11-17,USR-00191,All the Light We Cannot See,Historical Fiction,10
TXN-20260528-00325,2026-05-28,USR-00277,Educated,Memoir,35
TXN-20260703-00326,2026-07-03,USR-01298,The Left Hand of Darkness,Science Fiction,28
TXN-20260609-00327,2026-06-09,USR-00626,The Kite Runner,Literary Fiction,14
TXN-20230810-00328,2023-08-10,USR-01351,The Kite Runner,Literary Fiction,14
TXN-20250724-00329,2025-07-24,USR-01364,The Wright Brothers,History,14
TXN-20260706-00330,2026-07-06,USR-00022,Sapiens,History,7
TXN-20230426-00331,2023-04-26,USR-00457,Where the Crawdads Sing,Literary Fiction,21
TXN-20240414-00332,2024-04-14,USR-01335,The Fellowship of the Ring,Fantasy,28
TXN-20230516-00333,2023-05-16,USR-00228,The Da Vinci Code,Thriller,28
TXN-20230309-00334,2023-03-09,USR-00310,Charlotte's Web,Children's,7
TXN-20260403-00335,2026-04-03,USR-01226,Educated,Memoir,10
TXN-20241101-00336,2024-11-01,USR-00156,The Book Thief,Historical Fiction,7
TXN-20240222-00337,2024-02-22,USR-00028,The Hate U Give,Young Adult,7
TXN-20241027-00338,2024-10-27,USR-01187,The Midnight Library,Contemporary Fiction,7
TXN-20230524-00339,2023-05-24,USR-00784,The Hobbit,Fantasy,35
TXN-20240419-00340,2024-04-19,USR-00689,To Kill a Mockingbird,Classic,42
TXN-20250210-00341,2025-02-10,USR-01293,The Guest List,Thriller,14
TXN-20250519-00342,2025-05-19,USR-00911,Educated,Memoir,14
TXN-20260227-00343,2026-02-27,USR-01224,The Martian,Science Fiction,14
TXN-20241121-00344,2024-11-21,USR-00007,The Martian,Science Fiction,14
TXN-20251101-00345,2025-11-01,USR-00263,Dune,Science Fiction,35
TXN-20241111-00346,2024-11-11,USR-00905,Matilda,Children's,14
TXN-20230904-00347,2023-09-04,USR-00215,The Midnight Library,Contemporary Fiction,7
TXN-20230201-00348,2023-02-01,USR-00320,"Thinking, Fast and Slow",Psychology,14
TXN-20260805-00349,2026-08-05,USR-01222,The Silent Patient,Thriller,35
TXN-20240120-00350,2024-01-20,USR-01300,Sapiens,History,28
TXN-20250221-00351,2025-02-21,USR-00540,The Da Vinci Code,Thriller,14
TXN-20260428-00352,2026-04-28,USR-00312,The Hobbit,Fantasy,21
TXN-20230212-00353,2023-02-12,USR-00837,A Brief History of Time,Science,7
TXN-20260728-00354,2026-07-28,USR-00668,The Martian,Science Fiction,14
TXN-20250401-00355,2025-04-01,USR-00036,Steve Jobs,Biography,7
TXN-20251001-00356,2025-10-01,USR-00479,Charlotte's Web,Children's,42
TXN-20230422-00357,2023-04-22,USR-00497,Pride and Prejudice,Classic,7
TXN-20260410-00358,2026-04-10,USR-01362,Charlotte's Web,Children's,7
TXN-20240721-00359,2024-07-21,USR-01129,The Left Hand of Darkness,Science Fiction,42
TXN-20231213-00360,2023-12-13,USR-00066,A Brief History of Time,Science,7
TXN-20230824-00361,2023-08-24,USR-00449,Charlotte's Web,Children's,14
TXN-20231224-00362,2023-12-24,USR-00852,The Guest List,Thriller,10
TXN-20240321-00363,2024-03-21,USR-00771,To Kill a Mockingbird,Classic,28
TXN-20251230-00364,2025-12-30,USR-01003,Meditations,Philosophy,14
TXN-20251129-00365,2025-11-29,USR-00936,The Kite Runner,Literary Fiction,14
TXN-20251113-00366,2025-11-13,USR-01266,The Thursday Murder Club,Mystery,28
TXN-20240531-00367,2024-05-31,USR-01380,The Wright Brothers,History,10
TXN-20230311-00368,2023-03-11,USR-00645,A Brief History of Time,Science,7
TXN-20240805-00369,2024-08-05,USR-00535,Where the Crawdads Sing,Literary Fiction,28
TXN-20230718-00370,2023-07-18,USR-00720,The Art of War,Philosophy,7
TXN-20260514-00371,2026-05-14,USR-00775,A Brief History of Time,Science,42
TXN-20240615-00372,2024-06-15,USR-01309,Charlotte's Web,Children's,28
TXN-20230807-00373,2023-08-07,USR-00092,Pride and Prejudice,Classic,14
TXN-20250607-00374,2025-06-07,USR-00065,All the Light We Cannot See,Historical Fiction,14
TXN-20230608-00375,2023-06-08,USR-00316,Steve Jobs,Biography,21
TXN-20250525-00376,2025-05-25,USR-00212,Braiding Sweetgrass,Nature,42
TXN-20230829-00377,2023-08-29,USR-01064,The Kite Runner,Literary Fiction,14
TXN-20251101-00378,2025-11-01,USR-01217,A Brief History of Time,Science,21
TXN-20250226-00379,2025-02-26,USR-00438,The Psychology of Money,Business,7
TXN-20250111-00380,2025-01-11,USR-00404,A Game of Thrones,Fantasy,28
TXN-20240524-00381,2024-05-24,USR-01051,Charlotte's Web,Children's,7
TXN-20250501-00382,2025-05-01,USR-01298,The Fellowship of the Ring,Fantasy,21
TXN-20260502-00383,2026-05-02,USR-00394,Sapiens,History,14
TXN-20240307-00384,2024-03-07,USR-00713,The Book Thief,Historical Fiction,10
TXN-20260517-00385,2026-05-17,USR-00540,A Game of Thrones,Fantasy,14
TXN-20250706-00386,2025-07-06,USR-00773,To Kill a Mockingbird,Classic,21
TXN-20230927-00387,2023-09-27,USR-00786,A Game of Thrones,Fantasy,10
TXN-20231119-00388,2023-11-19,USR-01075,The Midnight Library,Contemporary Fiction,14
TXN-20251106-00389,2025-11-06,USR-01235,The Guest List,Thriller,7
TXN-20230911-00390,2023-09-11,USR-00386,Becoming,Memoir,28
TXN-20250709-00391,2025-07-09,USR-00507,The Thursday Murder Club,Mystery,42
TXN-20231007-00392,2023-10-07,USR-00878,The Diary of a Young Girl,Biography,10
TXN-20240219-00393,2024-02-19,USR-00201,The Hobbit,Fantasy,10
TXN-20251231-00394,2025-12-31,USR-00901,The Name of the Wind,Fantasy,7
TXN-20231209-00395,2023-12-09,USR-00678,The Name of the Wind,Fantasy,21
TXN-20240212-00396,2024-02-12,USR-00095,A Brief History of Time,Science,21
TXN-20260109-00397,2026-01-09,USR-00797,The Silent Patient,Thriller,10
TXN-20230929-00398,2023-09-29,USR-00036,The Very Hungry Caterpillar,Children's,21
TXN-20230131-00399,2023-01-31,USR-00182,The Great Gatsby,Classic,35
TXN-20240415-00400,2024-04-15,USR-00423,The Name of the Wind,Fantasy,14
TXN-20230705-00401,2023-07-05,USR-01219,A Brief History of Time,Science,10
TXN-20241029-00402,2024-10-29,USR-00602,Charlotte's Web,Children's,28
TXN-20260410-00403,2026-04-10,USR-01006,The Martian,Science Fiction,28
TXN-20241002-00404,2024-10-02,USR-00822,The Book Thief,Historical Fiction,10
TXN-20230703-00405,2023-07-03,USR-01230,Becoming,Memoir,28
TXN-20260622-00406,2026-06-22,USR-00439,The Kite Runner,Literary Fiction,21
TXN-20230617-00407,2023-06-17,USR-00978,The Fellowship of the Ring,Fantasy,28
TXN-20250702-00408,2025-07-02,USR-00048,Sapiens,History,7
TXN-20240331-00409,2024-03-31,USR-00502,Becoming,Memoir,7
TXN-20240814-00410,2024-08-14,USR-00557,The Left Hand of Darkness,Science Fiction,14
TXN-20260409-00411,2026-04-09,USR-00501,The Girl with the Dragon Tattoo,Mystery,14
TXN-20240606-00412,2024-06-06,USR-00597,Pride and Prejudice,Classic,7
TXN-20240915-00413,2024-09-15,USR-01155,A Game of Thrones,Fantasy,28
TXN-20230424-00414,2023-04-24,USR-00670,Dune,Science Fiction,21
TXN-20260204-00415,2026-02-04,USR-00892,The Left Hand of Darkness,Science Fiction,14
TXN-20230131-00416,2023-01-31,USR-00036,The Art of War,Philosophy,28
TXN-20260816-00417,2026-08-16,USR-00491,The Thursday Murder Club,Mystery,28
TXN-20251006-00418,2025-10-06,USR-00335,Dune,Science Fiction,7
TXN-20250621-00419,2025-06-21,USR-01323,The Da Vinci Code,Thriller,14
TXN-20250114-00420,2025-01-14,USR-00546,Matilda,Children's,10
TXN-20250801-00421,2025-08-01,USR-00532,"Thinking, Fast and Slow",Psychology,14
TXN-20250610-00422,2025-06-10,USR-00088,A Brief History of Time,Science,7
TXN-20250620-00423,2025-06-20,USR-01352,Becoming,Memoir,14
TXN-20230423-00424,2023-04-23,USR-00255,The Silent Patient,Thriller,42
TXN-20240201-00425,2024-02-01,USR-00761,The Book Thief,Historical Fiction,28
TXN-20260603-00426,2026-06-03,USR-01186,The Art of War,Philosophy,21
TXN-20240208-00427,2024-02-08,USR-00669,The Art of War,Philosophy,14
TXN-20240527-00428,2024-05-27,USR-01380,The Thursday Murder Club,Mystery,21
TXN-20260404-00429,2026-04-04,USR-00654,The Martian,Science Fiction,7
TXN-20230628-00430,2023-06-28,USR-01139,The Silent Patient,Thriller,35
TXN-20250922-00431,2025-09-22,USR-00224,The Martian,Science Fiction,7
TXN-20240920-00432,2024-09-20,USR-00159,The Thursday Murder Club,Mystery,7
TXN-20250408-00433,2025-04-08,USR-00822,The House in the Cerulean Sea,Young Adult,21
TXN-20260306-00434,2026-03-06,USR-00449,Where the Crawdads Sing,Literary Fiction,35
TXN-20240929-00435,2024-09-29,USR-00571,The Art of War,Philosophy,28
TXN-20230814-00436,2023-08-14,USR-00593,Matilda,Children's,14
TXN-20230915-00437,2023-09-15,USR-01348,The House in the Cerulean Sea,Young Adult,14
TXN-20240306-00438,2024-03-06,USR-00949,A Game of Thrones,Fantasy,14
TXN-20260112-00439,2026-01-12,USR-00204,The Thursday Murder Club,Mystery,28
TXN-20250619-00440,2025-06-19,USR-00183,Matilda,Children's,21
TXN-20240826-00441,2024-08-26,USR-00120,The Hate U Give,Young Adult,42
TXN-20260120-00442,2026-01-20,USR-01342,The Art of War,Philosophy,35
TXN-20241224-00443,2024-12-24,USR-00894,Becoming,Memoir,7
TXN-20230518-00444,2023-05-18,USR-00865,The Kite Runner,Literary Fiction,10
TXN-20260531-00445,2026-05-31,USR-00975,The Name of the Wind,Fantasy,14
TXN-20240828-00446,2024-08-28,USR-01132,The Guest List,Thriller,21
TXN-20240327-00447,2024-03-27,USR-00426,All the Light We Cannot See,Historical Fiction,14
TXN-20230413-00448,2023-04-13,USR-00350,Where the Crawdads Sing,Literary Fiction,10
TXN-20240728-00449,2024-07-28,USR-00832,The Kite Runner,Literary Fiction,7
TXN-20241103-00450,2024-11-03,USR-00371,The Hate U Give,Young Adult,21
TXN-20241002-00451,2024-10-02,USR-00738,The Art of War,Philosophy,35
TXN-20231220-00452,2023-12-20,USR-00259,The Wright Brothers,History,21
TXN-20250121-00453,2025-01-21,USR-00631,Charlotte's Web,Children's,14
TXN-20230709-00454,2023-07-09,USR-00786,Matilda,Children's,7
TXN-20240315-00455,2024-03-15,USR-00657,The Hate U Give,Young Adult,35
TXN-20260704-00456,2026-07-04,USR-00264,The Left Hand of Darkness,Science Fiction,7
TXN-20240317-00457,2024-03-17,USR-00872,The Martian,Science Fiction,7
TXN-20260601-00458,2026-06-01,USR-01325,The Art of War,Philosophy,35
TXN-20260509-00459,2026-05-09,USR-01237,Project Hail Mary,Science Fiction,10
TXN-20250413-00460,2025-04-13,USR-00623,The Psychology of Money,Business,7
TXN-20250629-00461,2025-06-29,USR-01348,Educated,Memoir,28
TXN-20240611-00462,2024-06-11,USR-00691,The Thursday Murder Club,Mystery,14
TXN-20241023-00463,2024-10-23,USR-01298,The Guest List,Thriller,14
TXN-20240930-00464,2024-09-30,USR-00517,To Kill a Mockingbird,Classic,7
TXN-20230404-00465,2023-04-04,USR-00887,To Kill a Mockingbird,Classic,42
TXN-20250207-00466,2025-02-07,USR-01278,Where the Crawdads Sing,Literary Fiction,28
TXN-20230531-00467,2023-05-31,USR-01360,Educated,Memoir,42
TXN-20230221-00468,2023-02-21,USR-00590,Matilda,Children's,35
TXN-20230202-00469,2023-02-02,USR-01288,The Fellowship of the Ring,Fantasy,10
TXN-20250321-00470,2025-03-21,USR-00513,A Brief History of Time,Science,21
TXN-20230816-00471,2023-08-16,USR-00585,Becoming,Memoir,14
TXN-20250718-00472,2025-07-18,USR-01283,The Psychology of Money,Business,14
TXN-20250804-00473,2025-08-04,USR-00059,The Diary of a Young Girl,Biography,10
TXN-20231227-00474,2023-12-27,USR-00388,Meditations,Philosophy,10
TXN-20260803-00475,2026-08-03,USR-00710,Pride and Prejudice,Classic,28
TXN-20231218-00476,2023-12-18,USR-01176,The Kite Runner,Literary Fiction,7
TXN-20240924-00477,2024-09-24,USR-01353,Pride and Prejudice,Classic,28
TXN-20250120-00478,2025-01-20,USR-00203,The Diary of a Young Girl,Biography,10
TXN-20240320-00479,2024-03-20,USR-00188,The Da Vinci Code,Thriller,28
TXN-20250112-00480,2025-01-12,USR-00920,The Hobbit,Fantasy,10
TXN-20240810-00481,2024-08-10,USR-00305,Charlotte's Web,Children's,10
TXN-20231129-00482,2023-11-29,USR-00498,The Left Hand of Darkness,Science Fiction,14
TXN-20230321-00483,2023-03-21,USR-00924,The Kite Runner,Literary Fiction,28
TXN-20260608-00484,2026-06-08,USR-00182,Project Hail Mary,Science Fiction,28
TXN-20230227-00485,2023-02-27,USR-00974,To Kill a Mockingbird,Classic,28
TXN-20240809-00486,2024-08-09,USR-01395,The Fellowship of the Ring,Fantasy,7
TXN-20250308-00487,2025-03-08,USR-01012,The Midnight Library,Contemporary Fiction,14
TXN-20260413-00488,2026-04-13,USR-00173,The Hate U Give,Young Adult,14
TXN-20250322-00489,2025-03-22,USR-00676,The Thursday Murder Club,Mystery,10
TXN-20230630-00490,2023-06-30,USR-00934,Gone Girl,Mystery,7
TXN-20241224-00491,2024-12-24,USR-00074,The Kite Runner,Literary Fiction,21
TXN-20250306-00492,2025-03-06,USR-00593,The Art of War,Philosophy,7
TXN-20260413-00493,2026-04-13,USR-00921,The Art of War,Philosophy,28
TXN-20251213-00494,2025-12-13,USR-00409,Becoming,Memoir,35
TXN-20231021-00495,2023-10-21,USR-00396,The House in the Cerulean Sea,Young Adult,21
TXN-20240816-00496,2024-08-16,USR-00767,The Name of the Wind,Fantasy,7
TXN-20250709-00497,2025-07-09,USR-00155,All the Light We Cannot See,Historical Fiction,7
TXN-20260613-00498,2026-06-13,USR-01307,The Great Gatsby,Classic,21
TXN-20231130-00499,2023-11-30,USR-01066,The Diary of a Young Girl,Biography,28
TXN-20250529-00500,2025-05-29,USR-00780,The Fellowship of the Ring,Fantasy,42
TXN-20240316-00501,2024-03-16,USR-00494,The Silent Patient,Thriller,14
TXN-20250408-00502,2025-04-08,USR-00847,The Book Thief,Historical Fiction,21
TXN-20230513-00503,2023-05-13,USR-00513,Where the Crawdads Sing,Literary Fiction,10
TXN-20251230-00504,2025-12-30,USR-01216,"Thinking, Fast and Slow",Psychology,21
TXN-20240210-00505,2024-02-10,USR-00463,The Hate U Give,Young Adult,28
TXN-20230403-00506,2023-04-03,USR-00114,Educated,Memoir,28
TXN-20250524-00507,2025-05-24,USR-00441,The Book Thief,Historical Fiction,10
TXN-20240810-00508,2024-08-10,USR-00096,Educated,Memoir,21
TXN-20251117-00509,2025-11-17,USR-00332,The Book Thief,Historical Fiction,10
TXN-20231104-00510,2023-11-04,USR-00998,The Great Gatsby,Classic,42
TXN-20251101-00511,2025-11-01,USR-01371,The Silent Patient,Thriller,28
TXN-20241206-00512,2024-12-06,USR-01016,The Kite Runner,Literary Fiction,28
TXN-20231013-00513,2023-10-13,USR-00454,The Girl with the Dragon Tattoo,Mystery,10
TXN-20240226-00514,2024-02-26,USR-00333,Becoming,Memoir,28
TXN-20260228-00515,2026-02-28,USR-00974,Steve Jobs,Biography,14
TXN-20230713-00516,2023-07-13,USR-00281,Gone Girl,Mystery,14
TXN-20260204-00517,2026-02-04,USR-01004,Dune,Science Fiction,42
TXN-20240517-00518,2024-05-17,USR-00834,The House in the Cerulean Sea,Young Adult,28
TXN-20240719-00519,2024-07-19,USR-00811,Braiding Sweetgrass,Nature,14
TXN-20260723-00520,2026-07-23,USR-00647,The Martian,Science Fiction,7
TXN-20240305-00521,2024-03-05,USR-00315,Educated,Memoir,7
TXN-20260227-00522,2026-02-27,USR-01030,Dune,Science Fiction,14
TXN-20250415-00523,2025-04-15,USR-00473,Gone Girl,Mystery,14
TXN-20260308-00524,2026-03-08,USR-01256,Atomic Habits,Self-Help,7
TXN-20231103-00525,2023-11-03,USR-00216,The Hate U Give,Young Adult,21
TXN-20230907-00526,2023-09-07,USR-00610,The Guest List,Thriller,35
TXN-20260302-00527,2026-03-02,USR-00111,Where the Crawdads Sing,Literary Fiction,21
TXN-20240811-00528,2024-08-11,USR-00175,Atomic Habits,Self-Help,10
TXN-20250611-00529,2025-06-11,USR-00169,The Diary of a Young Girl,Biography,10
TXN-20240118-00530,2024-01-18,USR-00153,Where the Crawdads Sing,Literary Fiction,14
TXN-20240316-00531,2024-03-16,USR-00182,Matilda,Children's,14
TXN-20250308-00532,2025-03-08,USR-01130,Matilda,Children's,7
TXN-20251209-00533,2025-12-09,USR-01208,"Thinking, Fast and Slow",Psychology,35
TXN-20230904-00534,2023-09-04,USR-00869,The Left Hand of Darkness,Science Fiction,10
TXN-20250118-00535,2025-01-18,USR-01181,Atomic Habits,Self-Help,7
TXN-20230601-00536,2023-06-01,USR-00649,The Very Hungry Caterpillar,Children's,28
TXN-20240804-00537,2024-08-04,USR-00073,The Wright Brothers,History,14
TXN-20250110-00538,2025-01-10,USR-00136,Sapiens,History,14
TXN-20230111-00539,2023-01-11,USR-00580,The Thursday Murder Club,Mystery,10
TXN-20230929-00540,2023-09-29,USR-00394,The Left Hand of Darkness,Science Fiction,14
TXN-20250125-00541,2025-01-25,USR-00153,Gone Girl,Mystery,7
TXN-20240109-00542,2024-01-09,USR-01035,The Midnight Library,Contemporary Fiction,14
TXN-20250325-00543,2025-03-25,USR-00966,The Fellowship of the Ring,Fantasy,14
TXN-20230328-00544,2023-03-28,USR-01303,The Kite Runner,Literary Fiction,28
TXN-20260622-00545,2026-06-22,USR-00019,Steve Jobs,Biography,10
TXN-20230127-00546,2023-01-27,USR-00894,The Book Thief,Historical Fiction,14
TXN-20240320-00547,2024-03-20,USR-01379,To Kill a Mockingbird,Classic,42
TXN-20240903-00548,2024-09-03,USR-00524,The Left Hand of Darkness,Science Fiction,21
TXN-20250604-00549,2025-06-04,USR-00161,The Da Vinci Code,Thriller,14
TXN-20251031-00550,2025-10-31,USR-00819,Where the Crawdads Sing,Literary Fiction,28
TXN-20251004-00551,2025-10-04,USR-01246,Sapiens,History,42
TXN-20231207-00552,2023-12-07,USR-00955,Gone Girl,Mystery,21
TXN-20250614-00553,2025-06-14,USR-01331,The Hobbit,Fantasy,28
TXN-20240803-00554,2024-08-03,USR-01232,The Kite Runner,Literary Fiction,7
TXN-20250329-00555,2025-03-29,USR-00125,The Book Thief,Historical Fiction,14
TXN-20230119-00556,2023-01-19,USR-01180,The Fellowship of the Ring,Fantasy,14
TXN-20240520-00557,2024-05-20,USR-00074,Dune,Science Fiction,28
TXN-20240425-00558,2024-04-25,USR-00213,The House in the Cerulean Sea,Young Adult,7
TXN-20240516-00559,2024-05-16,USR-00235,A Brief History of Time,Science,7
TXN-20241218-00560,2024-12-18,USR-00808,The Da Vinci Code,Thriller,10
TXN-20230930-00561,2023-09-30,USR-01071,The Midnight Library,Contemporary Fiction,10
TXN-20260531-00562,2026-05-31,USR-00234,The Fellowship of the Ring,Fantasy,10
TXN-20251206-00563,2025-12-06,USR-00599,Becoming,Memoir,10
TXN-20240721-00564,2024-07-21,USR-00208,The Kite Runner,Literary Fiction,21
TXN-20230702-00565,2023-07-02,USR-00070,Pride and Prejudice,Classic,28
TXN-20230610-00566,2023-06-10,USR-00896,The Kite Runner,Literary Fiction,42
TXN-20241026-00567,2024-10-26,USR-00981,Project Hail Mary,Science Fiction,21
TXN-20250522-00568,2025-05-22,USR-00249,The Girl with the Dragon Tattoo,Mystery,7
TXN-20240203-00569,2024-02-03,USR-00432,The Hobbit,Fantasy,14
TXN-20230226-00570,2023-02-26,USR-00071,The Silent Patient,Thriller,10
TXN-20241017-00571,2024-10-17,USR-00218,"Thinking, Fast and Slow",Psychology,21
TXN-20230615-00572,2023-06-15,USR-00636,Steve Jobs,Biography,42
TXN-20241107-00573,2024-11-07,USR-00260,The Hate U Give,Young Adult,7
TXN-20241209-00574,2024-12-09,USR-00632,The Da Vinci Code,Thriller,21
TXN-20251111-00575,2025-11-11,USR-00166,The Midnight Library,Contemporary Fiction,14
TXN-20231114-00576,2023-11-14,USR-01049,The Art of War,Philosophy,7
TXN-20260124-00577,2026-01-24,USR-00543,The Hobbit,Fantasy,7
TXN-20250706-00578,2025-07-06,USR-00398,The Name of the Wind,Fantasy,7
TXN-20260508-00579,2026-05-08,USR-01231,The Hobbit,Fantasy,28
TXN-20240817-00580,2024-08-17,USR-00878,The Da Vinci Code,Thriller,7
TXN-20230910-00581,2023-09-10,USR-00689,Atomic Habits,Self-Help,28
TXN-20240827-00582,2024-08-27,USR-00267,A Brief History of Time,Science,42
TXN-20241214-00583,2024-12-14,USR-00709,Matilda,Children's,28
TXN-20251227-00584,2025-12-27,USR-00364,The Very Hungry Caterpillar,Children's,7
TXN-20260206-00585,2026-02-06,USR-01067,The Hate U Give,Young Adult,10
TXN-20230816-00586,2023-08-16,USR-01155,Dune,Science Fiction,7
TXN-20260622-00587,2026-06-22,USR-00922,All the Light We Cannot See,Historical Fiction,14
TXN-20250318-00588,2025-03-18,USR-00332,The Midnight Library,Contemporary Fiction,28
TXN-20230216-00589,2023-02-16,USR-01339,Meditations,Philosophy,28
TXN-20230710-00590,2023-07-10,USR-00933,Educated,Memoir,35
TXN-20250720-00591,2025-07-20,USR-00559,Steve Jobs,Biography,35
TXN-20251210-00592,2025-12-10,USR-00534,The Girl with the Dragon Tattoo,Mystery,35
TXN-20241022-00593,2024-10-22,USR-00203,The Martian,Science Fiction,10
TXN-20230921-00594,2023-09-21,USR-01165,The Left Hand of Darkness,Science Fiction,14
TXN-20230521-00595,2023-05-21,USR-00010,Meditations,Philosophy,14
TXN-20250812-00596,2025-08-12,USR-00780,To Kill a Mockingbird,Classic,35
TXN-20230210-00597,2023-02-10,USR-00724,Educated,Memoir,35
TXN-20231127-00598,2023-11-27,USR-01246,Meditations,Philosophy,14
TXN-20260219-00599,2026-02-19,USR-01104,The Very Hungry Caterpillar,Children's,35
TXN-20241104-00600,2024-11-04,USR-00683,The Psychology of Money,Business,7
TXN-20230427-00601,2023-04-27,USR-00281,Meditations,Philosophy,35
TXN-20260220-00602,2026-02-20,USR-00937,The Name of the Wind,Fantasy,14
TXN-20241226-00603,2024-12-26,USR-01248,The Wright Brothers,History,28
TXN-20251101-00604,2025-11-01,USR-00789,All the Light We Cannot See,Historical Fiction,14
TXN-20240210-00605,2024-02-10,USR-00094,The Silent Patient,Thriller,21
TXN-20251208-00606,2025-12-08,USR-00106,The Guest List,Thriller,28
TXN-20231114-00607,2023-11-14,USR-00163,The Kite Runner,Literary Fiction,21
TXN-20230603-00608,2023-06-03,USR-00921,Gone Girl,Mystery,28
TXN-20230411-00609,2023-04-11,USR-00768,Sapiens,History,28
TXN-20250424-00610,2025-04-24,USR-01262,The Art of War,Philosophy,14
TXN-20230314-00611,2023-03-14,USR-01023,The Diary of a Young Girl,Biography,7
TXN-20250625-00612,2025-06-25,USR-01310,A Game of Thrones,Fantasy,28
TXN-20230613-00613,2023-06-13,USR-00630,Meditations,Philosophy,14
TXN-20231107-00614,2023-11-07,USR-00897,Matilda,Children's,21
TXN-20250805-00615,2025-08-05,USR-00391,Meditations,Philosophy,14
TXN-20250828-00616,2025-08-28,USR-00940,To Kill a Mockingbird,Classic,14
TXN-20230304-00617,2023-03-04,USR-01065,The Girl with the Dragon Tattoo,Mystery,14
TXN-20240608-00618,2024-06-08,USR-00418,Braiding Sweetgrass,Nature,14
TXN-20230415-00619,2023-04-15,USR-00558,The Name of the Wind,Fantasy,42
TXN-20231002-00620,2023-10-02,USR-00079,The Name of the Wind,Fantasy,10
TXN-20260415-00621,2026-04-15,USR-00653,The Martian,Science Fiction,7
TXN-20240423-00622,2024-04-23,USR-00289,The Hate U Give,Young Adult,10
TXN-20251101-00623,2025-11-01,USR-00877,The Hate U Give,Young Adult,21
TXN-20240219-00624,2024-02-19,USR-00019,The Girl with the Dragon Tattoo,Mystery,10
TXN-20250905-00625,2025-09-05,USR-00507,The Da Vinci Code,Thriller,7
TXN-20240622-00626,2024-06-22,USR-01166,The Martian,Science Fiction,7
TXN-20250714-00627,2025-07-14,USR-00307,Project Hail Mary,Science Fiction,10
TXN-20230212-00628,2023-02-12,USR-00014,Dune,Science Fiction,14
TXN-20230825-00629,2023-08-25,USR-01213,Pride and Prejudice,Classic,14
TXN-20240530-00630,2024-05-30,USR-00835,A Brief History of Time,Science,14
TXN-20250217-00631,2025-02-17,USR-01344,Meditations,Philosophy,14
TXN-20250914-00632,2025-09-14,USR-01219,The Art of War,Philosophy,35
TXN-20260829-00633,2026-08-29,USR-01163,The Midnight Library,Contemporary Fiction,14
TXN-20240227-00634,2024-02-27,USR-00951,The Great Gatsby,Classic,14
TXN-20250329-00635,2025-03-29,USR-01362,All the Light We Cannot See,Historical Fiction,7
TXN-20250823-00636,2025-08-23,USR-00821,The Girl with the Dragon Tattoo,Mystery,10
TXN-20250524-00637,2025-05-24,USR-00497,The Very Hungry Caterpillar,Children's,14
TXN-20260509-00638,2026-05-09,USR-01173,Braiding Sweetgrass,Nature,21
TXN-20260519-00639,2026-05-19,USR-00750,Gone Girl,Mystery,21
TXN-20251026-00640,2025-10-26,USR-00186,"Thinking, Fast and Slow",Psychology,14
TXN-20260225-00641,2026-02-25,USR-00837,Educated,Memoir,14
TXN-20230825-00642,2023-08-25,USR-00303,The Martian,Science Fiction,28
TXN-20230921-00643,2023-09-21,USR-01248,Pride and Prejudice,Classic,10
TXN-20250829-00644,2025-08-29,USR-00388,Meditations,Philosophy,14
TXN-20230729-00645,2023-07-29,USR-00826,Steve Jobs,Biography,28
TXN-20260604-00646,2026-06-04,USR-00224,Becoming,Memoir,21
TXN-20231025-00647,2023-10-25,USR-00086,The Hobbit,Fantasy,21
TXN-20230311-00648,2023-03-11,USR-00552,The Wright Brothers,History,14
TXN-20240916-00649,2024-09-16,USR-00067,Charlotte's Web,Children's,21
TXN-20240714-00650,2024-07-14,USR-00037,Project Hail Mary,Science Fiction,21
TXN-20240822-00651,2024-08-22,USR-00923,The Kite Runner,Literary Fiction,7
TXN-20240607-00652,2024-06-07,USR-00388,Sapiens,History,14
TXN-20250601-00653,2025-06-01,USR-00256,The Great Gatsby,Classic,7
TXN-20260108-00654,2026-01-08,USR-01397,The Kite Runner,Literary Fiction,21
TXN-20250108-00655,2025-01-08,USR-00980,Charlotte's Web,Children's,7
TXN-20230620-00656,2023-06-20,USR-01331,The Girl with the Dragon Tattoo,Mystery,7
TXN-20230529-00657,2023-05-29,USR-00726,The Psychology of Money,Business,35
TXN-20260308-00658,2026-03-08,USR-01252,The Silent Patient,Thriller,10
TXN-20230104-00659,2023-01-04,USR-00582,Meditations,Philosophy,35
TXN-20260629-00660,2026-06-29,USR-00677,Braiding Sweetgrass,Nature,14
TXN-20240101-00661,2024-01-01,USR-00977,The Kite Runner,Literary Fiction,10
TXN-20240421-00662,2024-04-21,USR-01380,The Left Hand of Darkness,Science Fiction,21
TXN-20250411-00663,2025-04-11,USR-00092,"Thinking, Fast and Slow",Psychology,42
TXN-20240724-00664,2024-07-24,USR-01123,A Game of Thrones,Fantasy,10
TXN-20231030-00665,2023-10-30,USR-00420,The Hobbit,Fantasy,14
TXN-20250919-00666,2025-09-19,USR-01130,The Left Hand of Darkness,Science Fiction,42
TXN-20230710-00667,2023-07-10,USR-01052,Meditations,Philosophy,28
TXN-20241219-00668,2024-12-19,USR-00699,A Brief History of Time,Science,35
TXN-20231203-00669,2023-12-03,USR-00911,Sapiens,History,21
TXN-20250712-00670,2025-07-12,USR-01351,Braiding Sweetgrass,Nature,35
TXN-20251111-00671,2025-11-11,USR-00317,"Thinking, Fast and Slow",Psychology,10
TXN-20231226-00672,2023-12-26,USR-00912,To Kill a Mockingbird,Classic,7
TXN-20240530-00673,2024-05-30,USR-00891,The Girl with the Dragon Tattoo,Mystery,10
TXN-20250511-00674,2025-05-11,USR-01338,The Martian,Science Fiction,10
TXN-20251121-00675,2025-11-21,USR-00996,Becoming,Memoir,10
TXN-20230803-00676,2023-08-03,USR-00878,The Thursday Murder Club,Mystery,14
TXN-20260815-00677,2026-08-15,USR-00719,Project Hail Mary,Science Fiction,21
TXN-20240521-00678,2024-05-21,USR-01367,The House in the Cerulean Sea,Young Adult,14
TXN-20230130-00679,2023-01-30,USR-00986,Becoming,Memoir,14
TXN-20260308-00680,2026-03-08,USR-01265,The Da Vinci Code,Thriller,42
TXN-20240208-00681,2024-02-08,USR-01015,Project Hail Mary,Science Fiction,14
TXN-20250205-00682,2025-02-05,USR-01030,The Left Hand of Darkness,Science Fiction,14
TXN-20241102-00683,2024-11-02,USR-01111,The Silent Patient,Thriller,10
TXN-20250904-00684,2025-09-04,USR-01226,The Da Vinci Code,Thriller,14
TXN-20230123-00685,2023-01-23,USR-00993,Becoming,Memoir,21
TXN-20240501-00686,2024-05-01,USR-00374,The Midnight Library,Contemporary Fiction,21
TXN-20260731-00687,2026-07-31,USR-00661,The Very Hungry Caterpillar,Children's,7
TXN-20240313-00688,2024-03-13,USR-00937,Dune,Science Fiction,14
TXN-20260116-00689,2026-01-16,USR-01001,The Book Thief,Historical Fiction,21
TXN-20260511-00690,2026-05-11,USR-01041,Where the Crawdads Sing,Literary Fiction,42
TXN-20241011-00691,2024-10-11,USR-01327,The Great Gatsby,Classic,28
TXN-20230301-00692,2023-03-01,USR-01337,The Book Thief,Historical Fiction,14
TXN-20230118-00693,2023-01-18,USR-00859,"Thinking, Fast and Slow",Psychology,14
TXN-20260803-00694,2026-08-03,USR-00400,Sapiens,History,14
TXN-20260513-00695,2026-05-13,USR-01341,Gone Girl,Mystery,14
TXN-20250503-00696,2025-05-03,USR-01063,The Hobbit,Fantasy,10
TXN-20260718-00697,2026-07-18,USR-00994,The Da Vinci Code,Thriller,28
TXN-20240828-00698,2024-08-28,USR-01091,Where the Crawdads Sing,Literary Fiction,14
TXN-20250217-00699,2025-02-17,USR-00810,A Game of Thrones,Fantasy,42
TXN-20251126-00700,2025-11-26,USR-00390,The Great Gatsby,Classic,21
TXN-20251126-00701,2025-11-26,USR-00780,Project Hail Mary,Science Fiction,35
TXN-20260623-00702,2026-06-23,USR-00957,The Fellowship of the Ring,Fantasy,7
TXN-20251012-00703,2025-10-12,USR-00059,Dune,Science Fiction,14
TXN-20250706-00704,2025-07-06,USR-00965,The Martian,Science Fiction,14
TXN-20260207-00705,2026-02-07,USR-01073,Atomic Habits,Self-Help,28
TXN-20240415-00706,2024-04-15,USR-01185,The Fellowship of the Ring,Fantasy,35
TXN-20240102-00707,2024-01-02,USR-00761,Braiding Sweetgrass,Nature,21
TXN-20250108-00708,2025-01-08,USR-01348,The Wright Brothers,History,7
TXN-20240220-00709,2024-02-20,USR-01151,The Name of the Wind,Fantasy,14
TXN-20240530-00710,2024-05-30,USR-00443,All the Light We Cannot See,Historical Fiction,35
TXN-20230311-00711,2023-03-11,USR-00082,The Guest List,Thriller,14
TXN-20231122-00712,2023-11-22,USR-00949,The Guest List,Thriller,7
TXN-20250926-00713,2025-09-26,USR-01251,The House in the Cerulean Sea,Young Adult,10
TXN-20230818-00714,2023-08-18,USR-00214,The Book Thief,Historical Fiction,7
TXN-20250707-00715,2025-07-07,USR-00213,The Kite Runner,Literary Fiction,21
TXN-20251128-00716,2025-11-28,USR-01161,The Great Gatsby,Classic,28
TXN-20250608-00717,2025-06-08,USR-00904,Becoming,Memoir,7
TXN-20251130-00718,2025-11-30,USR-00338,The Psychology of Money,Business,42
TXN-20260823-00719,2026-08-23,USR-01111,Project Hail Mary,Science Fiction,14
TXN-20260801-00720,2026-08-01,USR-00904,The Very Hungry Caterpillar,Children's,7
TXN-20230422-00721,2023-04-22,USR-00075,To Kill a Mockingbird,Classic,14
TXN-20260303-00722,2026-03-03,USR-00149,Braiding Sweetgrass,Nature,14
TXN-20250220-00723,2025-02-20,USR-00234,Project Hail Mary,Science Fiction,35
TXN-20260321-00724,2026-03-21,USR-00559,The Very Hungry Caterpillar,Children's,21
TXN-20230504-00725,2023-05-04,USR-00302,Charlotte's Web,Children's,35
TXN-20230410-00726,2023-04-10,USR-01010,The Left Hand of Darkness,Science Fiction,21
TXN-20240713-00727,2024-07-13,USR-00682,Dune,Science Fiction,14
TXN-20240816-00728,2024-08-16,USR-00306,The Book Thief,Historical Fiction,14
TXN-20240709-00729,2024-07-09,USR-00228,Dune,Science Fiction,14
TXN-20251027-00730,2025-10-27,USR-00451,The Art of War,Philosophy,21
TXN-20240513-00731,2024-05-13,USR-01129,The Art of War,Philosophy,42
TXN-20230316-00732,2023-03-16,USR-01260,The Fellowship of the Ring,Fantasy,42
TXN-20260724-00733,2026-07-24,USR-00944,The Great Gatsby,Classic,35
TXN-20241111-00734,2024-11-11,USR-00308,The Kite Runner,Literary Fiction,7
TXN-20251208-00735,2025-12-08,USR-01166,A Game of Thrones,Fantasy,14
TXN-20230428-00736,2023-04-28,USR-01013,The Martian,Science Fiction,21
TXN-20240811-00737,2024-08-11,USR-00125,The Great Gatsby,Classic,14
TXN-20250410-00738,2025-04-10,USR-00861,The Art of War,Philosophy,35
TXN-20230511-00739,2023-05-11,USR-01034,The Martian,Science Fiction,14
TXN-20240920-00740,2024-09-20,USR-00365,The Fellowship of the Ring,Fantasy,21
TXN-20260103-00741,2026-01-03,USR-00165,The Silent Patient,Thriller,14
TXN-20251102-00742,2025-11-02,USR-00567,The House in the Cerulean Sea,Young Adult,14
TXN-20231213-00743,2023-12-13,USR-01366,The Martian,Science Fiction,14
TXN-20231128-00744,2023-11-28,USR-00268,Braiding Sweetgrass,Nature,14
TXN-20260827-00745,2026-08-27,USR-00918,Project Hail Mary,Science Fiction,28
TXN-20241220-00746,2024-12-20,USR-00005,The Hate U Give,Young Adult,28
TXN-20240819-00747,2024-08-19,USR-00121,The Book Thief,Historical Fiction,14
TXN-20230721-00748,2023-07-21,USR-00159,The Great Gatsby,Classic,28
TXN-20240205-00749,2024-02-05,USR-00832,The Fellowship of the Ring,Fantasy,28
TXN-20260612-00750,2026-06-12,USR-00206,Pride and Prejudice,Classic,10
TXN-20250103-00751,2025-01-03,USR-00723,A Game of Thrones,Fantasy,28
TXN-20230721-00752,2023-07-21,USR-00500,Educated,Memoir,35
TXN-20230329-00753,2023-03-29,USR-00890,The Name of the Wind,Fantasy,7
TXN-20230215-00754,2023-02-15,USR-00996,To Kill a Mockingbird,Classic,7
TXN-20250923-00755,2025-09-23,USR-00597,The Girl with the Dragon Tattoo,Mystery,28
TXN-20230131-00756,2023-01-31,USR-01112,The Psychology of Money,Business,14
TXN-20231004-00757,2023-10-04,USR-00147,The Silent Patient,Thriller,42
TXN-20240911-00758,2024-09-11,USR-00729,Charlotte's Web,Children's,28
TXN-20230331-00759,2023-03-31,USR-00708,The Wright Brothers,History,28
TXN-20260508-00760,2026-05-08,USR-00919,The Art of War,Philosophy,7
TXN-20251022-00761,2025-10-22,USR-01063,The Great Gatsby,Classic,14
TXN-20230119-00762,2023-01-19,USR-00228,Matilda,Children's,7
TXN-20260711-00763,2026-07-11,USR-01101,Project Hail Mary,Science Fiction,7
TXN-20260419-00764,2026-04-19,USR-00479,A Game of Thrones,Fantasy,7
TXN-20241010-00765,2024-10-10,USR-00847,The Great Gatsby,Classic,42
TXN-20230914-00766,2023-09-14,USR-01122,The Left Hand of Darkness,Science Fiction,7
TXN-20260216-00767,2026-02-16,USR-00631,Where the Crawdads Sing,Literary Fiction,21
TXN-20250103-00768,2025-01-03,USR-00323,The Art of War,Philosophy,14
TXN-20240426-00769,2024-04-26,USR-00989,To Kill a Mockingbird,Classic,35
TXN-20251029-00770,2025-10-29,USR-01382,Meditations,Philosophy,14
TXN-20250803-00771,2025-08-03,USR-00908,Dune,Science Fiction,7
TXN-20241010-00772,2024-10-10,USR-00697,The Da Vinci Code,Thriller,14
TXN-20231012-00773,2023-10-12,USR-00002,Charlotte's Web,Children's,10
TXN-20240505-00774,2024-05-05,USR-00659,Where the Crawdads Sing,Literary Fiction,28
TXN-20250223-00775,2025-02-23,USR-00432,The Martian,Science Fiction,7
TXN-20260628-00776,2026-06-28,USR-01292,The Hate U Give,Young Adult,35
TXN-20231128-00777,2023-11-28,USR-00157,Meditations,Philosophy,7
TXN-20260818-00778,2026-08-18,USR-00022,The Hate U Give,Young Adult,28
TXN-20231030-00779,2023-10-30,USR-01329,Pride and Prejudice,Classic,35
TXN-20240514-00780,2024-05-14,USR-00989,The Kite Runner,Literary Fiction,7
TXN-20250402-00781,2025-04-02,USR-00219,The Diary of a Young Girl,Biography,10
TXN-20250406-00782,2025-04-06,USR-00295,The Diary of a Young Girl,Biography,7
TXN-20250222-00783,2025-02-22,USR-00689,The Hate U Give,Young Adult,28
TXN-20260510-00784,2026-05-10,USR-00391,A Brief History of Time,Science,28
TXN-20260725-00785,2026-07-25,USR-00789,Atomic Habits,Self-Help,21
TXN-20250926-00786,2025-09-26,USR-00397,The Left Hand of Darkness,Science Fiction,21
TXN-20240705-00787,2024-07-05,USR-00106,Pride and Prejudice,Classic,14
TXN-20230309-00788,2023-03-09,USR-00163,Gone Girl,Mystery,21
TXN-20230310-00789,2023-03-10,USR-01237,Dune,Science Fiction,7
TXN-20260714-00790,2026-07-14,USR-01273,The Martian,Science Fiction,14
TXN-20251220-00791,2025-12-20,USR-01212,The Kite Runner,Literary Fiction,7
TXN-20230609-00792,2023-06-09,USR-00770,"Thinking, Fast and Slow",Psychology,35
TXN-20231016-00793,2023-10-16,USR-00842,The Wright Brothers,History,28
TXN-20241107-00794,2024-11-07,USR-00039,The Kite Runner,Literary Fiction,28
TXN-20251129-00795,2025-11-29,USR-01217,The Kite Runner,Literary Fiction,21
TXN-20260410-00796,2026-04-10,USR-00811,A Brief History of Time,Science,21
TXN-20230204-00797,2023-02-04,USR-01330,The Martian,Science Fiction,21
TXN-20251231-00798,2025-12-31,USR-00916,A Game of Thrones,Fantasy,7
TXN-20260226-00799,2026-02-26,USR-01046,Educated,Memoir,14
TXN-20230701-00800,2023-07-01,USR-00962,The Girl with the Dragon Tattoo,Mystery,28
TXN-20251209-00801,2025-12-09,USR-01008,The Name of the Wind,Fantasy,14
TXN-20230616-00802,2023-06-16,USR-00966,The Da Vinci Code,Thriller,21
TXN-20241229-00803,2024-12-29,USR-00875,The Name of the Wind,Fantasy,28
TXN-20230812-00804,2023-08-12,USR-00909,The Kite Runner,Literary Fiction,10
TXN-20230903-00805,2023-09-03,USR-00106,The Kite Runner,Literary Fiction,21
TXN-20260808-00806,2026-08-08,USR-01034,Project Hail Mary,Science Fiction,21
TXN-20260805-00807,2026-08-05,USR-01271,The Book Thief,Historical Fiction,10
TXN-20240723-00808,2024-07-23,USR-00487,The Hobbit,Fantasy,21
TXN-20250718-00809,2025-07-18,USR-00511,Braiding Sweetgrass,Nature,14
TXN-20260212-00810,2026-02-12,USR-01281,The Hate U Give,Young Adult,35
TXN-20240924-00811,2024-09-24,USR-00127,Becoming,Memoir,14
TXN-20230210-00812,2023-02-10,USR-00817,A Brief History of Time,Science,28
TXN-20240215-00813,2024-02-15,USR-01308,The Wright Brothers,History,10
TXN-20250517-00814,2025-05-17,USR-00923,The Kite Runner,Literary Fiction,10
TXN-20230308-00815,2023-03-08,USR-00801,The Kite Runner,Literary Fiction,14
TXN-20240403-00816,2024-04-03,USR-01245,Gone Girl,Mystery,14
TXN-20260829-00817,2026-08-29,USR-01313,Pride and Prejudice,Classic,10
TXN-20240304-00818,2024-03-04,USR-00769,Gone Girl,Mystery,14
TXN-20230212-00819,2023-02-12,USR-00653,The Left Hand of Darkness,Science Fiction,14
TXN-20241211-00820,2024-12-11,USR-00479,Gone Girl,Mystery,7
TXN-20240305-00821,2024-03-05,USR-00214,The Da Vinci Code,Thriller,35
TXN-20240617-00822,2024-06-17,USR-00159,The Art of War,Philosophy,14
TXN-20250303-00823,2025-03-03,USR-00584,To Kill a Mockingbird,Classic,14
TXN-20230623-00824,2023-06-23,USR-00525,The Hate U Give,Young Adult,21
TXN-20260707-00825,2026-07-07,USR-01107,The Left Hand of Darkness,Science Fiction,14
TXN-20250125-00826,2025-01-25,USR-00901,The Book Thief,Historical Fiction,28
TXN-20240227-00827,2024-02-27,USR-00570,The Thursday Murder Club,Mystery,28
TXN-20250322-00828,2025-03-22,USR-00826,The Hate U Give,Young Adult,35
TXN-20240127-00829,2024-01-27,USR-00435,All the Light We Cannot See,Historical Fiction,14
TXN-20231007-00830,2023-10-07,USR-00006,The Left Hand of Darkness,Science Fiction,28
TXN-20251026-00831,2025-10-26,USR-00803,The Silent Patient,Thriller,21
TXN-20260517-00832,2026-05-17,USR-00798,A Game of Thrones,Fantasy,21
TXN-20260710-00833,2026-07-10,USR-00323,The Very Hungry Caterpillar,Children's,28
TXN-20260831-00834,2026-08-31,USR-00631,The Left Hand of Darkness,Science Fiction,14
TXN-20230318-00835,2023-03-18,USR-00027,Pride and Prejudice,Classic,28
TXN-20230427-00836,2023-04-27,USR-00970,All the Light We Cannot See,Historical Fiction,7
TXN-20240724-00837,2024-07-24,USR-01317,Pride and Prejudice,Classic,28
TXN-20240813-00838,2024-08-13,USR-00611,Charlotte's Web,Children's,14
TXN-20240601-00839,2024-06-01,USR-00875,Matilda,Children's,21
TXN-20250917-00840,2025-09-17,USR-01319,Dune,Science Fiction,10
TXN-20241213-00841,2024-12-13,USR-00723,"Thinking, Fast and Slow",Psychology,14
TXN-20240808-00842,2024-08-08,USR-00600,To Kill a Mockingbird,Classic,14
TXN-20250423-00843,2025-04-23,USR-01208,The House in the Cerulean Sea,Young Adult,7
TXN-20250716-00844,2025-07-16,USR-01010,Matilda,Children's,10
TXN-20230405-00845,2023-04-05,USR-00740,The Guest List,Thriller,7
TXN-20260215-00846,2026-02-15,USR-01006,Steve Jobs,Biography,7
TXN-20260403-00847,2026-04-03,USR-00852,The Hobbit,Fantasy,14
TXN-20241103-00848,2024-11-03,USR-00929,Sapiens,History,7
TXN-20240330-00849,2024-03-30,USR-01205,The House in the Cerulean Sea,Young Adult,28
TXN-20230414-00850,2023-04-14,USR-00330,The Diary of a Young Girl,Biography,14
TXN-20230308-00851,2023-03-08,USR-01333,"Thinking, Fast and Slow",Psychology,28
TXN-20230214-00852,2023-02-14,USR-00627,The Great Gatsby,Classic,14
TXN-20250810-00853,2025-08-10,USR-00720,The Art of War,Philosophy,28
TXN-20250225-00854,2025-02-25,USR-00505,"Thinking, Fast and Slow",Psychology,14
TXN-20240424-00855,2024-04-24,USR-00018,The Book Thief,Historical Fiction,14
TXN-20230121-00856,2023-01-21,USR-00852,The Da Vinci Code,Thriller,14
TXN-20230912-00857,2023-09-12,USR-00600,The Wright Brothers,History,14
TXN-20241113-00858,2024-11-13,USR-01031,Charlotte's Web,Children's,7
TXN-20260723-00859,2026-07-23,USR-01053,The Book Thief,Historical Fiction,21
TXN-20250327-00860,2025-03-27,USR-00489,The Silent Patient,Thriller,7
TXN-20260802-00861,2026-08-02,USR-00405,The Diary of a Young Girl,Biography,42
TXN-20230902-00862,2023-09-02,USR-00111,The Great Gatsby,Classic,14
TXN-20241201-00863,2024-12-01,USR-01095,Matilda,Children's,42
TXN-20260727-00864,2026-07-27,USR-00497,Educated,Memoir,21
TXN-20230214-00865,2023-02-14,USR-00476,Matilda,Children's,10
TXN-20250818-00866,2025-08-18,USR-01393,All the Light We Cannot See,Historical Fiction,14
TXN-20250713-00867,2025-07-13,USR-00256,Sapiens,History,14
TXN-20251227-00868,2025-12-27,USR-00847,Atomic Habits,Self-Help,14
TXN-20250504-00869,2025-05-04,USR-00278,"Thinking, Fast and Slow",Psychology,10
TXN-20250125-00870,2025-01-25,USR-01106,The Da Vinci Code,Thriller,7
TXN-20250930-00871,2025-09-30,USR-00437,A Game of Thrones,Fantasy,42
TXN-20260715-00872,2026-07-15,USR-00257,The Great Gatsby,Classic,28
TXN-20260705-00873,2026-07-05,USR-00933,"Thinking, Fast and Slow",Psychology,14
TXN-20230407-00874,2023-04-07,USR-00395,Sapiens,History,21
TXN-20230712-00875,2023-07-12,USR-00865,The Very Hungry Caterpillar,Children's,14
TXN-20260530-00876,2026-05-30,USR-00135,The Left Hand of Darkness,Science Fiction,7
TXN-20250316-00877,2025-03-16,USR-00759,The Hobbit,Fantasy,14
TXN-20230310-00878,2023-03-10,USR-00861,The Guest List,Thriller,21
TXN-20230301-00879,2023-03-01,USR-00633,A Game of Thrones,Fantasy,14
TXN-20240915-00880,2024-09-15,USR-00110,A Game of Thrones,Fantasy,14
TXN-20230914-00881,2023-09-14,USR-00606,Braiding Sweetgrass,Nature,14
TXN-20240326-00882,2024-03-26,USR-00097,Matilda,Children's,7
TXN-20260503-00883,2026-05-03,USR-01235,The Name of the Wind,Fantasy,35
TXN-20230622-00884,2023-06-22,USR-00574,Meditations,Philosophy,42
TXN-20260514-00885,2026-05-14,USR-00797,Meditations,Philosophy,14
TXN-20240414-00886,2024-04-14,USR-01229,The Hobbit,Fantasy,28
TXN-20230314-00887,2023-03-14,USR-00706,The Great Gatsby,Classic,21
TXN-20260207-00888,2026-02-07,USR-01018,A Game of Thrones,Fantasy,35
TXN-20230523-00889,2023-05-23,USR-00864,A Game of Thrones,Fantasy,28
TXN-20250608-00890,2025-06-08,USR-00046,Steve Jobs,Biography,10
TXN-20231002-00891,2023-10-02,USR-00357,All the Light We Cannot See,Historical Fiction,28
TXN-20240927-00892,2024-09-27,USR-01169,Sapiens,History,28
TXN-20251108-00893,2025-11-08,USR-00682,The Wright Brothers,History,21
TXN-20250120-00894,2025-01-20,USR-00146,The Silent Patient,Thriller,42
TXN-20230402-00895,2023-04-02,USR-00314,Gone Girl,Mystery,10
TXN-20240502-00896,2024-05-02,USR-00727,The Fellowship of the Ring,Fantasy,28
TXN-20231013-00897,2023-10-13,USR-00211,Braiding Sweetgrass,Nature,28
TXN-20250312-00898,2025-03-12,USR-00070,The Fellowship of the Ring,Fantasy,7
TXN-20260405-00899,2026-04-05,USR-00655,Becoming,Memoir,28
TXN-20260518-00900,2026-05-18,USR-00506,The Very Hungry Caterpillar,Children's,28
TXN-20241118-00901,2024-11-18,USR-00632,The House in the Cerulean Sea,Young Adult,28
TXN-20230819-00902,2023-08-19,USR-00037,The Da Vinci Code,Thriller,28
TXN-20230121-00903,2023-01-21,USR-01149,The Psychology of Money,Business,7
TXN-20230816-00904,2023-08-16,USR-00768,"Thinking, Fast and Slow",Psychology,42
TXN-20230807-00905,2023-08-07,USR-01285,The Left Hand of Darkness,Science Fiction,10
TXN-20230411-00906,2023-04-11,USR-00285,Sapiens,History,14
TXN-20240908-00907,2024-09-08,USR-00989,The Wright Brothers,History,14
TXN-20240225-00908,2024-02-25,USR-00960,The House in the Cerulean Sea,Young Adult,14
TXN-20250307-00909,2025-03-07,USR-00805,A Brief History of Time,Science,14
TXN-20230327-00910,2023-03-27,USR-00806,The Hobbit,Fantasy,7
TXN-20240913-00911,2024-09-13,USR-01337,The Left Hand of Darkness,Science Fiction,10
TXN-20240210-00912,2024-02-10,USR-00856,The Hobbit,Fantasy,14
TXN-20250929-00913,2025-09-29,USR-01059,Charlotte's Web,Children's,42
TXN-20240715-00914,2024-07-15,USR-01088,All the Light We Cannot See,Historical Fiction,10
TXN-20230320-00915,2023-03-20,USR-00853,Steve Jobs,Biography,35
TXN-20240604-00916,2024-06-04,USR-00288,Steve Jobs,Biography,7
TXN-20250501-00917,2025-05-01,USR-01288,The Diary of a Young Girl,Biography,7
TXN-20241110-00918,2024-11-10,USR-01246,The House in the Cerulean Sea,Young Adult,10
TXN-20250417-00919,2025-04-17,USR-01039,The Da Vinci Code,Thriller,7
TXN-20250717-00920,2025-07-17,USR-00290,The Great Gatsby,Classic,7
TXN-20260423-00921,2026-04-23,USR-00640,The Diary of a Young Girl,Biography,14
TXN-20240408-00922,2024-04-08,USR-00364,"Thinking, Fast and Slow",Psychology,7
TXN-20240913-00923,2024-09-13,USR-00374,A Game of Thrones,Fantasy,10
TXN-20251028-00924,2025-10-28,USR-00031,The Kite Runner,Literary Fiction,14
TXN-20240604-00925,2024-06-04,USR-00708,Pride and Prejudice,Classic,35
TXN-20230808-00926,2023-08-08,USR-00431,The Hate U Give,Young Adult,28
TXN-20240413-00927,2024-04-13,USR-01051,Charlotte's Web,Children's,10
TXN-20230808-00928,2023-08-08,USR-00755,To Kill a Mockingbird,Classic,35
TXN-20250722-00929,2025-07-22,USR-01069,Braiding Sweetgrass,Nature,7
TXN-20260713-00930,2026-07-13,USR-00479,Becoming,Memoir,7
TXN-20230513-00931,2023-05-13,USR-00316,Atomic Habits,Self-Help,10
TXN-20260731-00932,2026-07-31,USR-01316,To Kill a Mockingbird,Classic,14
TXN-20250928-00933,2025-09-28,USR-00421,Becoming,Memoir,21
TXN-20230423-00934,2023-04-23,USR-00520,Steve Jobs,Biography,28
TXN-20230622-00935,2023-06-22,USR-00002,The Midnight Library,Contemporary Fiction,28
TXN-20240725-00936,2024-07-25,USR-00718,Matilda,Children's,35
TXN-20240409-00937,2024-04-09,USR-00521,The Kite Runner,Literary Fiction,35
TXN-20251023-00938,2025-10-23,USR-01285,The Left Hand of Darkness,Science Fiction,7
TXN-20230201-00939,2023-02-01,USR-00673,Becoming,Memoir,14
TXN-20240708-00940,2024-07-08,USR-00652,The Martian,Science Fiction,7
TXN-20250926-00941,2025-09-26,USR-00321,Meditations,Philosophy,7
TXN-20250811-00942,2025-08-11,USR-01159,Project Hail Mary,Science Fiction,14
TXN-20230506-00943,2023-05-06,USR-01356,A Brief History of Time,Science,21
TXN-20230422-00944,2023-04-22,USR-01033,Project Hail Mary,Science Fiction,28
TXN-20231005-00945,2023-10-05,USR-01307,Project Hail Mary,Science Fiction,21
TXN-20250513-00946,2025-05-13,USR-00119,The Name of the Wind,Fantasy,7
TXN-20260613-00947,2026-06-13,USR-00679,Becoming,Memoir,7
TXN-20240526-00948,2024-05-26,USR-01136,To Kill a Mockingbird,Classic,14
TXN-20250120-00949,2025-01-20,USR-00235,Sapiens,History,14
TXN-20260323-00950,2026-03-23,USR-00874,A Brief History of Time,Science,14
TXN-20230124-00951,2023-01-24,USR-00811,The Very Hungry Caterpillar,Children's,14
TXN-20250419-00952,2025-04-19,USR-00736,The Hobbit,Fantasy,35
TXN-20251031-00953,2025-10-31,USR-00071,A Game of Thrones,Fantasy,28
TXN-20260320-00954,2026-03-20,USR-00201,Braiding Sweetgrass,Nature,35
TXN-20230916-00955,2023-09-16,USR-00198,The Kite Runner,Literary Fiction,10
TXN-20230401-00956,2023-04-01,USR-01245,The Diary of a Young Girl,Biography,7
TXN-20241107-00957,2024-11-07,USR-01325,Charlotte's Web,Children's,14
TXN-20251222-00958,2025-12-22,USR-01280,The Fellowship of the Ring,Fantasy,28
TXN-20240224-00959,2024-02-24,USR-00300,Charlotte's Web,Children's,28
TXN-20240816-00960,2024-08-16,USR-01248,The Name of the Wind,Fantasy,42
TXN-20250628-00961,2025-06-28,USR-00392,Educated,Memoir,21
TXN-20230625-00962,2023-06-25,USR-00836,The Art of War,Philosophy,14
TXN-20251020-00963,2025-10-20,USR-01130,The Midnight Library,Contemporary Fiction,7
TXN-20250107-00964,2025-01-07,USR-00443,Gone Girl,Mystery,28
TXN-20230219-00965,2023-02-19,USR-00486,The Psychology of Money,Business,14
TXN-20230612-00966,2023-06-12,USR-00073,Steve Jobs,Biography,7
TXN-20230217-00967,2023-02-17,USR-00990,The Hate U Give,Young Adult,21
TXN-20251213-00968,2025-12-13,USR-00776,"Thinking, Fast and Slow",Psychology,10
TXN-20250730-00969,2025-07-30,USR-00182,Matilda,Children's,14
TXN-20240917-00970,2024-09-17,USR-00214,"Thinking, Fast and Slow",Psychology,28
TXN-20240109-00971,2024-01-09,USR-00409,Becoming,Memoir,21
TXN-20251208-00972,2025-12-08,USR-00579,The Hate U Give,Young Adult,35
TXN-20251003-00973,2025-10-03,USR-00150,Gone Girl,Mystery,14
TXN-20251226-00974,2025-12-26,USR-00835,Steve Jobs,Biography,42
TXN-20260320-00975,2026-03-20,USR-00482,The Wright Brothers,History,14
TXN-20260321-00976,2026-03-21,USR-01309,Sapiens,History,21
TXN-20251017-00977,2025-10-17,USR-00091,The Name of the Wind,Fantasy,7
TXN-20240324-00978,2024-03-24,USR-01008,Gone Girl,Mystery,28
TXN-20230103-00979,2023-01-03,USR-01205,The Midnight Library,Contemporary Fiction,28
TXN-20250628-00980,2025-06-28,USR-00284,The Art of War,Philosophy,35
TXN-20240602-00981,2024-06-02,USR-01280,A Game of Thrones,Fantasy,7
TXN-20240119-00982,2024-01-19,USR-00432,Meditations,Philosophy,10
TXN-20230823-00983,2023-08-23,USR-01213,To Kill a Mockingbird,Classic,14
TXN-20250818-00984,2025-08-18,USR-00222,The Fellowship of the Ring,Fantasy,7
TXN-20260508-00985,2026-05-08,USR-00698,Atomic Habits,Self-Help,10
TXN-20250210-00986,2025-02-10,USR-00575,Educated,Memoir,21
TXN-20260125-00987,2026-01-25,USR-00319,The Thursday Murder Club,Mystery,10
TXN-20260607-00988,2026-06-07,USR-00575,The Great Gatsby,Classic,14
TXN-20260106-00989,2026-01-06,USR-00575,Dune,Science Fiction,14
TXN-20240309-00990,2024-03-09,USR-00213,The Midnight Library,Contemporary Fiction,14
TXN-20260425-00991,2026-04-25,USR-00652,Atomic Habits,Self-Help,14
TXN-20231229-00992,2023-12-29,USR-00073,The Silent Patient,Thriller,35
TXN-20240420-00993,2024-04-20,USR-01122,Braiding Sweetgrass,Nature,7
TXN-20240719-00994,2024-07-19,USR-00760,The Midnight Library,Contemporary Fiction,7
TXN-20240320-00995,2024-03-20,USR-00790,The Midnight Library,Contemporary Fiction,14
TXN-20231014-00996,2023-10-14,USR-00654,Project Hail Mary,Science Fiction,7
TXN-20230411-00997,2023-04-11,USR-00270,Educated,Memoir,21
TXN-20230519-00998,2023-05-19,USR-00414,Meditations,Philosophy,28
TXN-20250629-00999,2025-06-29,USR-01104,The Hobbit,Fantasy,21
TXN-20240516-01000,2024-05-16,USR-00207,The Very Hungry Caterpillar,Children's,7
TXN-20240726-01001,2024-07-26,USR-00412,The Name of the Wind,Fantasy,42
TXN-20241025-01002,2024-10-25,USR-00888,The Name of the Wind,Fantasy,14
TXN-20250619-01003,2025-06-19,USR-00689,The Thursday Murder Club,Mystery,14
TXN-20230301-01004,2023-03-01,USR-00706,The Great Gatsby,Classic,21
TXN-20240213-01005,2024-02-13,USR-01133,Braiding Sweetgrass,Nature,14
TXN-20230915-01006,2023-09-15,USR-00153,A Brief History of Time,Science,21
TXN-20251016-01007,2025-10-16,USR-01308,The Guest List,Thriller,10
TXN-20251009-01008,2025-10-09,USR-00950,Matilda,Children's,21
TXN-20250325-01009,2025-03-25,USR-00353,The Left Hand of Darkness,Science Fiction,28
TXN-20251219-01010,2025-12-19,USR-00571,The Da Vinci Code,Thriller,21
TXN-20250708-01011,2025-07-08,USR-00123,The Silent Patient,Thriller,7
TXN-20260213-01012,2026-02-13,USR-00500,The Book Thief,Historical Fiction,10
TXN-20251222-01013,2025-12-22,USR-01064,Gone Girl,Mystery,14
TXN-20250105-01014,2025-01-05,USR-00234,The Book Thief,Historical Fiction,42
TXN-20230228-01015,2023-02-28,USR-00637,The Art of War,Philosophy,28
TXN-20230216-01016,2023-02-16,USR-00815,To Kill a Mockingbird,Classic,28
TXN-20241126-01017,2024-11-26,USR-01265,Sapiens,History,7
TXN-20251021-01018,2025-10-21,USR-01104,The Thursday Murder Club,Mystery,14
TXN-20260131-01019,2026-01-31,USR-01231,The Book Thief,Historical Fiction,14
TXN-20260621-01020,2026-06-21,USR-00791,Meditations,Philosophy,28
TXN-20230217-01021,2023-02-17,USR-00702,Meditations,Philosophy,28
TXN-20241130-01022,2024-11-30,USR-00345,Atomic Habits,Self-Help,14
TXN-20230331-01023,2023-03-31,USR-00499,The Guest List,Thriller,7
TXN-20250819-01024,2025-08-19,USR-00698,Braiding Sweetgrass,Nature,14
TXN-20260518-01025,2026-05-18,USR-00602,"Thinking, Fast and Slow",Psychology,21
TXN-20230801-01026,2023-08-01,USR-01267,The Fellowship of the Ring,Fantasy,14
TXN-20231126-01027,2023-11-26,USR-01189,The Silent Patient,Thriller,21
TXN-20241219-01028,2024-12-19,USR-00517,Dune,Science Fiction,42
TXN-20250117-01029,2025-01-17,USR-00616,The Midnight Library,Contemporary Fiction,28
TXN-20260213-01030,2026-02-13,USR-00458,Atomic Habits,Self-Help,10
TXN-20230113-01031,2023-01-13,USR-00136,Where the Crawdads Sing,Literary Fiction,14
TXN-20231004-01032,2023-10-04,USR-01080,Steve Jobs,Biography,7
TXN-20250814-01033,2025-08-14,USR-01351,The Great Gatsby,Classic,14
TXN-20230822-01034,2023-08-22,USR-00125,Where the Crawdads Sing,Literary Fiction,14
TXN-20250519-01035,2025-05-19,USR-00605,Charlotte's Web,Children's,7
TXN-20250815-01036,2025-08-15,USR-01002,The Martian,Science Fiction,14
TXN-20230517-01037,2023-05-17,USR-01312,Matilda,Children's,10
TXN-20250610-01038,2025-06-10,USR-00829,The Hobbit,Fantasy,35
TXN-20250712-01039,2025-07-12,USR-00825,Educated,Memoir,28
TXN-20251123-01040,2025-11-23,USR-00625,Project Hail Mary,Science Fiction,28
TXN-20260615-01041,2026-06-15,USR-00836,The Very Hungry Caterpillar,Children's,14
TXN-20240602-01042,2024-06-02,USR-01226,The Diary of a Young Girl,Biography,14
TXN-20240813-01043,2024-08-13,USR-00725,The Very Hungry Caterpillar,Children's,14
TXN-20240917-01044,2024-09-17,USR-00352,The Book Thief,Historical Fiction,21
TXN-20241208-01045,2024-12-08,USR-00431,The Name of the Wind,Fantasy,28
TXN-20241014-01046,2024-10-14,USR-00600,Becoming,Memoir,14
TXN-20250131-01047,2025-01-31,USR-00276,Pride and Prejudice,Classic,10
TXN-20250519-01048,2025-05-19,USR-00384,Where the Crawdads Sing,Literary Fiction,14
TXN-20251119-01049,2025-11-19,USR-00513,The Thursday Murder Club,Mystery,14
TXN-20251019-01050,2025-10-19,USR-00004,The Diary of a Young Girl,Biography,28
TXN-20250522-01051,2025-05-22,USR-00625,Atomic Habits,Self-Help,7
TXN-20250615-01052,2025-06-15,USR-00459,Braiding Sweetgrass,Nature,14
TXN-20260130-01053,2026-01-30,USR-01146,The Girl with the Dragon Tattoo,Mystery,28
TXN-20231030-01054,2023-10-30,USR-00595,The Martian,Science Fiction,14
TXN-20250927-01055,2025-09-27,USR-01034,Steve Jobs,Biography,14
TXN-20260219-01056,2026-02-19,USR-00990,The Kite Runner,Literary Fiction,21
TXN-20250203-01057,2025-02-03,USR-00374,Dune,Science Fiction,7
TXN-20250601-01058,2025-06-01,USR-00575,The Hobbit,Fantasy,14
TXN-20260629-01059,2026-06-29,USR-00018,The Da Vinci Code,Thriller,35
TXN-20230430-01060,2023-04-30,USR-01399,A Brief History of Time,Science,21
TXN-20230901-01061,2023-09-01,USR-00965,The Hate U Give,Young Adult,14
TXN-20230905-01062,2023-09-05,USR-00524,The Fellowship of the Ring,Fantasy,10
TXN-20260718-01063,2026-07-18,USR-00679,The Martian,Science Fiction,21
TXN-20240511-01064,2024-05-11,USR-01261,The Guest List,Thriller,14
TXN-20251014-01065,2025-10-14,USR-00343,The Name of the Wind,Fantasy,21
TXN-20260106-01066,2026-01-06,USR-00342,The Book Thief,Historical Fiction,21
TXN-20250526-01067,2025-05-26,USR-00650,Charlotte's Web,Children's,21
TXN-20240527-01068,2024-05-27,USR-00033,Matilda,Children's,28
TXN-20260126-01069,2026-01-26,USR-00131,The Martian,Science Fiction,14
TXN-20230315-01070,2023-03-15,USR-00382,All the Light We Cannot See,Historical Fiction,14
TXN-20250325-01071,2025-03-25,USR-00226,Matilda,Children's,7
TXN-20230307-01072,2023-03-07,USR-01000,Becoming,Memoir,28
TXN-20260706-01073,2026-07-06,USR-00282,The Hate U Give,Young Adult,7
TXN-20240606-01074,2024-06-06,USR-01191,The House in the Cerulean Sea,Young Adult,14
TXN-20250809-01075,2025-08-09,USR-00703,The Martian,Science Fiction,7
TXN-20230513-01076,2023-05-13,USR-01206,The Da Vinci Code,Thriller,21
TXN-20231108-01077,2023-11-08,USR-00222,"Thinking, Fast and Slow",Psychology,35
TXN-20260518-01078,2026-05-18,USR-00446,The House in the Cerulean Sea,Young Adult,7
TXN-20250720-01079,2025-07-20,USR-01321,Becoming,Memoir,28
TXN-20250425-01080,2025-04-25,USR-00994,The Martian,Science Fiction,14
TXN-20260502-01081,2026-05-02,USR-01385,Braiding Sweetgrass,Nature,10
TXN-20260408-01082,2026-04-08,USR-01092,Pride and Prejudice,Classic,14
TXN-20250813-01083,2025-08-13,USR-00393,Matilda,Children's,10
TXN-20250623-01084,2025-06-23,USR-00946,The Da Vinci Code,Thriller,7
TXN-20260601-01085,2026-06-01,USR-01350,The Name of the Wind,Fantasy,42
TXN-20231209-01086,2023-12-09,USR-01279,The Thursday Murder Club,Mystery,7
TXN-20260408-01087,2026-04-08,USR-00649,The Left Hand of Darkness,Science Fiction,14
TXN-20251005-01088,2025-10-05,USR-00215,Where the Crawdads Sing,Literary Fiction,10
TXN-20241102-01089,2024-11-02,USR-00580,The Psychology of Money,Business,28
TXN-20231124-01090,2023-11-24,USR-01100,The Hate U Give,Young Adult,10
TXN-20260415-01091,2026-04-15,USR-00569,Steve Jobs,Biography,21
TXN-20240814-01092,2024-08-14,USR-00467,The Hate U Give,Young Adult,14
TXN-20250508-01093,2025-05-08,USR-00759,Braiding Sweetgrass,Nature,42
TXN-20260522-01094,2026-05-22,USR-00929,The Hobbit,Fantasy,14
TXN-20241029-01095,2024-10-29,USR-01125,Where the Crawdads Sing,Literary Fiction,10
TXN-20260610-01096,2026-06-10,USR-00018,The Diary of a Young Girl,Biography,28
TXN-20251013-01097,2025-10-13,USR-00330,Pride and Prejudice,Classic,35
TXN-20251014-01098,2025-10-14,USR-01156,A Game of Thrones,Fantasy,14
TXN-20230628-01099,2023-06-28,USR-01315,A Game of Thrones,Fantasy,21
TXN-20250408-01100,2025-04-08,USR-00568,The Silent Patient,Thriller,7
TXN-20231007-01101,2023-10-07,USR-01231,"Thinking, Fast and Slow",Psychology,28
TXN-20230831-01102,2023-08-31,USR-00527,A Game of Thrones,Fantasy,35
TXN-20240912-01103,2024-09-12,USR-00702,A Game of Thrones,Fantasy,28
TXN-20250317-01104,2025-03-17,USR-01343,Becoming,Memoir,35
TXN-20260213-01105,2026-02-13,USR-00234,Sapiens,History,28
TXN-20230704-01106,2023-07-04,USR-00081,A Brief History of Time,Science,7
TXN-20260612-01107,2026-06-12,USR-00551,The Name of the Wind,Fantasy,10
TXN-20240227-01108,2024-02-27,USR-00229,The Hobbit,Fantasy,14
TXN-20250410-01109,2025-04-10,USR-01280,Matilda,Children's,10
TXN-20250618-01110,2025-06-18,USR-00089,The Wright Brothers,History,28
TXN-20240509-01111,2024-05-09,USR-00766,Braiding Sweetgrass,Nature,28
TXN-20230310-01112,2023-03-10,USR-00514,The Guest List,Thriller,14
TXN-20230423-01113,2023-04-23,USR-01222,Matilda,Children's,14
TXN-20240920-01114,2024-09-20,USR-01186,The Fellowship of the Ring,Fantasy,14
TXN-20240922-01115,2024-09-22,USR-01028,Gone Girl,Mystery,14
TXN-20241215-01116,2024-12-15,USR-00819,The Psychology of Money,Business,21
TXN-20230107-01117,2023-01-07,USR-00756,The Psychology of Money,Business,35
TXN-20240801-01118,2024-08-01,USR-01315,Steve Jobs,Biography,28
TXN-20240816-01119,2024-08-16,USR-00535,Where the Crawdads Sing,Literary Fiction,14
TXN-20241005-01120,2024-10-05,USR-00441,Sapiens,History,7
TXN-20260428-01121,2026-04-28,USR-01362,The Psychology of Money,Business,14
TXN-20231112-01122,2023-11-12,USR-01061,Atomic Habits,Self-Help,42
TXN-20241201-01123,2024-12-01,USR-00535,Braiding Sweetgrass,Nature,35
TXN-20230810-01124,2023-08-10,USR-00488,The Silent Patient,Thriller,42
TXN-20250425-01125,2025-04-25,USR-00841,The Hobbit,Fantasy,42
TXN-20260407-01126,2026-04-07,USR-00590,The Left Hand of Darkness,Science Fiction,10
TXN-20250107-01127,2025-01-07,USR-01266,Atomic Habits,Self-Help,28
TXN-20260803-01128,2026-08-03,USR-00817,The Psychology of Money,Business,35
TXN-20260430-01129,2026-04-30,USR-00053,A Game of Thrones,Fantasy,7
TXN-20240218-01130,2024-02-18,USR-00784,Dune,Science Fiction,28
TXN-20241212-01131,2024-12-12,USR-00293,The Guest List,Thriller,7
TXN-20260821-01132,2026-08-21,USR-01172,A Game of Thrones,Fantasy,28
TXN-20260501-01133,2026-05-01,USR-01254,Project Hail Mary,Science Fiction,14
TXN-20260301-01134,2026-03-01,USR-00182,Pride and Prejudice,Classic,35
TXN-20230924-01135,2023-09-24,USR-00647,The Guest List,Thriller,14
TXN-20241129-01136,2024-11-29,USR-00920,The Left Hand of Darkness,Science Fiction,21
TXN-20251230-01137,2025-12-30,USR-00832,The Diary of a Young Girl,Biography,21
TXN-20260627-01138,2026-06-27,USR-00316,Matilda,Children's,7
TXN-20250209-01139,2025-02-09,USR-00759,The Guest List,Thriller,7
TXN-20250710-01140,2025-07-10,USR-00190,Gone Girl,Mystery,21
TXN-20240601-01141,2024-06-01,USR-00247,Matilda,Children's,10
TXN-20250117-01142,2025-01-17,USR-01246,The Martian,Science Fiction,42
TXN-20241218-01143,2024-12-18,USR-01201,The Kite Runner,Literary Fiction,14
TXN-20260804-01144,2026-08-04,USR-01010,The Fellowship of the Ring,Fantasy,7
TXN-20241107-01145,2024-11-07,USR-00167,All the Light We Cannot See,Historical Fiction,7
TXN-20251230-01146,2025-12-30,USR-01302,The Very Hungry Caterpillar,Children's,14
TXN-20240511-01147,2024-05-11,USR-00222,The Psychology of Money,Business,28
TXN-20251228-01148,2025-12-28,USR-00046,The Very Hungry Caterpillar,Children's,21
TXN-20251009-01149,2025-10-09,USR-00206,Where the Crawdads Sing,Literary Fiction,7
TXN-20250209-01150,2025-02-09,USR-01019,Becoming,Memoir,14
TXN-20240412-01151,2024-04-12,USR-00486,The Wright Brothers,History,14
TXN-20230527-01152,2023-05-27,USR-00936,The Art of War,Philosophy,10
TXN-20260808-01153,2026-08-08,USR-00062,The Book Thief,Historical Fiction,7
TXN-20260627-01154,2026-06-27,USR-00073,Sapiens,History,28
TXN-20240107-01155,2024-01-07,USR-00409,Becoming,Memoir,7
TXN-20260115-01156,2026-01-15,USR-00030,Atomic Habits,Self-Help,14
TXN-20260209-01157,2026-02-09,USR-00653,The Da Vinci Code,Thriller,35
TXN-20260424-01158,2026-04-24,USR-01223,The Name of the Wind,Fantasy,14
TXN-20230401-01159,2023-04-01,USR-00894,A Game of Thrones,Fantasy,10
TXN-20250122-01160,2025-01-22,USR-00127,Charlotte's Web,Children's,35
TXN-20240620-01161,2024-06-20,USR-01056,The Great Gatsby,Classic,7
TXN-20251120-01162,2025-11-20,USR-00243,The Great Gatsby,Classic,28
TXN-20240129-01163,2024-01-29,USR-00877,Steve Jobs,Biography,14
TXN-20230410-01164,2023-04-10,USR-00413,Sapiens,History,7
TXN-20250428-01165,2025-04-28,USR-01043,The Very Hungry Caterpillar,Children's,7
TXN-20260519-01166,2026-05-19,USR-01065,Meditations,Philosophy,7
TXN-20251015-01167,2025-10-15,USR-01252,Pride and Prejudice,Classic,10
TXN-20260320-01168,2026-03-20,USR-00399,The Wright Brothers,History,7
TXN-20230310-01169,2023-03-10,USR-00820,The Martian,Science Fiction,14
TXN-20230721-01170,2023-07-21,USR-00111,The Very Hungry Caterpillar,Children's,28
TXN-20230323-01171,2023-03-23,USR-00420,The Midnight Library,Contemporary Fiction,28
TXN-20251118-01172,2025-11-18,USR-01054,The Guest List,Thriller,14
TXN-20231031-01173,2023-10-31,USR-00765,"Thinking, Fast and Slow",Psychology,21
TXN-20240622-01174,2024-06-22,USR-00035,Braiding Sweetgrass,Nature,14
TXN-20230706-01175,2023-07-06,USR-01020,The Name of the Wind,Fantasy,10
TXN-20241012-01176,2024-10-12,USR-00350,Gone Girl,Mystery,21
TXN-20240508-01177,2024-05-08,USR-01162,Atomic Habits,Self-Help,7
TXN-20231210-01178,2023-12-10,USR-01059,Atomic Habits,Self-Help,42
TXN-20260222-01179,2026-02-22,USR-01268,The Book Thief,Historical Fiction,21
TXN-20230502-01180,2023-05-02,USR-01394,A Brief History of Time,Science,21
TXN-20260323-01181,2026-03-23,USR-00543,A Brief History of Time,Science,28
TXN-20241107-01182,2024-11-07,USR-00709,The Hate U Give,Young Adult,14
TXN-20250111-01183,2025-01-11,USR-00294,The Midnight Library,Contemporary Fiction,14
TXN-20250807-01184,2025-08-07,USR-00966,Meditations,Philosophy,14
TXN-20260522-01185,2026-05-22,USR-01023,The Thursday Murder Club,Mystery,28
TXN-20250813-01186,2025-08-13,USR-00555,All the Light We Cannot See,Historical Fiction,35
TXN-20250321-01187,2025-03-21,USR-00681,The Hate U Give,Young Adult,14
TXN-20230107-01188,2023-01-07,USR-00459,The Art of War,Philosophy,10
TXN-20260812-01189,2026-08-12,USR-01037,Educated,Memoir,14
TXN-20251114-01190,2025-11-14,USR-00347,A Brief History of Time,Science,28
TXN-20260824-01191,2026-08-24,USR-01202,Sapiens,History,10
TXN-20251013-01192,2025-10-13,USR-00014,To Kill a Mockingbird,Classic,21
TXN-20240802-01193,2024-08-02,USR-00679,The Thursday Murder Club,Mystery,7
TXN-20241123-01194,2024-11-23,USR-00552,Matilda,Children's,28
TXN-20260306-01195,2026-03-06,USR-00757,Project Hail Mary,Science Fiction,28
TXN-20240806-01196,2024-08-06,USR-01059,To Kill a Mockingbird,Classic,21
TXN-20230417-01197,2023-04-17,USR-00039,The Hate U Give,Young Adult,10
TXN-20230827-01198,2023-08-27,USR-00692,The Book Thief,Historical Fiction,7
TXN-20230507-01199,2023-05-07,USR-00910,Project Hail Mary,Science Fiction,14
TXN-20250916-01200,2025-09-16,USR-00447,Becoming,Memoir,7
TXN-20250930-01201,2025-09-30,USR-00340,The Guest List,Thriller,14
TXN-20230316-01202,2023-03-16,USR-00484,The Hate U Give,Young Adult,10
TXN-20260201-01203,2026-02-01,USR-00027,The Name of the Wind,Fantasy,42
TXN-20230831-01204,2023-08-31,USR-01390,The House in the Cerulean Sea,Young Adult,14
TXN-20260124-01205,2026-01-24,USR-00876,Gone Girl,Mystery,14
TXN-20230201-01206,2023-02-01,USR-00973,The Girl with the Dragon Tattoo,Mystery,21
TXN-20230618-01207,2023-06-18,USR-00015,A Game of Thrones,Fantasy,35
TXN-20250508-01208,2025-05-08,USR-00601,Matilda,Children's,28
TXN-20260309-01209,2026-03-09,USR-00149,Dune,Science Fiction,21
TXN-20230524-01210,2023-05-24,USR-00073,The Guest List,Thriller,21
TXN-20240519-01211,2024-05-19,USR-00456,The Girl with the Dragon Tattoo,Mystery,10
TXN-20260530-01212,2026-05-30,USR-00630,To Kill a Mockingbird,Classic,35
TXN-20230406-01213,2023-04-06,USR-01209,The Fellowship of the Ring,Fantasy,35
TXN-20230227-01214,2023-02-27,USR-00703,The Da Vinci Code,Thriller,28
TXN-20230104-01215,2023-01-04,USR-01149,The House in the Cerulean Sea,Young Adult,28
TXN-20240414-01216,2024-04-14,USR-01199,Steve Jobs,Biography,28
TXN-20260526-01217,2026-05-26,USR-00187,The Fellowship of the Ring,Fantasy,21
TXN-20260131-01218,2026-01-31,USR-00724,Educated,Memoir,10
TXN-20260628-01219,2026-06-28,USR-00445,A Brief History of Time,Science,7
TXN-20231217-01220,2023-12-17,USR-00343,The House in the Cerulean Sea,Young Adult,28
TXN-20250918-01221,2025-09-18,USR-00036,The Da Vinci Code,Thriller,28
TXN-20240414-01222,2024-04-14,USR-01078,The Name of the Wind,Fantasy,21
TXN-20240107-01223,2024-01-07,USR-00581,The Name of the Wind,Fantasy,21
TXN-20250507-01224,2025-05-07,USR-01145,To Kill a Mockingbird,Classic,42
TXN-20230926-01225,2023-09-26,USR-00466,Steve Jobs,Biography,7
TXN-20251230-01226,2025-12-30,USR-01326,Charlotte's Web,Children's,28
TXN-20250717-01227,2025-07-17,USR-00427,The Thursday Murder Club,Mystery,14
TXN-20250514-01228,2025-05-14,USR-00277,Pride and Prejudice,Classic,14
TXN-20260613-01229,2026-06-13,USR-00485,Pride and Prejudice,Classic,14
TXN-20240827-01230,2024-08-27,USR-00781,Matilda,Children's,14
TXN-20230714-01231,2023-07-14,USR-00812,The Da Vinci Code,Thriller,7
TXN-20230826-01232,2023-08-26,USR-00331,The House in the Cerulean Sea,Young Adult,14
TXN-20230522-01233,2023-05-22,USR-00933,Educated,Memoir,14
TXN-20260813-01234,2026-08-13,USR-01052,The House in the Cerulean Sea,Young Adult,21
TXN-20240504-01235,2024-05-04,USR-00071,The Left Hand of Darkness,Science Fiction,21
TXN-20240815-01236,2024-08-15,USR-01164,Meditations,Philosophy,28
TXN-20260503-01237,2026-05-03,USR-00022,The Midnight Library,Contemporary Fiction,28
TXN-20231121-01238,2023-11-21,USR-00177,The Very Hungry Caterpillar,Children's,14
TXN-20240813-01239,2024-08-13,USR-00777,Meditations,Philosophy,14
TXN-20241121-01240,2024-11-21,USR-01030,Where the Crawdads Sing,Literary Fiction,14
TXN-20230928-01241,2023-09-28,USR-00071,The Hate U Give,Young Adult,14
TXN-20250711-01242,2025-07-11,USR-00761,The Silent Patient,Thriller,10
TXN-20240514-01243,2024-05-14,USR-01080,A Game of Thrones,Fantasy,21
TXN-20260424-01244,2026-04-24,USR-00521,"Thinking, Fast and Slow",Psychology,28
TXN-20230204-01245,2023-02-04,USR-00246,The Silent Patient,Thriller,21
TXN-20230111-01246,2023-01-11,USR-01316,The Psychology of Money,Business,28
TXN-20250507-01247,2025-05-07,USR-00046,Charlotte's Web,Children's,14
TXN-20230519-01248,2023-05-19,USR-00901,Educated,Memoir,28
TXN-20230907-01249,2023-09-07,USR-00496,The Wright Brothers,History,14
TXN-20250527-01250,2025-05-27,USR-00196,All the Light We Cannot See,Historical Fiction,10
TXN-20251018-01251,2025-10-18,USR-00192,The Guest List,Thriller,14
TXN-20230816-01252,2023-08-16,USR-01049,Braiding Sweetgrass,Nature,14
TXN-20251217-01253,2025-12-17,USR-01291,Dune,Science Fiction,21
TXN-20240723-01254,2024-07-23,USR-00934,Sapiens,History,28
TXN-20260226-01255,2026-02-26,USR-00225,The Girl with the Dragon Tattoo,Mystery,7
TXN-20240105-01256,2024-01-05,USR-01388,The Midnight Library,Contemporary Fiction,28
TXN-20260417-01257,2026-04-17,USR-00558,The Fellowship of the Ring,Fantasy,7
TXN-20230114-01258,2023-01-14,USR-00783,The Name of the Wind,Fantasy,42
TXN-20231023-01259,2023-10-23,USR-00378,The Psychology of Money,Business,28
TXN-20240103-01260,2024-01-03,USR-00833,Matilda,Children's,10
TXN-20260507-01261,2026-05-07,USR-00423,Educated,Memoir,42
TXN-20250124-01262,2025-01-24,USR-00249,Dune,Science Fiction,35
TXN-20260222-01263,2026-02-22,USR-00751,"Thinking, Fast and Slow",Psychology,42
TXN-20231218-01264,2023-12-18,USR-00719,The Wright Brothers,History,10
TXN-20240229-01265,2024-02-29,USR-01343,Matilda,Children's,14
TXN-20231220-01266,2023-12-20,USR-00032,To Kill a Mockingbird,Classic,7
TXN-20230411-01267,2023-04-11,USR-01044,Where the Crawdads Sing,Literary Fiction,42
TXN-20230708-01268,2023-07-08,USR-00343,The Girl with the Dragon Tattoo,Mystery,35
TXN-20230712-01269,2023-07-12,USR-00446,Project Hail Mary,Science Fiction,28
TXN-20260322-01270,2026-03-22,USR-00764,The Left Hand of Darkness,Science Fiction,10
TXN-20230209-01271,2023-02-09,USR-00299,The Art of War,Philosophy,10
TXN-20230829-01272,2023-08-29,USR-00904,Matilda,Children's,14
TXN-20250123-01273,2025-01-23,USR-01070,The Martian,Science Fiction,35
TXN-20240306-01274,2024-03-06,USR-01341,The Kite Runner,Literary Fiction,7
TXN-20240128-01275,2024-01-28,USR-00832,The Hobbit,Fantasy,14
TXN-20250217-01276,2025-02-17,USR-01034,The Very Hungry Caterpillar,Children's,28
TXN-20240811-01277,2024-08-11,USR-01296,The Diary of a Young Girl,Biography,28
TXN-20231023-01278,2023-10-23,USR-00068,The Da Vinci Code,Thriller,7
TXN-20240708-01279,2024-07-08,USR-00976,The Girl with the Dragon Tattoo,Mystery,7
TXN-20230220-01280,2023-02-20,USR-00741,"Thinking, Fast and Slow",Psychology,28
TXN-20260416-01281,2026-04-16,USR-00692,The Left Hand of Darkness,Science Fiction,14
TXN-20240930-01282,2024-09-30,USR-01389,The Hate U Give,Young Adult,28
TXN-20241008-01283,2024-10-08,USR-00415,The Name of the Wind,Fantasy,28
TXN-20240207-01284,2024-02-07,USR-01144,The Kite Runner,Literary Fiction,28
TXN-20260326-01285,2026-03-26,USR-00044,The Very Hungry Caterpillar,Children's,14
TXN-20260114-01286,2026-01-14,USR-00232,The Guest List,Thriller,42
TXN-20250713-01287,2025-07-13,USR-01324,Dune,Science Fiction,14
TXN-20250912-01288,2025-09-12,USR-00010,The Martian,Science Fiction,28
TXN-20250823-01289,2025-08-23,USR-01098,The Psychology of Money,Business,35
TXN-20240708-01290,2024-07-08,USR-01340,Matilda,Children's,14
TXN-20260412-01291,2026-04-12,USR-01103,The Very Hungry Caterpillar,Children's,42
TXN-20260411-01292,2026-04-11,USR-01295,The Name of the Wind,Fantasy,10
TXN-20250715-01293,2025-07-15,USR-00695,Dune,Science Fiction,21
TXN-20240321-01294,2024-03-21,USR-00813,Project Hail Mary,Science Fiction,7
TXN-20230827-01295,2023-08-27,USR-00519,The Diary of a Young Girl,Biography,28
TXN-20230328-01296,2023-03-28,USR-00877,The Wright Brothers,History,10
TXN-20250211-01297,2025-02-11,USR-00311,The Silent Patient,Thriller,21
TXN-20231007-01298,2023-10-07,USR-01242,Braiding Sweetgrass,Nature,28
TXN-20240711-01299,2024-07-11,USR-00640,The Psychology of Money,Business,14
TXN-20260206-01300,2026-02-06,USR-00295,The Fellowship of the Ring,Fantasy,10
TXN-20231108-01301,2023-11-08,USR-00190,A Brief History of Time,Science,42
TXN-20251005-01302,2025-10-05,USR-00251,The Midnight Library,Contemporary Fiction,28
TXN-20260125-01303,2026-01-25,USR-01173,The Da Vinci Code,Thriller,14
TXN-20250731-01304,2025-07-31,USR-00890,Dune,Science Fiction,28
TXN-20230717-01305,2023-07-17,USR-00487,Charlotte's Web,Children's,28
TXN-20240313-01306,2024-03-13,USR-00030,The Psychology of Money,Business,14
TXN-20250216-01307,2025-02-16,USR-00203,Matilda,Children's,14
TXN-20241215-01308,2024-12-15,USR-00737,Project Hail Mary,Science Fiction,7
TXN-20230110-01309,2023-01-10,USR-01001,The Guest List,Thriller,14
TXN-20241102-01310,2024-11-02,USR-00073,The Name of the Wind,Fantasy,14
TXN-20231225-01311,2023-12-25,USR-00930,Gone Girl,Mystery,21
TXN-20231029-01312,2023-10-29,USR-01385,Dune,Science Fiction,7
TXN-20231209-01313,2023-12-09,USR-00917,Braiding Sweetgrass,Nature,21
TXN-20250416-01314,2025-04-16,USR-01120,The Very Hungry Caterpillar,Children's,7
TXN-20250116-01315,2025-01-16,USR-00206,Braiding Sweetgrass,Nature,7
TXN-20231027-01316,2023-10-27,USR-00595,The Psychology of Money,Business,28
TXN-20250601-01317,2025-06-01,USR-01338,The Psychology of Money,Business,42
TXN-20240523-01318,2024-05-23,USR-00688,The Guest List,Thriller,21
TXN-20250811-01319,2025-08-11,USR-00871,The Name of the Wind,Fantasy,10
TXN-20230503-01320,2023-05-03,USR-00478,Gone Girl,Mystery,7
TXN-20260305-01321,2026-03-05,USR-00828,All the Light We Cannot See,Historical Fiction,28
TXN-20240414-01322,2024-04-14,USR-01214,The Girl with the Dragon Tattoo,Mystery,10
TXN-20230731-01323,2023-07-31,USR-00294,Meditations,Philosophy,10
TXN-20230408-01324,2023-04-08,USR-00230,The Fellowship of the Ring,Fantasy,28
TXN-20260725-01325,2026-07-25,USR-00744,The Girl with the Dragon Tattoo,Mystery,28
TXN-20250216-01326,2025-02-16,USR-01390,All the Light We Cannot See,Historical Fiction,21
TXN-20230310-01327,2023-03-10,USR-01308,The Great Gatsby,Classic,7
TXN-20250525-01328,2025-05-25,USR-00073,Where the Crawdads Sing,Literary Fiction,7
TXN-20230421-01329,2023-04-21,USR-00779,The Da Vinci Code,Thriller,28
TXN-20230708-01330,2023-07-08,USR-00099,The Book Thief,Historical Fiction,28
TXN-20260123-01331,2026-01-23,USR-00749,Braiding Sweetgrass,Nature,7
TXN-20230622-01332,2023-06-22,USR-00988,The Very Hungry Caterpillar,Children's,10
TXN-20260313-01333,2026-03-13,USR-00095,The Very Hungry Caterpillar,Children's,35
TXN-20250708-01334,2025-07-08,USR-00356,The Silent Patient,Thriller,28
TXN-20251218-01335,2025-12-18,USR-00391,The Diary of a Young Girl,Biography,14
TXN-20230730-01336,2023-07-30,USR-00256,The Diary of a Young Girl,Biography,14
TXN-20230721-01337,2023-07-21,USR-01265,The Girl with the Dragon Tattoo,Mystery,7
TXN-20230202-01338,2023-02-02,USR-00645,The Girl with the Dragon Tattoo,Mystery,7
TXN-20250702-01339,2025-07-02,USR-01087,The Silent Patient,Thriller,14
TXN-20240319-01340,2024-03-19,USR-00996,Meditations,Philosophy,10
TXN-20240721-01341,2024-07-21,USR-00204,Dune,Science Fiction,14
TXN-20250618-01342,2025-06-18,USR-00251,All the Light We Cannot See,Historical Fiction,21
TXN-20230716-01343,2023-07-16,USR-01102,The Martian,Science Fiction,28
TXN-20250911-01344,2025-09-11,USR-00700,The House in the Cerulean Sea,Young Adult,7
TXN-20240903-01345,2024-09-03,USR-01314,The Girl with the Dragon Tattoo,Mystery,28
TXN-20240717-01346,2024-07-17,USR-00406,A Game of Thrones,Fantasy,10
TXN-20240801-01347,2024-08-01,USR-00057,Sapiens,History,7
TXN-20241112-01348,2024-11-12,USR-00770,All the Light We Cannot See,Historical Fiction,10
TXN-20260121-01349,2026-01-21,USR-00416,The Guest List,Thriller,14
TXN-20260420-01350,2026-04-20,USR-01221,The Left Hand of Darkness,Science Fiction,14
TXN-20260311-01351,2026-03-11,USR-00059,Steve Jobs,Biography,14
TXN-20240704-01352,2024-07-04,USR-00659,The Hate U Give,Young Adult,14
TXN-20241205-01353,2024-12-05,USR-01290,The Hate U Give,Young Adult,21
TXN-20230706-01354,2023-07-06,USR-00023,Becoming,Memoir,21
TXN-20240906-01355,2024-09-06,USR-01243,Braiding Sweetgrass,Nature,35
TXN-20240525-01356,2024-05-25,USR-00406,Project Hail Mary,Science Fiction,14
TXN-20240824-01357,2024-08-24,USR-00011,Where the Crawdads Sing,Literary Fiction,28
TXN-20230620-01358,2023-06-20,USR-00897,Gone Girl,Mystery,7
TXN-20240719-01359,2024-07-19,USR-00111,"Thinking, Fast and Slow",Psychology,7
TXN-20230517-01360,2023-05-17,USR-00374,The Fellowship of the Ring,Fantasy,7
TXN-20230206-01361,2023-02-06,USR-00090,The Silent Patient,Thriller,10
TXN-20240523-01362,2024-05-23,USR-00419,Sapiens,History,7
TXN-20251106-01363,2025-11-06,USR-00465,Becoming,Memoir,14
TXN-20250119-01364,2025-01-19,USR-00987,A Game of Thrones,Fantasy,7
TXN-20251010-01365,2025-10-10,USR-01005,The Thursday Murder Club,Mystery,7
TXN-20241029-01366,2024-10-29,USR-01396,A Brief History of Time,Science,28
TXN-20260406-01367,2026-04-06,USR-00546,Atomic Habits,Self-Help,14
TXN-20250330-01368,2025-03-30,USR-01069,The Kite Runner,Literary Fiction,35
TXN-20251024-01369,2025-10-24,USR-00746,Pride and Prejudice,Classic,42
TXN-20250910-01370,2025-09-10,USR-00002,Where the Crawdads Sing,Literary Fiction,14
TXN-20230227-01371,2023-02-27,USR-01175,The Thursday Murder Club,Mystery,14
TXN-20241230-01372,2024-12-30,USR-00380,A Brief History of Time,Science,21
TXN-20240530-01373,2024-05-30,USR-01146,Matilda,Children's,14
TXN-20250106-01374,2025-01-06,USR-00918,All the Light We Cannot See,Historical Fiction,35
TXN-20260827-01375,2026-08-27,USR-01284,The Guest List,Thriller,7
TXN-20250504-01376,2025-05-04,USR-00753,The Wright Brothers,History,14
TXN-20250719-01377,2025-07-19,USR-00624,The Midnight Library,Contemporary Fiction,7
TXN-20230904-01378,2023-09-04,USR-00265,Braiding Sweetgrass,Nature,14
TXN-20250108-01379,2025-01-08,USR-00460,All the Light We Cannot See,Historical Fiction,14
TXN-20250901-01380,2025-09-01,USR-00235,The Guest List,Thriller,10
TXN-20230518-01381,2023-05-18,USR-00919,The Left Hand of Darkness,Science Fiction,10
TXN-20231008-01382,2023-10-08,USR-00747,The Diary of a Young Girl,Biography,10
TXN-20230528-01383,2023-05-28,USR-00079,Steve Jobs,Biography,35
TXN-20251024-01384,2025-10-24,USR-01220,The House in the Cerulean Sea,Young Adult,42
TXN-20260417-01385,2026-04-17,USR-01226,A Brief History of Time,Science,14
TXN-20230515-01386,2023-05-15,USR-00184,The Wright Brothers,History,28
TXN-20231119-01387,2023-11-19,USR-00243,The Wright Brothers,History,7
TXN-20240607-01388,2024-06-07,USR-00389,The Very Hungry Caterpillar,Children's,14
TXN-20251231-01389,2025-12-31,USR-00739,The Book Thief,Historical Fiction,14
TXN-20251127-01390,2025-11-27,USR-01052,Atomic Habits,Self-Help,7
TXN-20231115-01391,2023-11-15,USR-00920,"Thinking, Fast and Slow",Psychology,7
TXN-20241001-01392,2024-10-01,USR-01047,Becoming,Memoir,35
TXN-20250324-01393,2025-03-24,USR-01185,Pride and Prejudice,Classic,28
TXN-20231127-01394,2023-11-27,USR-00421,Project Hail Mary,Science Fiction,7
TXN-20250708-01395,2025-07-08,USR-00279,The Art of War,Philosophy,14
TXN-20250806-01396,2025-08-06,USR-00261,The Fellowship of the Ring,Fantasy,14
TXN-20250219-01397,2025-02-19,USR-00961,Where the Crawdads Sing,Literary Fiction,7
TXN-20230113-01398,2023-01-13,USR-00888,The Hobbit,Fantasy,10
TXN-20230204-01399,2023-02-04,USR-00030,The Great Gatsby,Classic,21
TXN-20230702-01400,2023-07-02,USR-01196,Matilda,Children's,14
TXN-20230917-01401,2023-09-17,USR-00472,Braiding Sweetgrass,Nature,14
TXN-20251106-01402,2025-11-06,USR-00521,Gone Girl,Mystery,14
TXN-20230525-01403,2023-05-25,USR-00959,Steve Jobs,Biography,14
TXN-20250922-01404,2025-09-22,USR-00254,Becoming,Memoir,21
TXN-20250224-01405,2025-02-24,USR-00471,A Brief History of Time,Science,14
TXN-20260706-01406,2026-07-06,USR-00991,The House in the Cerulean Sea,Young Adult,7
TXN-20251018-01407,2025-10-18,USR-01267,The Great Gatsby,Classic,14
TXN-20230106-01408,2023-01-06,USR-00813,The Girl with the Dragon Tattoo,Mystery,7
TXN-20230811-01409,2023-08-11,USR-00391,"Thinking, Fast and Slow",Psychology,14
TXN-20231111-01410,2023-11-11,USR-00313,The Wright Brothers,History,28
TXN-20240429-01411,2024-04-29,USR-00508,Pride and Prejudice,Classic,7
TXN-20240824-01412,2024-08-24,USR-00359,The Hobbit,Fantasy,14
TXN-20230803-01413,2023-08-03,USR-00889,The Hobbit,Fantasy,10
TXN-20230620-01414,2023-06-20,USR-00984,Charlotte's Web,Children's,14
TXN-20240521-01415,2024-05-21,USR-00724,Becoming,Memoir,7
TXN-20231103-01416,2023-11-03,USR-00029,A Game of Thrones,Fantasy,10
TXN-20230826-01417,2023-08-26,USR-00778,The Guest List,Thriller,10
TXN-20250112-01418,2025-01-12,USR-01314,The Midnight Library,Contemporary Fiction,21
TXN-20260625-01419,2026-06-25,USR-00585,The Psychology of Money,Business,10
TXN-20250618-01420,2025-06-18,USR-00147,Braiding Sweetgrass,Nature,10
TXN-20251104-01421,2025-11-04,USR-00970,A Game of Thrones,Fantasy,7
TXN-20240616-01422,2024-06-16,USR-00773,The Silent Patient,Thriller,14
TXN-20240813-01423,2024-08-13,USR-00726,Gone Girl,Mystery,7
TXN-20260214-01424,2026-02-14,USR-01359,The Kite Runner,Literary Fiction,14
TXN-20230126-01425,2023-01-26,USR-00008,Where the Crawdads Sing,Literary Fiction,10
TXN-20230325-01426,2023-03-25,USR-01120,Meditations,Philosophy,28
TXN-20230113-01427,2023-01-13,USR-00683,The Very Hungry Caterpillar,Children's,28
TXN-20230715-01428,2023-07-15,USR-00176,The Thursday Murder Club,Mystery,14
TXN-20230302-01429,2023-03-02,USR-00806,The Da Vinci Code,Thriller,14
TXN-20230223-01430,2023-02-23,USR-00549,The Wright Brothers,History,7
TXN-20230805-01431,2023-08-05,USR-00034,The Hobbit,Fantasy,10
TXN-20251210-01432,2025-12-10,USR-01303,The Hate U Give,Young Adult,28
TXN-20250415-01433,2025-04-15,USR-00587,A Brief History of Time,Science,7
TXN-20240925-01434,2024-09-25,USR-00416,The Great Gatsby,Classic,14
TXN-20240307-01435,2024-03-07,USR-00932,The Book Thief,Historical Fiction,10
TXN-20241029-01436,2024-10-29,USR-00587,To Kill a Mockingbird,Classic,14
TXN-20250825-01437,2025-08-25,USR-00419,Project Hail Mary,Science Fiction,14
TXN-20250815-01438,2025-08-15,USR-00787,The Psychology of Money,Business,42
TXN-20240606-01439,2024-06-06,USR-00844,The Diary of a Young Girl,Biography,21
TXN-20260424-01440,2026-04-24,USR-00145,Charlotte's Web,Children's,42
TXN-20230330-01441,2023-03-30,USR-00755,Becoming,Memoir,7
TXN-20260412-01442,2026-04-12,USR-00169,A Game of Thrones,Fantasy,14
TXN-20240218-01443,2024-02-18,USR-00692,A Game of Thrones,Fantasy,28
TXN-20231125-01444,2023-11-25,USR-01107,The Name of the Wind,Fantasy,35
TXN-20250727-01445,2025-07-27,USR-01168,The Hobbit,Fantasy,28
TXN-20240928-01446,2024-09-28,USR-00848,The Hobbit,Fantasy,21
TXN-20250408-01447,2025-04-08,USR-00386,Atomic Habits,Self-Help,7
TXN-20260306-01448,2026-03-06,USR-00552,The Book Thief,Historical Fiction,10
TXN-20250117-01449,2025-01-17,USR-00090,Matilda,Children's,7
TXN-20260106-01450,2026-01-06,USR-00230,The Thursday Murder Club,Mystery,14
TXN-20230210-01451,2023-02-10,USR-01361,The Psychology of Money,Business,14
TXN-20251128-01452,2025-11-28,USR-01046,"Thinking, Fast and Slow",Psychology,7
TXN-20230121-01453,2023-01-21,USR-00147,To Kill a Mockingbird,Classic,14
TXN-20251018-01454,2025-10-18,USR-00375,Project Hail Mary,Science Fiction,21
TXN-20260803-01455,2026-08-03,USR-00722,Charlotte's Web,Children's,21
TXN-20240130-01456,2024-01-30,USR-00578,Charlotte's Web,Children's,14
TXN-20240903-01457,2024-09-03,USR-00900,The Left Hand of Darkness,Science Fiction,7
TXN-20230715-01458,2023-07-15,USR-00735,Matilda,Children's,14
TXN-20230913-01459,2023-09-13,USR-00771,The Name of the Wind,Fantasy,10
TXN-20240815-01460,2024-08-15,USR-00699,The Name of the Wind,Fantasy,14
TXN-20260128-01461,2026-01-28,USR-01381,The Great Gatsby,Classic,14
TXN-20240703-01462,2024-07-03,USR-00696,The Psychology of Money,Business,35
TXN-20231122-01463,2023-11-22,USR-00352,Meditations,Philosophy,35
TXN-20250629-01464,2025-06-29,USR-00659,Sapiens,History,28
TXN-20231208-01465,2023-12-08,USR-01230,The Diary of a Young Girl,Biography,14
TXN-20230711-01466,2023-07-11,USR-00707,The Name of the Wind,Fantasy,14
TXN-20230625-01467,2023-06-25,USR-00185,All the Light We Cannot See,Historical Fiction,21
TXN-20240523-01468,2024-05-23,USR-01345,The Book Thief,Historical Fiction,28
TXN-20241017-01469,2024-10-17,USR-00434,The Very Hungry Caterpillar,Children's,14
TXN-20250510-01470,2025-05-10,USR-00624,The Very Hungry Caterpillar,Children's,42
TXN-20260109-01471,2026-01-09,USR-01207,Pride and Prejudice,Classic,14
TXN-20240629-01472,2024-06-29,USR-00817,The Girl with the Dragon Tattoo,Mystery,28
TXN-20250228-01473,2025-02-28,USR-00460,"Thinking, Fast and Slow",Psychology,28
TXN-20241007-01474,2024-10-07,USR-00848,The Diary of a Young Girl,Biography,14
TXN-20260124-01475,2026-01-24,USR-00105,Charlotte's Web,Children's,28
TXN-20250705-01476,2025-07-05,USR-01048,The Hobbit,Fantasy,10
TXN-20240718-01477,2024-07-18,USR-01200,The Martian,Science Fiction,10
TXN-20230408-01478,2023-04-08,USR-00657,All the Light We Cannot See,Historical Fiction,14
TXN-20251107-01479,2025-11-07,USR-00257,Gone Girl,Mystery,14
TXN-20251002-01480,2025-10-02,USR-00658,Educated,Memoir,42
TXN-20231114-01481,2023-11-14,USR-00702,Braiding Sweetgrass,Nature,42
TXN-20231028-01482,2023-10-28,USR-00749,Gone Girl,Mystery,10
TXN-20260529-01483,2026-05-29,USR-00265,The Guest List,Thriller,7
TXN-20240313-01484,2024-03-13,USR-00255,The Wright Brothers,History,14
TXN-20231108-01485,2023-11-08,USR-00510,Steve Jobs,Biography,21
TXN-20250805-01486,2025-08-05,USR-00176,The House in the Cerulean Sea,Young Adult,14
TXN-20251202-01487,2025-12-02,USR-00700,The Psychology of Money,Business,28
TXN-20260319-01488,2026-03-19,USR-00771,The Midnight Library,Contemporary Fiction,7
TXN-20230603-01489,2023-06-03,USR-01203,The Hate U Give,Young Adult,35
TXN-20260101-01490,2026-01-01,USR-00283,The Left Hand of Darkness,Science Fiction,7
TXN-20250623-01491,2025-06-23,USR-01033,The Guest List,Thriller,10
TXN-20230813-01492,2023-08-13,USR-00399,Pride and Prejudice,Classic,7
TXN-20250603-01493,2025-06-03,USR-00729,The Art of War,Philosophy,28
TXN-20260613-01494,2026-06-13,USR-00246,To Kill a Mockingbird,Classic,7
TXN-20231016-01495,2023-10-16,USR-00774,The Great Gatsby,Classic,10
TXN-20260128-01496,2026-01-28,USR-01331,The Midnight Library,Contemporary Fiction,10
TXN-20240111-01497,2024-01-11,USR-01146,The Hate U Give,Young Adult,14
TXN-20230523-01498,2023-05-23,USR-01009,The Midnight Library,Contemporary Fiction,21
TXN-20260805-01499,2026-08-05,USR-00612,The Da Vinci Code,Thriller,7
TXN-20260705-01500,2026-07-05,USR-01096,Matilda,Children's,28
TXN-20250218-01501,2025-02-18,USR-01357,"Thinking, Fast and Slow",Psychology,14
TXN-20250119-01502,2025-01-19,USR-00819,The Martian,Science Fiction,28
TXN-20230116-01503,2023-01-16,USR-00749,Charlotte's Web,Children's,21
TXN-20250222-01504,2025-02-22,USR-00697,Educated,Memoir,21
TXN-20260601-01505,2026-06-01,USR-01047,Matilda,Children's,21
TXN-20240303-01506,2024-03-03,USR-00568,Where the Crawdads Sing,Literary Fiction,7
TXN-20240606-01507,2024-06-06,USR-00640,The Hobbit,Fantasy,21
TXN-20240328-01508,2024-03-28,USR-00148,The Martian,Science Fiction,28
TXN-20230123-01509,2023-01-23,USR-00425,The Psychology of Money,Business,14
TXN-20250919-01510,2025-09-19,USR-00728,Steve Jobs,Biography,28
TXN-20251207-01511,2025-12-07,USR-00129,The House in the Cerulean Sea,Young Adult,28
TXN-20260628-01512,2026-06-28,USR-01012,The Martian,Science Fiction,7
TXN-20240701-01513,2024-07-01,USR-01357,The Great Gatsby,Classic,28
TXN-20230417-01514,2023-04-17,USR-01089,Matilda,Children's,14
TXN-20230502-01515,2023-05-02,USR-00588,Atomic Habits,Self-Help,14
TXN-20260201-01516,2026-02-01,USR-00540,The Psychology of Money,Business,35
TXN-20230616-01517,2023-06-16,USR-00103,A Brief History of Time,Science,14
TXN-20230311-01518,2023-03-11,USR-00493,The House in the Cerulean Sea,Young Adult,7
TXN-20260127-01519,2026-01-27,USR-00453,The Very Hungry Caterpillar,Children's,7
TXN-20250612-01520,2025-06-12,USR-01205,The Guest List,Thriller,42
TXN-20230912-01521,2023-09-12,USR-01060,The Martian,Science Fiction,42
TXN-20240619-01522,2024-06-19,USR-00781,To Kill a Mockingbird,Classic,21
TXN-20260503-01523,2026-05-03,USR-00562,The Diary of a Young Girl,Biography,10
TXN-20260409-01524,2026-04-09,USR-00642,The Thursday Murder Club,Mystery,21
TXN-20230930-01525,2023-09-30,USR-01093,The Hobbit,Fantasy,7
TXN-20240827-01526,2024-08-27,USR-00918,The Silent Patient,Thriller,21
TXN-20230202-01527,2023-02-02,USR-01094,The Wright Brothers,History,10
TXN-20240412-01528,2024-04-12,USR-01185,Atomic Habits,Self-Help,14
TXN-20260415-01529,2026-04-15,USR-00476,The Martian,Science Fiction,28
TXN-20250704-01530,2025-07-04,USR-00940,A Game of Thrones,Fantasy,42
TXN-20240227-01531,2024-02-27,USR-01304,The Guest List,Thriller,28
TXN-20251210-01532,2025-12-10,USR-01207,To Kill a Mockingbird,Classic,28
TXN-20250721-01533,2025-07-21,USR-01230,The Wright Brothers,History,28
TXN-20240120-01534,2024-01-20,USR-00289,The Da Vinci Code,Thriller,42
TXN-20260413-01535,2026-04-13,USR-00661,The Silent Patient,Thriller,28
TXN-20241110-01536,2024-11-10,USR-00451,The Left Hand of Darkness,Science Fiction,7
TXN-20240122-01537,2024-01-22,USR-01259,Atomic Habits,Self-Help,14
TXN-20250829-01538,2025-08-29,USR-00347,Dune,Science Fiction,14
TXN-20240710-01539,2024-07-10,USR-01387,The Diary of a Young Girl,Biography,14
TXN-20251105-01540,2025-11-05,USR-01175,The Hobbit,Fantasy,28
TXN-20230902-01541,2023-09-02,USR-01087,The Girl with the Dragon Tattoo,Mystery,14
TXN-20240206-01542,2024-02-06,USR-01379,The Hobbit,Fantasy,7
TXN-20250424-01543,2025-04-24,USR-01195,Educated,Memoir,7
TXN-20241224-01544,2024-12-24,USR-00883,The Great Gatsby,Classic,28
TXN-20231226-01545,2023-12-26,USR-00797,Where the Crawdads Sing,Literary Fiction,28
TXN-20250808-01546,2025-08-08,USR-00866,The Martian,Science Fiction,28
TXN-20260709-01547,2026-07-09,USR-00022,The Name of the Wind,Fantasy,28
TXN-20260502-01548,2026-05-02,USR-00468,The Guest List,Thriller,14
TXN-20240529-01549,2024-05-29,USR-01168,The Girl with the Dragon Tattoo,Mystery,10
TXN-20250407-01550,2025-04-07,USR-00245,The Very Hungry Caterpillar,Children's,28
TXN-20230309-01551,2023-03-09,USR-01172,To Kill a Mockingbird,Classic,14
TXN-20250915-01552,2025-09-15,USR-01146,Braiding Sweetgrass,Nature,7
TXN-20260320-01553,2026-03-20,USR-00612,The Art of War,Philosophy,7
TXN-20231010-01554,2023-10-10,USR-00445,The Wright Brothers,History,21
TXN-20240329-01555,2024-03-29,USR-01251,Dune,Science Fiction,10
TXN-20230908-01556,2023-09-08,USR-01394,Sapiens,History,14
TXN-20230809-01557,2023-08-09,USR-00513,The Diary of a Young Girl,Biography,14
TXN-20251018-01558,2025-10-18,USR-00227,The Thursday Murder Club,Mystery,35
TXN-20250401-01559,2025-04-01,USR-01104,The House in the Cerulean Sea,Young Adult,14
TXN-20240114-01560,2024-01-14,USR-00890,Charlotte's Web,Children's,28
TXN-20240204-01561,2024-02-04,USR-00762,The Left Hand of Darkness,Science Fiction,21
TXN-20230920-01562,2023-09-20,USR-00118,The Thursday Murder Club,Mystery,28
TXN-20250216-01563,2025-02-16,USR-01353,Braiding Sweetgrass,Nature,7
TXN-20241010-01564,2024-10-10,USR-00245,Steve Jobs,Biography,14
TXN-20241205-01565,2024-12-05,USR-00897,A Brief History of Time,Science,28
TXN-20250514-01566,2025-05-14,USR-00751,The Hate U Give,Young Adult,14
TXN-20240718-01567,2024-07-18,USR-00735,The Hate U Give,Young Adult,42
TXN-20231124-01568,2023-11-24,USR-00747,The Wright Brothers,History,14
TXN-20260219-01569,2026-02-19,USR-01238,Educated,Memoir,28
TXN-20230129-01570,2023-01-29,USR-01202,The Hate U Give,Young Adult,14
TXN-20240425-01571,2024-04-25,USR-00040,Matilda,Children's,14
TXN-20250201-01572,2025-02-01,USR-01296,Meditations,Philosophy,28
TXN-20250331-01573,2025-03-31,USR-01227,Dune,Science Fiction,10
TXN-20250131-01574,2025-01-31,USR-00126,The Fellowship of the Ring,Fantasy,42
TXN-20231017-01575,2023-10-17,USR-00446,Educated,Memoir,7
TXN-20250223-01576,2025-02-23,USR-00938,The Kite Runner,Literary Fiction,21
TXN-20230116-01577,2023-01-16,USR-00564,The Thursday Murder Club,Mystery,21
TXN-20240804-01578,2024-08-04,USR-01098,A Brief History of Time,Science,28
TXN-20260809-01579,2026-08-09,USR-00459,The Kite Runner,Literary Fiction,7
TXN-20230513-01580,2023-05-13,USR-00007,The Left Hand of Darkness,Science Fiction,28
TXN-20250807-01581,2025-08-07,USR-00347,Atomic Habits,Self-Help,21
TXN-20231028-01582,2023-10-28,USR-01147,The Kite Runner,Literary Fiction,28
TXN-20240520-01583,2024-05-20,USR-01250,Dune,Science Fiction,14
TXN-20230802-01584,2023-08-02,USR-01263,Gone Girl,Mystery,14
TXN-20240512-01585,2024-05-12,USR-00003,The Diary of a Young Girl,Biography,14
TXN-20250204-01586,2025-02-04,USR-00294,The Art of War,Philosophy,35
TXN-20240628-01587,2024-06-28,USR-00791,The Martian,Science Fiction,21
TXN-20250411-01588,2025-04-11,USR-01225,Pride and Prejudice,Classic,28
TXN-20231116-01589,2023-11-16,USR-01233,The Name of the Wind,Fantasy,28
TXN-20250719-01590,2025-07-19,USR-01291,A Brief History of Time,Science,14
TXN-20260530-01591,2026-05-30,USR-00595,A Game of Thrones,Fantasy,28
TXN-20250806-01592,2025-08-06,USR-01111,Sapiens,History,14
TXN-20250701-01593,2025-07-01,USR-00747,Project Hail Mary,Science Fiction,7
TXN-20260713-01594,2026-07-13,USR-00959,Sapiens,History,7
TXN-20231026-01595,2023-10-26,USR-01252,The Midnight Library,Contemporary Fiction,7
TXN-20250208-01596,2025-02-08,USR-00977,All the Light We Cannot See,Historical Fiction,28
TXN-20251025-01597,2025-10-25,USR-01198,The Midnight Library,Contemporary Fiction,10
TXN-20240901-01598,2024-09-01,USR-01122,Educated,Memoir,14
TXN-20241219-01599,2024-12-19,USR-00765,The Wright Brothers,History,21
TXN-20260306-01600,2026-03-06,USR-00852,The Da Vinci Code,Thriller,10
TXN-20260111-01601,2026-01-11,USR-01125,The Midnight Library,Contemporary Fiction,42
TXN-20241206-01602,2024-12-06,USR-01349,Meditations,Philosophy,14
TXN-20250608-01603,2025-06-08,USR-01291,The Fellowship of the Ring,Fantasy,7
TXN-20240121-01604,2024-01-21,USR-00477,The Silent Patient,Thriller,10
TXN-20230106-01605,2023-01-06,USR-00287,Educated,Memoir,42
TXN-20240509-01606,2024-05-09,USR-00087,Project Hail Mary,Science Fiction,7
TXN-20241031-01607,2024-10-31,USR-00475,The Fellowship of the Ring,Fantasy,21
TXN-20230801-01608,2023-08-01,USR-00443,The Girl with the Dragon Tattoo,Mystery,28
TXN-20260120-01609,2026-01-20,USR-00802,Project Hail Mary,Science Fiction,21
TXN-20250206-01610,2025-02-06,USR-00002,Meditations,Philosophy,10
TXN-20250321-01611,2025-03-21,USR-00992,Project Hail Mary,Science Fiction,42
TXN-20260807-01612,2026-08-07,USR-00524,The Diary of a Young Girl,Biography,10
TXN-20251127-01613,2025-11-27,USR-01281,The Book Thief,Historical Fiction,7
TXN-20250715-01614,2025-07-15,USR-00717,Meditations,Philosophy,28
TXN-20251022-01615,2025-10-22,USR-00479,All the Light We Cannot See,Historical Fiction,7
TXN-20230101-01616,2023-01-01,USR-00823,Educated,Memoir,28
TXN-20260309-01617,2026-03-09,USR-00773,The Silent Patient,Thriller,42
TXN-20251210-01618,2025-12-10,USR-01344,The Da Vinci Code,Thriller,28
TXN-20250120-01619,2025-01-20,USR-01075,The Wright Brothers,History,21
TXN-20251022-01620,2025-10-22,USR-00100,The Name of the Wind,Fantasy,10
TXN-20230611-01621,2023-06-11,USR-01295,The Left Hand of Darkness,Science Fiction,14
TXN-20230403-01622,2023-04-03,USR-00228,Where the Crawdads Sing,Literary Fiction,10
TXN-20260515-01623,2026-05-15,USR-00760,The Kite Runner,Literary Fiction,28
TXN-20250721-01624,2025-07-21,USR-01116,Educated,Memoir,7
TXN-20231119-01625,2023-11-19,USR-00572,Matilda,Children's,7
TXN-20240213-01626,2024-02-13,USR-00281,The Very Hungry Caterpillar,Children's,7
TXN-20250707-01627,2025-07-07,USR-00092,The Kite Runner,Literary Fiction,14
TXN-20250509-01628,2025-05-09,USR-00570,A Game of Thrones,Fantasy,14
TXN-20230607-01629,2023-06-07,USR-00177,Project Hail Mary,Science Fiction,14
TXN-20241219-01630,2024-12-19,USR-00320,The Kite Runner,Literary Fiction,28
TXN-20230904-01631,2023-09-04,USR-00541,The Kite Runner,Literary Fiction,28
TXN-20240818-01632,2024-08-18,USR-00033,Sapiens,History,21
TXN-20240617-01633,2024-06-17,USR-01064,The Da Vinci Code,Thriller,14
TXN-20250123-01634,2025-01-23,USR-00406,The Book Thief,Historical Fiction,21
TXN-20251106-01635,2025-11-06,USR-00031,The Very Hungry Caterpillar,Children's,14
TXN-20241102-01636,2024-11-02,USR-00087,The Psychology of Money,Business,14
TXN-20230310-01637,2023-03-10,USR-00511,Pride and Prejudice,Classic,14
TXN-20241128-01638,2024-11-28,USR-00178,The Name of the Wind,Fantasy,7
TXN-20240728-01639,2024-07-28,USR-01075,All the Light We Cannot See,Historical Fiction,10
TXN-20240318-01640,2024-03-18,USR-00066,The Wright Brothers,History,28
TXN-20260529-01641,2026-05-29,USR-00250,The Great Gatsby,Classic,21
TXN-20240822-01642,2024-08-22,USR-01396,The Psychology of Money,Business,21
TXN-20231229-01643,2023-12-29,USR-00713,The Silent Patient,Thriller,14
TXN-20230620-01644,2023-06-20,USR-00586,Atomic Habits,Self-Help,7
TXN-20240318-01645,2024-03-18,USR-00614,Sapiens,History,10
TXN-20260131-01646,2026-01-31,USR-00672,Gone Girl,Mystery,14
TXN-20230803-01647,2023-08-03,USR-00051,The Very Hungry Caterpillar,Children's,35
TXN-20240320-01648,2024-03-20,USR-00492,Matilda,Children's,7
TXN-20250124-01649,2025-01-24,USR-00266,Dune,Science Fiction,21
TXN-20231027-01650,2023-10-27,USR-00412,The Very Hungry Caterpillar,Children's,10
TXN-20231124-01651,2023-11-24,USR-01195,The House in the Cerulean Sea,Young Adult,14
TXN-20230914-01652,2023-09-14,USR-00786,Educated,Memoir,7
TXN-20241109-01653,2024-11-09,USR-00140,Atomic Habits,Self-Help,35
TXN-20250731-01654,2025-07-31,USR-00154,A Brief History of Time,Science,28
TXN-20241203-01655,2024-12-03,USR-01392,Meditations,Philosophy,14
TXN-20240302-01656,2024-03-02,USR-00173,Sapiens,History,28
TXN-20230819-01657,2023-08-19,USR-00380,All the Light We Cannot See,Historical Fiction,21
TXN-20241227-01658,2024-12-27,USR-00500,"Thinking, Fast and Slow",Psychology,35
TXN-20240710-01659,2024-07-10,USR-01166,The Girl with the Dragon Tattoo,Mystery,28
TXN-20231212-01660,2023-12-12,USR-00392,A Game of Thrones,Fantasy,28
TXN-20231227-01661,2023-12-27,USR-00075,The Art of War,Philosophy,7
TXN-20250807-01662,2025-08-07,USR-00062,Becoming,Memoir,7
TXN-20240221-01663,2024-02-21,USR-01256,Where the Crawdads Sing,Literary Fiction,42
TXN-20230306-01664,2023-03-06,USR-00357,Pride and Prejudice,Classic,10
TXN-20251021-01665,2025-10-21,USR-01196,The Wright Brothers,History,7
TXN-20240824-01666,2024-08-24,USR-00790,Dune,Science Fiction,42
TXN-20230711-01667,2023-07-11,USR-00953,The Fellowship of the Ring,Fantasy,21
TXN-20251112-01668,2025-11-12,USR-00093,The Girl with the Dragon Tattoo,Mystery,21
TXN-20240824-01669,2024-08-24,USR-01339,Pride and Prejudice,Classic,28
TXN-20260205-01670,2026-02-05,USR-00718,Steve Jobs,Biography,21
TXN-20260623-01671,2026-06-23,USR-00636,Atomic Habits,Self-Help,28
TXN-20230816-01672,2023-08-16,USR-00474,The Diary of a Young Girl,Biography,35
TXN-20241023-01673,2024-10-23,USR-00453,The Girl with the Dragon Tattoo,Mystery,28
TXN-20240521-01674,2024-05-21,USR-00696,Where the Crawdads Sing,Literary Fiction,28
TXN-20240724-01675,2024-07-24,USR-00114,The Art of War,Philosophy,35
TXN-20230523-01676,2023-05-23,USR-00160,The Great Gatsby,Classic,28
TXN-20230126-01677,2023-01-26,USR-00588,A Game of Thrones,Fantasy,14
TXN-20241021-01678,2024-10-21,USR-01329,The Thursday Murder Club,Mystery,14
TXN-20241107-01679,2024-11-07,USR-01158,The Fellowship of the Ring,Fantasy,21
TXN-20231029-01680,2023-10-29,USR-00938,Atomic Habits,Self-Help,7
TXN-20250522-01681,2025-05-22,USR-00023,Educated,Memoir,14
TXN-20230727-01682,2023-07-27,USR-01316,The Hate U Give,Young Adult,14
TXN-20260425-01683,2026-04-25,USR-00242,The Hate U Give,Young Adult,14
TXN-20240918-01684,2024-09-18,USR-00452,Project Hail Mary,Science Fiction,28
TXN-20230503-01685,2023-05-03,USR-00012,Becoming,Memoir,28
TXN-20240718-01686,2024-07-18,USR-01386,The Psychology of Money,Business,14
TXN-20250716-01687,2025-07-16,USR-00882,The Fellowship of the Ring,Fantasy,14
TXN-20250511-01688,2025-05-11,USR-00349,The Kite Runner,Literary Fiction,14
TXN-20250616-01689,2025-06-16,USR-00313,The Girl with the Dragon Tattoo,Mystery,28
TXN-20260825-01690,2026-08-25,USR-01235,The Art of War,Philosophy,21
TXN-20260222-01691,2026-02-22,USR-00767,A Game of Thrones,Fantasy,28
TXN-20260822-01692,2026-08-22,USR-00410,The Fellowship of the Ring,Fantasy,7
TXN-20260514-01693,2026-05-14,USR-00334,The Art of War,Philosophy,14
TXN-20251128-01694,2025-11-28,USR-00664,The Martian,Science Fiction,7
TXN-20260227-01695,2026-02-27,USR-01303,Matilda,Children's,7
TXN-20250927-01696,2025-09-27,USR-01092,The Book Thief,Historical Fiction,7
TXN-20230614-01697,2023-06-14,USR-00264,Meditations,Philosophy,42
TXN-20241108-01698,2024-11-08,USR-00719,Braiding Sweetgrass,Nature,21
TXN-20231006-01699,2023-10-06,USR-00349,Educated,Memoir,7
TXN-20250722-01700,2025-07-22,USR-00461,Braiding Sweetgrass,Nature,14
TXN-20260412-01701,2026-04-12,USR-00814,Becoming,Memoir,28
TXN-20230804-01702,2023-08-04,USR-00623,Meditations,Philosophy,10
TXN-20230104-01703,2023-01-04,USR-00352,The Hobbit,Fantasy,7
TXN-20250929-01704,2025-09-29,USR-00934,The Art of War,Philosophy,28
TXN-20250827-01705,2025-08-27,USR-00152,Steve Jobs,Biography,28
TXN-20250705-01706,2025-07-05,USR-00319,The Diary of a Young Girl,Biography,28
TXN-20241122-01707,2024-11-22,USR-01087,Where the Crawdads Sing,Literary Fiction,14
TXN-20241016-01708,2024-10-16,USR-00614,The Left Hand of Darkness,Science Fiction,21
TXN-20250110-01709,2025-01-10,USR-00644,A Brief History of Time,Science,10
TXN-20240915-01710,2024-09-15,USR-00206,Where the Crawdads Sing,Literary Fiction,10
TXN-20250927-01711,2025-09-27,USR-00792,Steve Jobs,Biography,10
TXN-20250929-01712,2025-09-29,USR-00028,Steve Jobs,Biography,28
TXN-20240315-01713,2024-03-15,USR-00187,The Psychology of Money,Business,21
TXN-20260513-01714,2026-05-13,USR-00874,Gone Girl,Mystery,21
TXN-20260811-01715,2026-08-11,USR-00110,Becoming,Memoir,35
TXN-20230810-01716,2023-08-10,USR-00464,The Art of War,Philosophy,28
TXN-20250202-01717,2025-02-02,USR-00351,The Kite Runner,Literary Fiction,14
TXN-20230224-01718,2023-02-24,USR-00043,"Thinking, Fast and Slow",Psychology,10
TXN-20240509-01719,2024-05-09,USR-00422,Educated,Memoir,14
TXN-20250921-01720,2025-09-21,USR-00911,Meditations,Philosophy,28
TXN-20260531-01721,2026-05-31,USR-00513,The Great Gatsby,Classic,14
TXN-20260811-01722,2026-08-11,USR-00702,Matilda,Children's,14
TXN-20240903-01723,2024-09-03,USR-00786,The Fellowship of the Ring,Fantasy,21
TXN-20240710-01724,2024-07-10,USR-00591,Sapiens,History,28
TXN-20251015-01725,2025-10-15,USR-00397,The Thursday Murder Club,Mystery,7
TXN-20250328-01726,2025-03-28,USR-01045,The Kite Runner,Literary Fiction,14
TXN-20251112-01727,2025-11-12,USR-00474,The Guest List,Thriller,28
TXN-20250401-01728,2025-04-01,USR-00104,Sapiens,History,7
TXN-20250612-01729,2025-06-12,USR-01210,The Name of the Wind,Fantasy,7
TXN-20230314-01730,2023-03-14,USR-01209,A Game of Thrones,Fantasy,28
TXN-20240711-01731,2024-07-11,USR-00112,All the Light We Cannot See,Historical Fiction,10
TXN-20260102-01732,2026-01-02,USR-01158,The Fellowship of the Ring,Fantasy,35
TXN-20230419-01733,2023-04-19,USR-01179,The Silent Patient,Thriller,42
TXN-20240122-01734,2024-01-22,USR-00210,The Left Hand of Darkness,Science Fiction,28
TXN-20241220-01735,2024-12-20,USR-00015,The Da Vinci Code,Thriller,28
TXN-20230701-01736,2023-07-01,USR-00713,Matilda,Children's,14
TXN-20251226-01737,2025-12-26,USR-00890,The Martian,Science Fiction,7
TXN-20250708-01738,2025-07-08,USR-01284,The Art of War,Philosophy,7
TXN-20260813-01739,2026-08-13,USR-01324,Atomic Habits,Self-Help,21
TXN-20260205-01740,2026-02-05,USR-00514,The Diary of a Young Girl,Biography,7
TXN-20250420-01741,2025-04-20,USR-00225,The Hate U Give,Young Adult,7
TXN-20250217-01742,2025-02-17,USR-00420,The Girl with the Dragon Tattoo,Mystery,28
TXN-20260118-01743,2026-01-18,USR-00147,Educated,Memoir,14
TXN-20260728-01744,2026-07-28,USR-01229,The Diary of a Young Girl,Biography,7
TXN-20251122-01745,2025-11-22,USR-00900,Educated,Memoir,35
TXN-20260118-01746,2026-01-18,USR-00101,Educated,Memoir,35
TXN-20260601-01747,2026-06-01,USR-01291,The Guest List,Thriller,42
TXN-20260218-01748,2026-02-18,USR-00789,The Great Gatsby,Classic,7
TXN-20250504-01749,2025-05-04,USR-00601,The Wright Brothers,History,14
TXN-20240527-01750,2024-05-27,USR-00640,Gone Girl,Mystery,21
TXN-20241030-01751,2024-10-30,USR-01205,Project Hail Mary,Science Fiction,10
TXN-20250707-01752,2025-07-07,USR-01125,A Game of Thrones,Fantasy,28
TXN-20230719-01753,2023-07-19,USR-01123,Atomic Habits,Self-Help,21
TXN-20260116-01754,2026-01-16,USR-01318,"Thinking, Fast and Slow",Psychology,14
TXN-20250601-01755,2025-06-01,USR-00315,To Kill a Mockingbird,Classic,14
TXN-20230512-01756,2023-05-12,USR-00902,The Kite Runner,Literary Fiction,14
TXN-20241019-01757,2024-10-19,USR-01107,The Great Gatsby,Classic,28
TXN-20260805-01758,2026-08-05,USR-00121,"Thinking, Fast and Slow",Psychology,14
TXN-20230122-01759,2023-01-22,USR-01360,Braiding Sweetgrass,Nature,35
TXN-20250816-01760,2025-08-16,USR-00861,The Silent Patient,Thriller,7
TXN-20250304-01761,2025-03-04,USR-01375,Atomic Habits,Self-Help,10
TXN-20240708-01762,2024-07-08,USR-00477,Matilda,Children's,21
TXN-20231013-01763,2023-10-13,USR-00733,Where the Crawdads Sing,Literary Fiction,7
TXN-20250819-01764,2025-08-19,USR-00753,A Game of Thrones,Fantasy,28
TXN-20250801-01765,2025-08-01,USR-00475,The Midnight Library,Contemporary Fiction,28
TXN-20230308-01766,2023-03-08,USR-01197,Charlotte's Web,Children's,21
TXN-20241028-01767,2024-10-28,USR-00816,All the Light We Cannot See,Historical Fiction,28
TXN-20240622-01768,2024-06-22,USR-00479,The Martian,Science Fiction,14
TXN-20260708-01769,2026-07-08,USR-00007,To Kill a Mockingbird,Classic,14
TXN-20250802-01770,2025-08-02,USR-00406,The Da Vinci Code,Thriller,28
TXN-20240112-01771,2024-01-12,USR-01318,The Girl with the Dragon Tattoo,Mystery,14
TXN-20250926-01772,2025-09-26,USR-01227,Gone Girl,Mystery,14
TXN-20260609-01773,2026-06-09,USR-00173,The Great Gatsby,Classic,21
TXN-20250602-01774,2025-06-02,USR-00887,Sapiens,History,14
TXN-20250729-01775,2025-07-29,USR-00413,Dune,Science Fiction,21
TXN-20260725-01776,2026-07-25,USR-01008,Becoming,Memoir,21
TXN-20231102-01777,2023-11-02,USR-00904,The Martian,Science Fiction,14
TXN-20231018-01778,2023-10-18,USR-00015,The Guest List,Thriller,10
TXN-20230913-01779,2023-09-13,USR-00076,The Diary of a Young Girl,Biography,35
TXN-20230522-01780,2023-05-22,USR-01395,Matilda,Children's,14
TXN-20260820-01781,2026-08-20,USR-00204,Matilda,Children's,14
TXN-20231225-01782,2023-12-25,USR-00695,The Left Hand of Darkness,Science Fiction,7
TXN-20230206-01783,2023-02-06,USR-00223,The Midnight Library,Contemporary Fiction,28
TXN-20241228-01784,2024-12-28,USR-00260,The Name of the Wind,Fantasy,14
TXN-20241127-01785,2024-11-27,USR-00885,Sapiens,History,14
TXN-20260214-01786,2026-02-14,USR-01301,The Diary of a Young Girl,Biography,35
TXN-20260502-01787,2026-05-02,USR-01247,Atomic Habits,Self-Help,28
TXN-20250328-01788,2025-03-28,USR-01310,The Martian,Science Fiction,7
TXN-20251214-01789,2025-12-14,USR-00504,Project Hail Mary,Science Fiction,28
TXN-20250825-01790,2025-08-25,USR-01009,The Psychology of Money,Business,7
TXN-20241114-01791,2024-11-14,USR-00954,The Kite Runner,Literary Fiction,7
TXN-20230618-01792,2023-06-18,USR-01230,Dune,Science Fiction,28
TXN-20230508-01793,2023-05-08,USR-00903,The Art of War,Philosophy,28
TXN-20260426-01794,2026-04-26,USR-00942,The Fellowship of the Ring,Fantasy,10
TXN-20230302-01795,2023-03-02,USR-01305,The Da Vinci Code,Thriller,42
TXN-20260715-01796,2026-07-15,USR-00612,The Name of the Wind,Fantasy,10
TXN-20240908-01797,2024-09-08,USR-00944,The Midnight Library,Contemporary Fiction,21
TXN-20231219-01798,2023-12-19,USR-01100,"Thinking, Fast and Slow",Psychology,14
TXN-20260116-01799,2026-01-16,USR-01149,The Wright Brothers,History,21
TXN-20250408-01800,2025-04-08,USR-00899,The Very Hungry Caterpillar,Children's,7
TXN-20240420-01801,2024-04-20,USR-00448,Educated,Memoir,28
TXN-20230323-01802,2023-03-23,USR-00104,The Hate U Give,Young Adult,21
TXN-20260208-01803,2026-02-08,USR-00161,The Wright Brothers,History,10
TXN-20251017-01804,2025-10-17,USR-01322,The Great Gatsby,Classic,10
TXN-20230829-01805,2023-08-29,USR-01330,The Left Hand of Darkness,Science Fiction,10
TXN-20241128-01806,2024-11-28,USR-00526,A Game of Thrones,Fantasy,35
TXN-20240215-01807,2024-02-15,USR-01383,The Great Gatsby,Classic,7
TXN-20251222-01808,2025-12-22,USR-00034,The Thursday Murder Club,Mystery,21
TXN-20260202-01809,2026-02-02,USR-00341,"Thinking, Fast and Slow",Psychology,7
TXN-20240611-01810,2024-06-11,USR-00234,The Silent Patient,Thriller,7
TXN-20231004-01811,2023-10-04,USR-01158,Steve Jobs,Biography,7
TXN-20241017-01812,2024-10-17,USR-00849,The Very Hungry Caterpillar,Children's,7
TXN-20240310-01813,2024-03-10,USR-00001,The Midnight Library,Contemporary Fiction,21
TXN-20241121-01814,2024-11-21,USR-00526,To Kill a Mockingbird,Classic,14
TXN-20260419-01815,2026-04-19,USR-00068,The Guest List,Thriller,14
TXN-20240531-01816,2024-05-31,USR-00382,The Very Hungry Caterpillar,Children's,10
TXN-20231117-01817,2023-11-17,USR-01340,The Girl with the Dragon Tattoo,Mystery,42
TXN-20240511-01818,2024-05-11,USR-00267,Becoming,Memoir,28
TXN-20250523-01819,2025-05-23,USR-01273,The Kite Runner,Literary Fiction,28
TXN-20241130-01820,2024-11-30,USR-00383,The Silent Patient,Thriller,14
TXN-20240617-01821,2024-06-17,USR-00832,The Hate U Give,Young Adult,21
TXN-20250531-01822,2025-05-31,USR-01227,The Thursday Murder Club,Mystery,28
TXN-20231008-01823,2023-10-08,USR-00449,The Name of the Wind,Fantasy,14
TXN-20260507-01824,2026-05-07,USR-00478,The Hate U Give,Young Adult,14
TXN-20240510-01825,2024-05-10,USR-01335,Atomic Habits,Self-Help,14
TXN-20260210-01826,2026-02-10,USR-00820,Charlotte's Web,Children's,21
TXN-20240421-01827,2024-04-21,USR-00920,The Martian,Science Fiction,7
TXN-20230620-01828,2023-06-20,USR-00702,The Wright Brothers,History,28
TXN-20230301-01829,2023-03-01,USR-00630,The Guest List,Thriller,7
TXN-20251002-01830,2025-10-02,USR-00238,The Left Hand of Darkness,Science Fiction,7
TXN-20241002-01831,2024-10-02,USR-00804,The Great Gatsby,Classic,14
TXN-20260218-01832,2026-02-18,USR-01240,The Midnight Library,Contemporary Fiction,7
TXN-20230922-01833,2023-09-22,USR-00953,The Art of War,Philosophy,10
TXN-20230409-01834,2023-04-09,USR-01394,A Brief History of Time,Science,10
TXN-20230623-01835,2023-06-23,USR-01145,The Left Hand of Darkness,Science Fiction,10
TXN-20240911-01836,2024-09-11,USR-00765,Dune,Science Fiction,28
TXN-20230306-01837,2023-03-06,USR-00339,The Thursday Murder Club,Mystery,14
TXN-20260813-01838,2026-08-13,USR-01053,The House in the Cerulean Sea,Young Adult,28
TXN-20250226-01839,2025-02-26,USR-00050,Gone Girl,Mystery,10
TXN-20250124-01840,2025-01-24,USR-00371,To Kill a Mockingbird,Classic,28
TXN-20260111-01841,2026-01-11,USR-00753,The Martian,Science Fiction,7
TXN-20250704-01842,2025-07-04,USR-00375,Sapiens,History,7
TXN-20240722-01843,2024-07-22,USR-00829,Project Hail Mary,Science Fiction,14
TXN-20250209-01844,2025-02-09,USR-00517,The Wright Brothers,History,14
TXN-20240322-01845,2024-03-22,USR-00835,The Da Vinci Code,Thriller,28
TXN-20260622-01846,2026-06-22,USR-00450,Educated,Memoir,14
TXN-20230323-01847,2023-03-23,USR-00532,The Silent Patient,Thriller,14
TXN-20240115-01848,2024-01-15,USR-00758,The Silent Patient,Thriller,14
TXN-20241104-01849,2024-11-04,USR-01231,Becoming,Memoir,42
TXN-20250805-01850,2025-08-05,USR-00635,The Kite Runner,Literary Fiction,10
TXN-20240323-01851,2024-03-23,USR-00887,The Name of the Wind,Fantasy,14
TXN-20240625-01852,2024-06-25,USR-00888,Braiding Sweetgrass,Nature,14
TXN-20260717-01853,2026-07-17,USR-00132,Pride and Prejudice,Classic,35
TXN-20250324-01854,2025-03-24,USR-01092,Educated,Memoir,14
TXN-20230321-01855,2023-03-21,USR-01035,The Hobbit,Fantasy,10
TXN-20230717-01856,2023-07-17,USR-00672,Gone Girl,Mystery,21
TXN-20250330-01857,2025-03-30,USR-00014,Project Hail Mary,Science Fiction,14
TXN-20250125-01858,2025-01-25,USR-01128,Educated,Memoir,7
TXN-20250303-01859,2025-03-03,USR-00070,The Martian,Science Fiction,28
TXN-20251108-01860,2025-11-08,USR-00991,The Kite Runner,Literary Fiction,21
TXN-20230723-01861,2023-07-23,USR-00373,Atomic Habits,Self-Help,28
TXN-20240320-01862,2024-03-20,USR-00327,Dune,Science Fiction,42
TXN-20240604-01863,2024-06-04,USR-00975,The Wright Brothers,History,14
TXN-20230831-01864,2023-08-31,USR-00769,The Midnight Library,Contemporary Fiction,14
TXN-20250629-01865,2025-06-29,USR-00266,A Game of Thrones,Fantasy,28
TXN-20230326-01866,2023-03-26,USR-01093,The Kite Runner,Literary Fiction,14
TXN-20250205-01867,2025-02-05,USR-00562,The Great Gatsby,Classic,28
TXN-20240714-01868,2024-07-14,USR-00923,The Hobbit,Fantasy,14
TXN-20231115-01869,2023-11-15,USR-00841,The Diary of a Young Girl,Biography,28
TXN-20260317-01870,2026-03-17,USR-01385,The Left Hand of Darkness,Science Fiction,35
TXN-20241021-01871,2024-10-21,USR-00404,The Martian,Science Fiction,7
TXN-20240204-01872,2024-02-04,USR-01289,Becoming,Memoir,7
TXN-20240517-01873,2024-05-17,USR-00884,Steve Jobs,Biography,7
TXN-20240626-01874,2024-06-26,USR-00055,Pride and Prejudice,Classic,35
TXN-20240124-01875,2024-01-24,USR-00981,Becoming,Memoir,28
TXN-20260604-01876,2026-06-04,USR-00368,The Left Hand of Darkness,Science Fiction,7
TXN-20250812-01877,2025-08-12,USR-00749,Sapiens,History,10
TXN-20240526-01878,2024-05-26,USR-00783,A Game of Thrones,Fantasy,14
TXN-20240903-01879,2024-09-03,USR-00008,Meditations,Philosophy,10
TXN-20240214-01880,2024-02-14,USR-00657,Educated,Memoir,35
TXN-20241106-01881,2024-11-06,USR-00700,The Wright Brothers,History,21
TXN-20230831-01882,2023-08-31,USR-00620,The Wright Brothers,History,14
TXN-20240619-01883,2024-06-19,USR-00580,Atomic Habits,Self-Help,10
TXN-20260111-01884,2026-01-11,USR-01391,Gone Girl,Mystery,42
TXN-20230929-01885,2023-09-29,USR-00646,The Psychology of Money,Business,7
TXN-20240606-01886,2024-06-06,USR-00921,The Wright Brothers,History,10
TXN-20230108-01887,2023-01-08,USR-01106,The Hate U Give,Young Adult,14
TXN-20260420-01888,2026-04-20,USR-01081,Becoming,Memoir,14
TXN-20230123-01889,2023-01-23,USR-01281,The Girl with the Dragon Tattoo,Mystery,14
TXN-20240513-01890,2024-05-13,USR-00083,Charlotte's Web,Children's,21
TXN-20230923-01891,2023-09-23,USR-00647,The Name of the Wind,Fantasy,14
TXN-20241015-01892,2024-10-15,USR-00045,Dune,Science Fiction,10
TXN-20241001-01893,2024-10-01,USR-01017,The Wright Brothers,History,7
TXN-20260111-01894,2026-01-11,USR-00284,Project Hail Mary,Science Fiction,28
TXN-20241109-01895,2024-11-09,USR-00054,The Thursday Murder Club,Mystery,28
TXN-20250613-01896,2025-06-13,USR-00154,The Hate U Give,Young Adult,21
TXN-20260831-01897,2026-08-31,USR-01327,Sapiens,History,14
TXN-20240415-01898,2024-04-15,USR-00219,The Diary of a Young Girl,Biography,14
TXN-20250413-01899,2025-04-13,USR-00304,Charlotte's Web,Children's,7
TXN-20230925-01900,2023-09-25,USR-00364,Dune,Science Fiction,21
TXN-20240819-01901,2024-08-19,USR-00879,"Thinking, Fast and Slow",Psychology,28
TXN-20230110-01902,2023-01-10,USR-00440,Pride and Prejudice,Classic,21
TXN-20260717-01903,2026-07-17,USR-00840,Dune,Science Fiction,7
TXN-20230426-01904,2023-04-26,USR-00654,Sapiens,History,10
TXN-20250705-01905,2025-07-05,USR-00874,Meditations,Philosophy,14
TXN-20260324-01906,2026-03-24,USR-00290,Meditations,Philosophy,14
TXN-20231129-01907,2023-11-29,USR-00706,Meditations,Philosophy,35
TXN-20230702-01908,2023-07-02,USR-00368,The Martian,Science Fiction,7
TXN-20230731-01909,2023-07-31,USR-00584,The Guest List,Thriller,21
TXN-20250509-01910,2025-05-09,USR-00443,All the Light We Cannot See,Historical Fiction,10
TXN-20230213-01911,2023-02-13,USR-01087,Steve Jobs,Biography,21
TXN-20241203-01912,2024-12-03,USR-00744,Meditations,Philosophy,14
TXN-20240813-01913,2024-08-13,USR-01290,The Name of the Wind,Fantasy,35
TXN-20230601-01914,2023-06-01,USR-01241,To Kill a Mockingbird,Classic,14
TXN-20240131-01915,2024-01-31,USR-00845,Meditations,Philosophy,14
TXN-20240426-01916,2024-04-26,USR-00461,Matilda,Children's,7
TXN-20251213-01917,2025-12-13,USR-00418,Matilda,Children's,21
TXN-20260113-01918,2026-01-13,USR-01031,The Guest List,Thriller,10
TXN-20260822-01919,2026-08-22,USR-00454,The Kite Runner,Literary Fiction,7
TXN-20231119-01920,2023-11-19,USR-00969,The Left Hand of Darkness,Science Fiction,14
TXN-20251109-01921,2025-11-09,USR-01079,The Thursday Murder Club,Mystery,28
TXN-20250306-01922,2025-03-06,USR-00103,The Guest List,Thriller,14
TXN-20250410-01923,2025-04-10,USR-00344,The Kite Runner,Literary Fiction,35
TXN-20260109-01924,2026-01-09,USR-00632,Project Hail Mary,Science Fiction,7
TXN-20250817-01925,2025-08-17,USR-00603,The Name of the Wind,Fantasy,14
TXN-20230316-01926,2023-03-16,USR-00426,The Great Gatsby,Classic,10
TXN-20251105-01927,2025-11-05,USR-00632,"Thinking, Fast and Slow",Psychology,10
TXN-20240531-01928,2024-05-31,USR-00061,Charlotte's Web,Children's,42
TXN-20240415-01929,2024-04-15,USR-00080,"Thinking, Fast and Slow",Psychology,14
TXN-20231211-01930,2023-12-11,USR-01189,Meditations,Philosophy,10
TXN-20250827-01931,2025-08-27,USR-00864,Becoming,Memoir,14
TXN-20240520-01932,2024-05-20,USR-00454,Matilda,Children's,21
TXN-20240504-01933,2024-05-04,USR-01295,Meditations,Philosophy,7
TXN-20231001-01934,2023-10-01,USR-01335,The House in the Cerulean Sea,Young Adult,28
TXN-20260630-01935,2026-06-30,USR-01148,The Silent Patient,Thriller,10
TXN-20260829-01936,2026-08-29,USR-00534,Dune,Science Fiction,14
TXN-20260625-01937,2026-06-25,USR-00866,Project Hail Mary,Science Fiction,10
TXN-20240727-01938,2024-07-27,USR-00699,Braiding Sweetgrass,Nature,21
TXN-20250924-01939,2025-09-24,USR-00497,A Brief History of Time,Science,10
TXN-20251003-01940,2025-10-03,USR-00484,The Name of the Wind,Fantasy,28
TXN-20240503-01941,2024-05-03,USR-01182,To Kill a Mockingbird,Classic,14
TXN-20241231-01942,2024-12-31,USR-01148,The Very Hungry Caterpillar,Children's,14
TXN-20250908-01943,2025-09-08,USR-00763,The Martian,Science Fiction,14
TXN-20230113-01944,2023-01-13,USR-00288,The Very Hungry Caterpillar,Children's,28
TXN-20241109-01945,2024-11-09,USR-00342,The Kite Runner,Literary Fiction,28
TXN-20260107-01946,2026-01-07,USR-00715,The Thursday Murder Club,Mystery,14
TXN-20240914-01947,2024-09-14,USR-00773,Meditations,Philosophy,14
TXN-20250207-01948,2025-02-07,USR-00864,The House in the Cerulean Sea,Young Adult,14
TXN-20240916-01949,2024-09-16,USR-00289,Where the Crawdads Sing,Literary Fiction,7
TXN-20250917-01950,2025-09-17,USR-00340,Atomic Habits,Self-Help,42
TXN-20260717-01951,2026-07-17,USR-00271,The Great Gatsby,Classic,14
TXN-20231119-01952,2023-11-19,USR-01006,The Diary of a Young Girl,Biography,42
TXN-20230508-01953,2023-05-08,USR-00950,Matilda,Children's,14
TXN-20250104-01954,2025-01-04,USR-00805,The Left Hand of Darkness,Science Fiction,28
TXN-20240211-01955,2024-02-11,USR-01052,The Midnight Library,Contemporary Fiction,28
TXN-20240428-01956,2024-04-28,USR-01319,The Thursday Murder Club,Mystery,14
TXN-20250126-01957,2025-01-26,USR-01374,Sapiens,History,21
TXN-20260128-01958,2026-01-28,USR-01072,The Girl with the Dragon Tattoo,Mystery,28
TXN-20230713-01959,2023-07-13,USR-01102,Charlotte's Web,Children's,14
TXN-20240625-01960,2024-06-25,USR-01158,Where the Crawdads Sing,Literary Fiction,10
TXN-20260530-01961,2026-05-30,USR-00867,A Game of Thrones,Fantasy,14
TXN-20230516-01962,2023-05-16,USR-00821,The Da Vinci Code,Thriller,10
TXN-20240308-01963,2024-03-08,USR-01333,A Brief History of Time,Science,28
TXN-20241128-01964,2024-11-28,USR-01161,Atomic Habits,Self-Help,42
TXN-20250717-01965,2025-07-17,USR-00131,Educated,Memoir,35
TXN-20240119-01966,2024-01-19,USR-00187,The Da Vinci Code,Thriller,35
TXN-20240619-01967,2024-06-19,USR-01121,A Game of Thrones,Fantasy,7
TXN-20230519-01968,2023-05-19,USR-00195,The Thursday Murder Club,Mystery,7
TXN-20240504-01969,2024-05-04,USR-01002,The Kite Runner,Literary Fiction,7
TXN-20240509-01970,2024-05-09,USR-00898,The Hobbit,Fantasy,35
TXN-20231030-01971,2023-10-30,USR-00846,The Great Gatsby,Classic,7
TXN-20240414-01972,2024-04-14,USR-00684,Gone Girl,Mystery,35
TXN-20230207-01973,2023-02-07,USR-00586,Educated,Memoir,10
TXN-20260508-01974,2026-05-08,USR-00413,The Silent Patient,Thriller,21
TXN-20241106-01975,2024-11-06,USR-00226,Steve Jobs,Biography,14
TXN-20260116-01976,2026-01-16,USR-01354,Project Hail Mary,Science Fiction,42
TXN-20260416-01977,2026-04-16,USR-00799,Matilda,Children's,14
TXN-20250425-01978,2025-04-25,USR-00058,Braiding Sweetgrass,Nature,28
TXN-20240419-01979,2024-04-19,USR-00857,Educated,Memoir,7
TXN-20230222-01980,2023-02-22,USR-01167,The Diary of a Young Girl,Biography,7
TXN-20260329-01981,2026-03-29,USR-01101,Gone Girl,Mystery,42
TXN-20260621-01982,2026-06-21,USR-00564,Matilda,Children's,35
TXN-20260313-01983,2026-03-13,USR-00349,The Hobbit,Fantasy,21
TXN-20260721-01984,2026-07-21,USR-00458,The Left Hand of Darkness,Science Fiction,21
TXN-20230803-01985,2023-08-03,USR-01037,Sapiens,History,14
TXN-20250115-01986,2025-01-15,USR-00406,The Silent Patient,Thriller,14
TXN-20250716-01987,2025-07-16,USR-00465,The Name of the Wind,Fantasy,14
TXN-20250610-01988,2025-06-10,USR-00674,Charlotte's Web,Children's,35
TXN-20250818-01989,2025-08-18,USR-01372,The Book Thief,Historical Fiction,35
TXN-20260828-01990,2026-08-28,USR-01137,Braiding Sweetgrass,Nature,14
TXN-20250113-01991,2025-01-13,USR-01257,Project Hail Mary,Science Fiction,7
TXN-20251130-01992,2025-11-30,USR-01311,Becoming,Memoir,7
TXN-20260601-01993,2026-06-01,USR-01030,The Guest List,Thriller,14
TXN-20231001-01994,2023-10-01,USR-00130,The House in the Cerulean Sea,Young Adult,14
TXN-20260303-01995,2026-03-03,USR-00804,To Kill a Mockingbird,Classic,35
TXN-20230926-01996,2023-09-26,USR-01053,Where the Crawdads Sing,Literary Fiction,42
TXN-20230616-01997,2023-06-16,USR-01029,The Great Gatsby,Classic,35
TXN-20230408-01998,2023-04-08,USR-00113,The Girl with the Dragon Tattoo,Mystery,21
TXN-20231202-01999,2023-12-02,USR-00552,The Book Thief,Historical Fiction,28
TXN-20240924-02000,2024-09-24,USR-00304,The Hate U Give,Young Adult,14
TXN-20230621-02001,2023-06-21,USR-00024,A Game of Thrones,Fantasy,10
TXN-20230203-02002,2023-02-03,USR-00505,Sapiens,History,10
TXN-20230630-02003,2023-06-30,USR-00845,The Left Hand of Darkness,Science Fiction,14
TXN-20241105-02004,2024-11-05,USR-00935,The Fellowship of the Ring,Fantasy,21
TXN-20260203-02005,2026-02-03,USR-01038,Atomic Habits,Self-Help,14
TXN-20250130-02006,2025-01-30,USR-01357,All the Light We Cannot See,Historical Fiction,14
TXN-20240125-02007,2024-01-25,USR-00669,Sapiens,History,7
TXN-20230319-02008,2023-03-19,USR-00412,Where the Crawdads Sing,Literary Fiction,35
TXN-20251217-02009,2025-12-17,USR-00002,Dune,Science Fiction,14
TXN-20260224-02010,2026-02-24,USR-00288,The Great Gatsby,Classic,7
TXN-20240701-02011,2024-07-01,USR-00188,The Fellowship of the Ring,Fantasy,7
TXN-20240313-02012,2024-03-13,USR-01338,The Martian,Science Fiction,28
TXN-20251004-02013,2025-10-04,USR-00896,Sapiens,History,28
TXN-20231226-02014,2023-12-26,USR-00621,Charlotte's Web,Children's,28
TXN-20250525-02015,2025-05-25,USR-00480,The Great Gatsby,Classic,10
TXN-20241027-02016,2024-10-27,USR-01392,The Martian,Science Fiction,10
TXN-20230814-02017,2023-08-14,USR-00081,Where the Crawdads Sing,Literary Fiction,21
TXN-20260611-02018,2026-06-11,USR-01323,A Game of Thrones,Fantasy,7
TXN-20231108-02019,2023-11-08,USR-00473,The Wright Brothers,History,21
TXN-20240220-02020,2024-02-20,USR-00063,The Girl with the Dragon Tattoo,Mystery,21
TXN-20260310-02021,2026-03-10,USR-00039,The Book Thief,Historical Fiction,28
TXN-20240415-02022,2024-04-15,USR-00939,"Thinking, Fast and Slow",Psychology,10
TXN-20260702-02023,2026-07-02,USR-00887,To Kill a Mockingbird,Classic,42
TXN-20250419-02024,2025-04-19,USR-01189,The Hate U Give,Young Adult,28
TXN-20250106-02025,2025-01-06,USR-00710,The Great Gatsby,Classic,21
TXN-20260401-02026,2026-04-01,USR-00135,Sapiens,History,42
TXN-20251128-02027,2025-11-28,USR-01170,Atomic Habits,Self-Help,28
TXN-20260815-02028,2026-08-15,USR-00095,The Midnight Library,Contemporary Fiction,42
TXN-20240419-02029,2024-04-19,USR-00632,Charlotte's Web,Children's,21
TXN-20240530-02030,2024-05-30,USR-00030,Project Hail Mary,Science Fiction,21
TXN-20240826-02031,2024-08-26,USR-00631,Educated,Memoir,21
TXN-20230824-02032,2023-08-24,USR-00130,"Thinking, Fast and Slow",Psychology,14
TXN-20240801-02033,2024-08-01,USR-00875,Matilda,Children's,28
TXN-20250814-02034,2025-08-14,USR-00537,A Game of Thrones,Fantasy,35
TXN-20260514-02035,2026-05-14,USR-00986,Where the Crawdads Sing,Literary Fiction,42
TXN-20251112-02036,2025-11-12,USR-01204,Meditations,Philosophy,14
TXN-20241109-02037,2024-11-09,USR-00580,"Thinking, Fast and Slow",Psychology,14
TXN-20240313-02038,2024-03-13,USR-00097,"Thinking, Fast and Slow",Psychology,28
TXN-20230222-02039,2023-02-22,USR-00485,Atomic Habits,Self-Help,21
TXN-20251017-02040,2025-10-17,USR-00927,Steve Jobs,Biography,14
TXN-20240803-02041,2024-08-03,USR-00895,The Hobbit,Fantasy,14
TXN-20260110-02042,2026-01-10,USR-01023,The Midnight Library,Contemporary Fiction,7
TXN-20230410-02043,2023-04-10,USR-00660,The Midnight Library,Contemporary Fiction,14
TXN-20230108-02044,2023-01-08,USR-01344,Braiding Sweetgrass,Nature,14
TXN-20251023-02045,2025-10-23,USR-00517,The Diary of a Young Girl,Biography,42
TXN-20241204-02046,2024-12-04,USR-00828,Project Hail Mary,Science Fiction,14
TXN-20231213-02047,2023-12-13,USR-00456,The Thursday Murder Club,Mystery,7
TXN-20260411-02048,2026-04-11,USR-00276,A Brief History of Time,Science,28
TXN-20240229-02049,2024-02-29,USR-01024,Dune,Science Fiction,7
TXN-20230121-02050,2023-01-21,USR-00373,Atomic Habits,Self-Help,14
TXN-20240510-02051,2024-05-10,USR-00169,Where the Crawdads Sing,Literary Fiction,7
TXN-20260302-02052,2026-03-02,USR-00854,Meditations,Philosophy,35
TXN-20250817-02053,2025-08-17,USR-01016,The Wright Brothers,History,42
TXN-20250823-02054,2025-08-23,USR-00796,The Name of the Wind,Fantasy,10
TXN-20240121-02055,2024-01-21,USR-01187,Sapiens,History,35
TXN-20260724-02056,2026-07-24,USR-00058,The Hate U Give,Young Adult,35
TXN-20260808-02057,2026-08-08,USR-00051,A Brief History of Time,Science,7
TXN-20240917-02058,2024-09-17,USR-00453,The Psychology of Money,Business,35
TXN-20250114-02059,2025-01-14,USR-00122,A Game of Thrones,Fantasy,21
TXN-20240827-02060,2024-08-27,USR-01056,The Hobbit,Fantasy,14
TXN-20230414-02061,2023-04-14,USR-01182,Meditations,Philosophy,14
TXN-20230226-02062,2023-02-26,USR-00256,Matilda,Children's,14
TXN-20260621-02063,2026-06-21,USR-01153,A Brief History of Time,Science,14
TXN-20240116-02064,2024-01-16,USR-00339,All the Light We Cannot See,Historical Fiction,21
TXN-20240925-02065,2024-09-25,USR-00897,The Wright Brothers,History,14
TXN-20251011-02066,2025-10-11,USR-00610,The Great Gatsby,Classic,35
TXN-20230128-02067,2023-01-28,USR-00361,Braiding Sweetgrass,Nature,28
TXN-20251006-02068,2025-10-06,USR-00058,The Da Vinci Code,Thriller,14
TXN-20250811-02069,2025-08-11,USR-00054,Braiding Sweetgrass,Nature,7
TXN-20230116-02070,2023-01-16,USR-01150,The Hate U Give,Young Adult,28
TXN-20250717-02071,2025-07-17,USR-00866,A Game of Thrones,Fantasy,21
TXN-20230119-02072,2023-01-19,USR-00767,The Girl with the Dragon Tattoo,Mystery,14
TXN-20260723-02073,2026-07-23,USR-00819,The Name of the Wind,Fantasy,28
TXN-20260214-02074,2026-02-14,USR-00478,The Great Gatsby,Classic,14
TXN-20251130-02075,2025-11-30,USR-01365,The Thursday Murder Club,Mystery,14
TXN-20250516-02076,2025-05-16,USR-01152,Matilda,Children's,42
TXN-20250413-02077,2025-04-13,USR-00806,Project Hail Mary,Science Fiction,7
TXN-20241222-02078,2024-12-22,USR-00103,Braiding Sweetgrass,Nature,7
TXN-20250425-02079,2025-04-25,USR-00070,Dune,Science Fiction,35
TXN-20231106-02080,2023-11-06,USR-00576,The Fellowship of the Ring,Fantasy,10
TXN-20251206-02081,2025-12-06,USR-01210,The Martian,Science Fiction,28
TXN-20230523-02082,2023-05-23,USR-01374,To Kill a Mockingbird,Classic,21
TXN-20250106-02083,2025-01-06,USR-00046,The Psychology of Money,Business,28
TXN-20260416-02084,2026-04-16,USR-00213,The Guest List,Thriller,14
TXN-20260701-02085,2026-07-01,USR-00947,The Thursday Murder Club,Mystery,28
TXN-20260524-02086,2026-05-24,USR-01024,All the Light We Cannot See,Historical Fiction,7
TXN-20241031-02087,2024-10-31,USR-00546,The Great Gatsby,Classic,28
TXN-20260417-02088,2026-04-17,USR-01386,The Silent Patient,Thriller,14
TXN-20240720-02089,2024-07-20,USR-00594,A Brief History of Time,Science,21
TXN-20231226-02090,2023-12-26,USR-00700,The Thursday Murder Club,Mystery,14
TXN-20250310-02091,2025-03-10,USR-00952,The Da Vinci Code,Thriller,28
TXN-20230807-02092,2023-08-07,USR-01103,To Kill a Mockingbird,Classic,21
TXN-20260818-02093,2026-08-18,USR-00720,The Da Vinci Code,Thriller,7
TXN-20260305-02094,2026-03-05,USR-01108,The Very Hungry Caterpillar,Children's,35
TXN-20250702-02095,2025-07-02,USR-00508,Educated,Memoir,14
TXN-20260307-02096,2026-03-07,USR-00197,The Very Hungry Caterpillar,Children's,7
TXN-20240820-02097,2024-08-20,USR-00231,"Thinking, Fast and Slow",Psychology,14
TXN-20240929-02098,2024-09-29,USR-00343,Becoming,Memoir,14
TXN-20260404-02099,2026-04-04,USR-00862,The Diary of a Young Girl,Biography,28
TXN-20260820-02100,2026-08-20,USR-00265,The Psychology of Money,Business,14
TXN-20230727-02101,2023-07-27,USR-00302,The Diary of a Young Girl,Biography,14
TXN-20240814-02102,2024-08-14,USR-00633,The Art of War,Philosophy,14
TXN-20230925-02103,2023-09-25,USR-00203,The Martian,Science Fiction,21
TXN-20260328-02104,2026-03-28,USR-00599,The Great Gatsby,Classic,28
TXN-20250401-02105,2025-04-01,USR-01317,The Very Hungry Caterpillar,Children's,42
TXN-20231211-02106,2023-12-11,USR-01072,The Art of War,Philosophy,14
TXN-20230123-02107,2023-01-23,USR-01394,Educated,Memoir,10
TXN-20260104-02108,2026-01-04,USR-00729,Braiding Sweetgrass,Nature,14
TXN-20230121-02109,2023-01-21,USR-01205,Where the Crawdads Sing,Literary Fiction,28
TXN-20230620-02110,2023-06-20,USR-00161,"Thinking, Fast and Slow",Psychology,14
TXN-20250817-02111,2025-08-17,USR-00514,The Hate U Give,Young Adult,14
TXN-20250212-02112,2025-02-12,USR-00161,The Book Thief,Historical Fiction,14
TXN-20251223-02113,2025-12-23,USR-00779,The Wright Brothers,History,28
TXN-20241213-02114,2024-12-13,USR-01143,The Diary of a Young Girl,Biography,35
TXN-20231018-02115,2023-10-18,USR-00596,The Very Hungry Caterpillar,Children's,10
TXN-20260807-02116,2026-08-07,USR-00909,Matilda,Children's,10
TXN-20240106-02117,2024-01-06,USR-00674,The Great Gatsby,Classic,28
TXN-20251119-02118,2025-11-19,USR-00541,To Kill a Mockingbird,Classic,10
TXN-20241219-02119,2024-12-19,USR-00159,Charlotte's Web,Children's,7
TXN-20241001-02120,2024-10-01,USR-00239,The Silent Patient,Thriller,14
TXN-20230401-02121,2023-04-01,USR-01082,The Wright Brothers,History,14
TXN-20250326-02122,2025-03-26,USR-00495,All the Light We Cannot See,Historical Fiction,28
TXN-20240428-02123,2024-04-28,USR-01352,The Great Gatsby,Classic,14
TXN-20250715-02124,2025-07-15,USR-00202,The Hobbit,Fantasy,7
TXN-20251119-02125,2025-11-19,USR-00090,The Hobbit,Fantasy,28
TXN-20250623-02126,2025-06-23,USR-00102,Meditations,Philosophy,14
TXN-20250319-02127,2025-03-19,USR-01289,The Girl with the Dragon Tattoo,Mystery,28
TXN-20260826-02128,2026-08-26,USR-00374,The Name of the Wind,Fantasy,28
TXN-20250102-02129,2025-01-02,USR-00421,The Midnight Library,Contemporary Fiction,28
TXN-20230911-02130,2023-09-11,USR-00752,Steve Jobs,Biography,21
TXN-20260717-02131,2026-07-17,USR-00183,The Name of the Wind,Fantasy,28
TXN-20230327-02132,2023-03-27,USR-00391,The Martian,Science Fiction,14
TXN-20241212-02133,2024-12-12,USR-00768,The Thursday Murder Club,Mystery,14
TXN-20240810-02134,2024-08-10,USR-00263,Atomic Habits,Self-Help,10
TXN-20241104-02135,2024-11-04,USR-01089,The Da Vinci Code,Thriller,21
TXN-20240812-02136,2024-08-12,USR-01090,All the Light We Cannot See,Historical Fiction,14
TXN-20250117-02137,2025-01-17,USR-01130,Meditations,Philosophy,28
TXN-20240501-02138,2024-05-01,USR-01022,The Psychology of Money,Business,14
TXN-20230906-02139,2023-09-06,USR-01239,The Very Hungry Caterpillar,Children's,14
TXN-20230512-02140,2023-05-12,USR-00043,The Fellowship of the Ring,Fantasy,7
TXN-20250507-02141,2025-05-07,USR-01156,The Name of the Wind,Fantasy,10
TXN-20230601-02142,2023-06-01,USR-01321,A Game of Thrones,Fantasy,14
TXN-20240908-02143,2024-09-08,USR-00180,The Book Thief,Historical Fiction,14
TXN-20230108-02144,2023-01-08,USR-01096,Gone Girl,Mystery,7
TXN-20250106-02145,2025-01-06,USR-01275,Atomic Habits,Self-Help,7
TXN-20250331-02146,2025-03-31,USR-00697,The Name of the Wind,Fantasy,14
TXN-20251229-02147,2025-12-29,USR-00910,Becoming,Memoir,14
TXN-20250707-02148,2025-07-07,USR-00108,The Art of War,Philosophy,7
TXN-20240525-02149,2024-05-25,USR-01039,Where the Crawdads Sing,Literary Fiction,14
TXN-20230617-02150,2023-06-17,USR-01063,All the Light We Cannot See,Historical Fiction,14
TXN-20240403-02151,2024-04-03,USR-01217,Gone Girl,Mystery,21
TXN-20251110-02152,2025-11-10,USR-00085,All the Light We Cannot See,Historical Fiction,14
TXN-20230529-02153,2023-05-29,USR-00256,The Great Gatsby,Classic,10
TXN-20251220-02154,2025-12-20,USR-00854,To Kill a Mockingbird,Classic,7
TXN-20240131-02155,2024-01-31,USR-00416,The Great Gatsby,Classic,42
TXN-20250327-02156,2025-03-27,USR-01122,Atomic Habits,Self-Help,7
TXN-20230807-02157,2023-08-07,USR-00133,Dune,Science Fiction,14
TXN-20240126-02158,2024-01-26,USR-00357,All the Light We Cannot See,Historical Fiction,28
TXN-20250528-02159,2025-05-28,USR-00488,Educated,Memoir,21
TXN-20250918-02160,2025-09-18,USR-00135,The Silent Patient,Thriller,14
TXN-20260723-02161,2026-07-23,USR-00208,Becoming,Memoir,14
TXN-20231019-02162,2023-10-19,USR-00055,The Da Vinci Code,Thriller,14
TXN-20250724-02163,2025-07-24,USR-00214,Educated,Memoir,28
TXN-20241227-02164,2024-12-27,USR-00404,A Brief History of Time,Science,42
TXN-20241219-02165,2024-12-19,USR-00892,Dune,Science Fiction,14
TXN-20260106-02166,2026-01-06,USR-00357,Sapiens,History,35
TXN-20250104-02167,2025-01-04,USR-00516,The Psychology of Money,Business,14
TXN-20251008-02168,2025-10-08,USR-00108,Project Hail Mary,Science Fiction,7
TXN-20260831-02169,2026-08-31,USR-00401,The House in the Cerulean Sea,Young Adult,10
TXN-20241017-02170,2024-10-17,USR-01344,The Da Vinci Code,Thriller,7
TXN-20250925-02171,2025-09-25,USR-01394,Braiding Sweetgrass,Nature,28
TXN-20230306-02172,2023-03-06,USR-00460,The House in the Cerulean Sea,Young Adult,28
TXN-20230915-02173,2023-09-15,USR-00101,Becoming,Memoir,14
TXN-20240226-02174,2024-02-26,USR-01100,Braiding Sweetgrass,Nature,21
TXN-20251218-02175,2025-12-18,USR-00260,Meditations,Philosophy,28
TXN-20250220-02176,2025-02-20,USR-01249,The House in the Cerulean Sea,Young Adult,7
TXN-20231006-02177,2023-10-06,USR-00039,Meditations,Philosophy,28
TXN-20250615-02178,2025-06-15,USR-01053,Project Hail Mary,Science Fiction,10
TXN-20251129-02179,2025-11-29,USR-00081,The Art of War,Philosophy,35
TXN-20250216-02180,2025-02-16,USR-00577,The Very Hungry Caterpillar,Children's,7
TXN-20260710-02181,2026-07-10,USR-00083,Steve Jobs,Biography,14
TXN-20251013-02182,2025-10-13,USR-00109,Steve Jobs,Biography,10
TXN-20260302-02183,2026-03-02,USR-00712,Braiding Sweetgrass,Nature,14
TXN-20260318-02184,2026-03-18,USR-00191,The Da Vinci Code,Thriller,14
TXN-20250929-02185,2025-09-29,USR-01059,Braiding Sweetgrass,Nature,14
TXN-20230914-02186,2023-09-14,USR-01394,The Silent Patient,Thriller,10
TXN-20260203-02187,2026-02-03,USR-00035,The Fellowship of the Ring,Fantasy,21
TXN-20241011-02188,2024-10-11,USR-01028,The Fellowship of the Ring,Fantasy,7
TXN-20251226-02189,2025-12-26,USR-00291,"Thinking, Fast and Slow",Psychology,7
TXN-20241217-02190,2024-12-17,USR-00790,The Hate U Give,Young Adult,21
TXN-20251117-02191,2025-11-17,USR-00697,A Game of Thrones,Fantasy,21
TXN-20230817-02192,2023-08-17,USR-00148,Becoming,Memoir,7
TXN-20260506-02193,2026-05-06,USR-01135,Dune,Science Fiction,10
TXN-20260327-02194,2026-03-27,USR-00668,The Left Hand of Darkness,Science Fiction,14
TXN-20241214-02195,2024-12-14,USR-00048,The Fellowship of the Ring,Fantasy,28
TXN-20260827-02196,2026-08-27,USR-00271,The Hobbit,Fantasy,14
TXN-20260305-02197,2026-03-05,USR-00117,The Great Gatsby,Classic,28
TXN-20240706-02198,2024-07-06,USR-01233,The Da Vinci Code,Thriller,7
TXN-20240113-02199,2024-01-13,USR-01077,Steve Jobs,Biography,14
TXN-20260418-02200,2026-04-18,USR-01119,Becoming,Memoir,28
TXN-20230627-02201,2023-06-27,USR-00673,Pride and Prejudice,Classic,14
TXN-20260704-02202,2026-07-04,USR-00257,Dune,Science Fiction,7
TXN-20230711-02203,2023-07-11,USR-00950,The Martian,Science Fiction,7
TXN-20231120-02204,2023-11-20,USR-00548,The Name of the Wind,Fantasy,14
TXN-20240506-02205,2024-05-06,USR-00283,"Thinking, Fast and Slow",Psychology,14
TXN-20250112-02206,2025-01-12,USR-01215,Where the Crawdads Sing,Literary Fiction,14
TXN-20250801-02207,2025-08-01,USR-00547,The Art of War,Philosophy,7
TXN-20240528-02208,2024-05-28,USR-01288,The Left Hand of Darkness,Science Fiction,21
TXN-20260808-02209,2026-08-08,USR-00014,The Left Hand of Darkness,Science Fiction,28
TXN-20230129-02210,2023-01-29,USR-00428,Charlotte's Web,Children's,21
TXN-20250308-02211,2025-03-08,USR-00001,The Martian,Science Fiction,21
TXN-20231114-02212,2023-11-14,USR-00883,The Girl with the Dragon Tattoo,Mystery,21
TXN-20250812-02213,2025-08-12,USR-00049,The Thursday Murder Club,Mystery,7
TXN-20241115-02214,2024-11-15,USR-00795,Pride and Prejudice,Classic,10
TXN-20230302-02215,2023-03-02,USR-01236,The Great Gatsby,Classic,28
TXN-20260123-02216,2026-01-23,USR-01224,The Name of the Wind,Fantasy,14
TXN-20230824-02217,2023-08-24,USR-00834,Where the Crawdads Sing,Literary Fiction,21
TXN-20230410-02218,2023-04-10,USR-00333,The Art of War,Philosophy,14
TXN-20240826-02219,2024-08-26,USR-00700,To Kill a Mockingbird,Classic,14
TXN-20260406-02220,2026-04-06,USR-01289,Matilda,Children's,14
TXN-20240807-02221,2024-08-07,USR-00007,Atomic Habits,Self-Help,14
TXN-20231029-02222,2023-10-29,USR-00316,Meditations,Philosophy,14
TXN-20260606-02223,2026-06-06,USR-00309,All the Light We Cannot See,Historical Fiction,14
TXN-20240422-02224,2024-04-22,USR-01080,The Thursday Murder Club,Mystery,14
TXN-20250130-02225,2025-01-30,USR-00543,Steve Jobs,Biography,14
TXN-20241103-02226,2024-11-03,USR-00809,Dune,Science Fiction,10
TXN-20260506-02227,2026-05-06,USR-00178,The Art of War,Philosophy,14
TXN-20260828-02228,2026-08-28,USR-01359,A Game of Thrones,Fantasy,10
TXN-20231014-02229,2023-10-14,USR-00685,The Great Gatsby,Classic,7
TXN-20230211-02230,2023-02-11,USR-00408,All the Light We Cannot See,Historical Fiction,10
TXN-20250517-02231,2025-05-17,USR-01163,Dune,Science Fiction,28
TXN-20260615-02232,2026-06-15,USR-00591,The Thursday Murder Club,Mystery,14
TXN-20230724-02233,2023-07-24,USR-00686,To Kill a Mockingbird,Classic,10
TXN-20230424-02234,2023-04-24,USR-00176,Gone Girl,Mystery,7
TXN-20260106-02235,2026-01-06,USR-00399,The Psychology of Money,Business,10
TXN-20231201-02236,2023-12-01,USR-00274,The Wright Brothers,History,21
TXN-20260225-02237,2026-02-25,USR-01144,Charlotte's Web,Children's,28
TXN-20250521-02238,2025-05-21,USR-00583,Gone Girl,Mystery,28
TXN-20230508-02239,2023-05-08,USR-00832,The Art of War,Philosophy,7
TXN-20240926-02240,2024-09-26,USR-00480,Gone Girl,Mystery,14
TXN-20230401-02241,2023-04-01,USR-01341,The Midnight Library,Contemporary Fiction,42
TXN-20260818-02242,2026-08-18,USR-01239,Project Hail Mary,Science Fiction,14
TXN-20250609-02243,2025-06-09,USR-01163,The Fellowship of the Ring,Fantasy,7
TXN-20231028-02244,2023-10-28,USR-00995,The Guest List,Thriller,10
TXN-20240319-02245,2024-03-19,USR-00380,Project Hail Mary,Science Fiction,7
TXN-20230925-02246,2023-09-25,USR-00638,The Very Hungry Caterpillar,Children's,10
TXN-20260119-02247,2026-01-19,USR-01182,Pride and Prejudice,Classic,42
TXN-20250902-02248,2025-09-02,USR-01052,The Great Gatsby,Classic,14
TXN-20250226-02249,2025-02-26,USR-01122,The Hobbit,Fantasy,7
TXN-20251107-02250,2025-11-07,USR-00088,The Very Hungry Caterpillar,Children's,7
TXN-20250124-02251,2025-01-24,USR-00106,Atomic Habits,Self-Help,42
TXN-20240610-02252,2024-06-10,USR-00472,The Diary of a Young Girl,Biography,14
TXN-20250827-02253,2025-08-27,USR-00123,The Great Gatsby,Classic,7
TXN-20230903-02254,2023-09-03,USR-00655,The Midnight Library,Contemporary Fiction,42
TXN-20230312-02255,2023-03-12,USR-00515,The Diary of a Young Girl,Biography,35
TXN-20240509-02256,2024-05-09,USR-00798,Matilda,Children's,14
TXN-20230626-02257,2023-06-26,USR-01375,Pride and Prejudice,Classic,7
TXN-20240618-02258,2024-06-18,USR-00096,Becoming,Memoir,10
TXN-20240115-02259,2024-01-15,USR-01094,The Midnight Library,Contemporary Fiction,7
TXN-20230603-02260,2023-06-03,USR-00836,The Name of the Wind,Fantasy,28
TXN-20240106-02261,2024-01-06,USR-00639,The Name of the Wind,Fantasy,35
TXN-20241025-02262,2024-10-25,USR-00999,The Thursday Murder Club,Mystery,7
TXN-20250304-02263,2025-03-04,USR-00567,The Very Hungry Caterpillar,Children's,7
TXN-20260630-02264,2026-06-30,USR-00591,The Kite Runner,Literary Fiction,21
TXN-20231210-02265,2023-12-10,USR-00584,The Diary of a Young Girl,Biography,28
TXN-20230917-02266,2023-09-17,USR-00720,Charlotte's Web,Children's,14
TXN-20231105-02267,2023-11-05,USR-00233,Braiding Sweetgrass,Nature,21
TXN-20250508-02268,2025-05-08,USR-01005,The Silent Patient,Thriller,28
TXN-20240505-02269,2024-05-05,USR-00726,The Hobbit,Fantasy,10
TXN-20240722-02270,2024-07-22,USR-00921,The Hate U Give,Young Adult,42
TXN-20260524-02271,2026-05-24,USR-00908,The Girl with the Dragon Tattoo,Mystery,28
TXN-20260525-02272,2026-05-25,USR-00891,The Fellowship of the Ring,Fantasy,10
TXN-20250602-02273,2025-06-02,USR-01363,Gone Girl,Mystery,21
TXN-20260412-02274,2026-04-12,USR-00305,The Diary of a Young Girl,Biography,10
TXN-20240824-02275,2024-08-24,USR-01258,The Da Vinci Code,Thriller,14
TXN-20230602-02276,2023-06-02,USR-00878,"Thinking, Fast and Slow",Psychology,10
TXN-20241116-02277,2024-11-16,USR-00517,The Girl with the Dragon Tattoo,Mystery,21
TXN-20250515-02278,2025-05-15,USR-01356,Charlotte's Web,Children's,28
TXN-20230817-02279,2023-08-17,USR-00342,"Thinking, Fast and Slow",Psychology,14
TXN-20250418-02280,2025-04-18,USR-00342,Pride and Prejudice,Classic,35
TXN-20230831-02281,2023-08-31,USR-00665,The Hobbit,Fantasy,28
TXN-20250414-02282,2025-04-14,USR-00276,Becoming,Memoir,7
TXN-20250419-02283,2025-04-19,USR-00142,Atomic Habits,Self-Help,10
TXN-20250127-02284,2025-01-27,USR-01343,Dune,Science Fiction,14
TXN-20240514-02285,2024-05-14,USR-00081,To Kill a Mockingbird,Classic,14
TXN-20231102-02286,2023-11-02,USR-00722,Pride and Prejudice,Classic,28
TXN-20230421-02287,2023-04-21,USR-01108,The Psychology of Money,Business,28
TXN-20240110-02288,2024-01-10,USR-01369,The Fellowship of the Ring,Fantasy,7
TXN-20251207-02289,2025-12-07,USR-00973,Dune,Science Fiction,35
TXN-20260409-02290,2026-04-09,USR-00944,Dune,Science Fiction,21
TXN-20230503-02291,2023-05-03,USR-00491,The Guest List,Thriller,14
TXN-20260515-02292,2026-05-15,USR-00068,The Wright Brothers,History,10
TXN-20250929-02293,2025-09-29,USR-00820,The Guest List,Thriller,28
TXN-20250422-02294,2025-04-22,USR-00523,The House in the Cerulean Sea,Young Adult,14
TXN-20230322-02295,2023-03-22,USR-00481,The Fellowship of the Ring,Fantasy,7
TXN-20230107-02296,2023-01-07,USR-00387,The Psychology of Money,Business,21
TXN-20250503-02297,2025-05-03,USR-00508,Charlotte's Web,Children's,7
TXN-20250320-02298,2025-03-20,USR-00106,A Game of Thrones,Fantasy,10
TXN-20251221-02299,2025-12-21,USR-00945,Matilda,Children's,14
TXN-20260815-02300,2026-08-15,USR-01308,The Hobbit,Fantasy,7
TXN-20250216-02301,2025-02-16,USR-01270,The Thursday Murder Club,Mystery,10
TXN-20250721-02302,2025-07-21,USR-01147,The Hobbit,Fantasy,28
TXN-20230709-02303,2023-07-09,USR-00566,The Name of the Wind,Fantasy,21
TXN-20251222-02304,2025-12-22,USR-00390,Becoming,Memoir,7
TXN-20260630-02305,2026-06-30,USR-00223,The Girl with the Dragon Tattoo,Mystery,14
TXN-20230316-02306,2023-03-16,USR-00041,The Kite Runner,Literary Fiction,28
TXN-20240608-02307,2024-06-08,USR-00779,The Kite Runner,Literary Fiction,35
TXN-20240928-02308,2024-09-28,USR-00501,A Brief History of Time,Science,42
TXN-20260625-02309,2026-06-25,USR-01303,Sapiens,History,14
TXN-20250617-02310,2025-06-17,USR-00465,A Brief History of Time,Science,14
TXN-20230107-02311,2023-01-07,USR-01308,The Silent Patient,Thriller,35
TXN-20250312-02312,2025-03-12,USR-01160,The Hate U Give,Young Adult,7
TXN-20230720-02313,2023-07-20,USR-01006,The Girl with the Dragon Tattoo,Mystery,21
TXN-20260530-02314,2026-05-30,USR-00514,"Thinking, Fast and Slow",Psychology,21
TXN-20230425-02315,2023-04-25,USR-01303,Charlotte's Web,Children's,28
TXN-20260802-02316,2026-08-02,USR-01070,The Diary of a Young Girl,Biography,7
TXN-20230414-02317,2023-04-14,USR-00723,A Brief History of Time,Science,7
TXN-20230901-02318,2023-09-01,USR-00835,Dune,Science Fiction,21
TXN-20260722-02319,2026-07-22,USR-00481,A Brief History of Time,Science,28
TXN-20230729-02320,2023-07-29,USR-00661,The Hate U Give,Young Adult,7
TXN-20251025-02321,2025-10-25,USR-00880,A Brief History of Time,Science,7
TXN-20240209-02322,2024-02-09,USR-00172,The Wright Brothers,History,14
TXN-20251112-02323,2025-11-12,USR-00259,The Wright Brothers,History,10
TXN-20260805-02324,2026-08-05,USR-00423,Where the Crawdads Sing,Literary Fiction,14
TXN-20240313-02325,2024-03-13,USR-00671,Charlotte's Web,Children's,7
TXN-20231202-02326,2023-12-02,USR-00697,Charlotte's Web,Children's,21
TXN-20260827-02327,2026-08-27,USR-00697,The Very Hungry Caterpillar,Children's,21
TXN-20230810-02328,2023-08-10,USR-00644,The Art of War,Philosophy,10
TXN-20241020-02329,2024-10-20,USR-00601,Where the Crawdads Sing,Literary Fiction,7
TXN-20250504-02330,2025-05-04,USR-00750,The Name of the Wind,Fantasy,28
TXN-20230113-02331,2023-01-13,USR-00227,Gone Girl,Mystery,7
TXN-20260223-02332,2026-02-23,USR-01151,The Hobbit,Fantasy,10
TXN-20230925-02333,2023-09-25,USR-00820,The Psychology of Money,Business,7
TXN-20240120-02334,2024-01-20,USR-00177,The Psychology of Money,Business,42
TXN-20250708-02335,2025-07-08,USR-01000,The Very Hungry Caterpillar,Children's,14
TXN-20230923-02336,2023-09-23,USR-01042,The Girl with the Dragon Tattoo,Mystery,28
TXN-20230712-02337,2023-07-12,USR-00862,The Martian,Science Fiction,28
TXN-20251129-02338,2025-11-29,USR-00065,The Martian,Science Fiction,14
TXN-20260612-02339,2026-06-12,USR-00218,The Fellowship of the Ring,Fantasy,28
TXN-20260323-02340,2026-03-23,USR-01230,The Diary of a Young Girl,Biography,28
TXN-20240401-02341,2024-04-01,USR-00780,Meditations,Philosophy,7
TXN-20230507-02342,2023-05-07,USR-01084,The Psychology of Money,Business,35
TXN-20240111-02343,2024-01-11,USR-01072,Educated,Memoir,10
TXN-20250816-02344,2025-08-16,USR-01374,The Wright Brothers,History,21
TXN-20250711-02345,2025-07-11,USR-00887,Project Hail Mary,Science Fiction,28
TXN-20230126-02346,2023-01-26,USR-00419,Where the Crawdads Sing,Literary Fiction,28
TXN-20240531-02347,2024-05-31,USR-01279,The Name of the Wind,Fantasy,14
TXN-20230926-02348,2023-09-26,USR-01021,Where the Crawdads Sing,Literary Fiction,14
TXN-20241216-02349,2024-12-16,USR-00092,All the Light We Cannot See,Historical Fiction,14
TXN-20260303-02350,2026-03-03,USR-01312,The Great Gatsby,Classic,42
TXN-20250602-02351,2025-06-02,USR-01224,Sapiens,History,28
TXN-20230405-02352,2023-04-05,USR-00741,To Kill a Mockingbird,Classic,14
TXN-20231105-02353,2023-11-05,USR-01237,The Kite Runner,Literary Fiction,28
TXN-20260624-02354,2026-06-24,USR-00197,All the Light We Cannot See,Historical Fiction,28
TXN-20251205-02355,2025-12-05,USR-00892,To Kill a Mockingbird,Classic,21
TXN-20260309-02356,2026-03-09,USR-00468,Project Hail Mary,Science Fiction,7
TXN-20250801-02357,2025-08-01,USR-01034,A Brief History of Time,Science,14
TXN-20230830-02358,2023-08-30,USR-00439,The Name of the Wind,Fantasy,14
TXN-20240410-02359,2024-04-10,USR-01007,The Kite Runner,Literary Fiction,14
TXN-20241109-02360,2024-11-09,USR-00632,The Wright Brothers,History,7
TXN-20230120-02361,2023-01-20,USR-01005,The Book Thief,Historical Fiction,35
TXN-20250331-02362,2025-03-31,USR-00871,A Game of Thrones,Fantasy,35
TXN-20231230-02363,2023-12-30,USR-01371,Atomic Habits,Self-Help,21
TXN-20260109-02364,2026-01-09,USR-00501,The Kite Runner,Literary Fiction,14
TXN-20260513-02365,2026-05-13,USR-00218,A Game of Thrones,Fantasy,21
TXN-20230122-02366,2023-01-22,USR-01129,The Martian,Science Fiction,42
TXN-20241110-02367,2024-11-10,USR-00602,Charlotte's Web,Children's,10
TXN-20230731-02368,2023-07-31,USR-00716,Sapiens,History,10
TXN-20240726-02369,2024-07-26,USR-00622,Where the Crawdads Sing,Literary Fiction,14
TXN-20240730-02370,2024-07-30,USR-01395,A Game of Thrones,Fantasy,7
TXN-20241220-02371,2024-12-20,USR-00067,Dune,Science Fiction,14
TXN-20260414-02372,2026-04-14,USR-00232,The Midnight Library,Contemporary Fiction,10
TXN-20240523-02373,2024-05-23,USR-01189,The Book Thief,Historical Fiction,7
TXN-20250912-02374,2025-09-12,USR-00729,Where the Crawdads Sing,Literary Fiction,28
TXN-20260616-02375,2026-06-16,USR-00826,The Hobbit,Fantasy,10
TXN-20230306-02376,2023-03-06,USR-00251,To Kill a Mockingbird,Classic,21
TXN-20260824-02377,2026-08-24,USR-00450,Steve Jobs,Biography,7
TXN-20231009-02378,2023-10-09,USR-01009,The Very Hungry Caterpillar,Children's,28
TXN-20260724-02379,2026-07-24,USR-00564,Project Hail Mary,Science Fiction,35
TXN-20251211-02380,2025-12-11,USR-01161,Becoming,Memoir,7
TXN-20240808-02381,2024-08-08,USR-00429,Steve Jobs,Biography,7
TXN-20230507-02382,2023-05-07,USR-01069,The Girl with the Dragon Tattoo,Mystery,14
TXN-20230512-02383,2023-05-12,USR-00331,Where the Crawdads Sing,Literary Fiction,14
TXN-20230505-02384,2023-05-05,USR-00876,A Brief History of Time,Science,7
TXN-20240528-02385,2024-05-28,USR-00786,Project Hail Mary,Science Fiction,21
TXN-20230725-02386,2023-07-25,USR-00636,The Hate U Give,Young Adult,28
TXN-20250226-02387,2025-02-26,USR-00080,The Psychology of Money,Business,28
TXN-20230728-02388,2023-07-28,USR-00170,Gone Girl,Mystery,10
TXN-20250213-02389,2025-02-13,USR-01351,A Brief History of Time,Science,7
TXN-20231116-02390,2023-11-16,USR-00066,Gone Girl,Mystery,21
TXN-20230320-02391,2023-03-20,USR-01203,The Midnight Library,Contemporary Fiction,7
TXN-20230512-02392,2023-05-12,USR-01016,The Da Vinci Code,Thriller,14
TXN-20240622-02393,2024-06-22,USR-00463,Dune,Science Fiction,14
TXN-20260213-02394,2026-02-13,USR-00084,Project Hail Mary,Science Fiction,42
TXN-20230226-02395,2023-02-26,USR-00669,The Psychology of Money,Business,14
TXN-20240903-02396,2024-09-03,USR-00724,The Wright Brothers,History,7
TXN-20240730-02397,2024-07-30,USR-00305,The Kite Runner,Literary Fiction,7
TXN-20250731-02398,2025-07-31,USR-00121,Steve Jobs,Biography,14
TXN-20250105-02399,2025-01-05,USR-00562,The Girl with the Dragon Tattoo,Mystery,14
TXN-20251014-02400,2025-10-14,USR-00079,The Fellowship of the Ring,Fantasy,14
TXN-20260829-02401,2026-08-29,USR-01046,The Da Vinci Code,Thriller,14
TXN-20240116-02402,2024-01-16,USR-00847,The Wright Brothers,History,42
TXN-20250424-02403,2025-04-24,USR-00818,Where the Crawdads Sing,Literary Fiction,28
TXN-20230508-02404,2023-05-08,USR-00276,Meditations,Philosophy,21
TXN-20251017-02405,2025-10-17,USR-00574,All the Light We Cannot See,Historical Fiction,28
TXN-20240711-02406,2024-07-11,USR-01117,The Psychology of Money,Business,28
TXN-20260609-02407,2026-06-09,USR-00363,Atomic Habits,Self-Help,21
TXN-20250610-02408,2025-06-10,USR-01259,The Name of the Wind,Fantasy,35
TXN-20231217-02409,2023-12-17,USR-01237,A Brief History of Time,Science,28
TXN-20260109-02410,2026-01-09,USR-00500,Gone Girl,Mystery,21
TXN-20240123-02411,2024-01-23,USR-01049,Matilda,Children's,10
TXN-20240421-02412,2024-04-21,USR-00060,The Art of War,Philosophy,14
TXN-20241008-02413,2024-10-08,USR-01177,Meditations,Philosophy,21
TXN-20250719-02414,2025-07-19,USR-00424,Steve Jobs,Biography,42
TXN-20231104-02415,2023-11-04,USR-00394,The Psychology of Money,Business,21
TXN-20240128-02416,2024-01-28,USR-00333,The Guest List,Thriller,28
TXN-20240718-02417,2024-07-18,USR-01070,The Wright Brothers,History,42
TXN-20231113-02418,2023-11-13,USR-01106,The Fellowship of the Ring,Fantasy,28
TXN-20250308-02419,2025-03-08,USR-01117,Dune,Science Fiction,35
TXN-20240704-02420,2024-07-04,USR-00896,Educated,Memoir,35
TXN-20250511-02421,2025-05-11,USR-01065,Charlotte's Web,Children's,7
TXN-20231126-02422,2023-11-26,USR-01295,Pride and Prejudice,Classic,21
TXN-20230409-02423,2023-04-09,USR-01079,Educated,Memoir,14
TXN-20230114-02424,2023-01-14,USR-01064,Gone Girl,Mystery,28
TXN-20260209-02425,2026-02-09,USR-00515,Where the Crawdads Sing,Literary Fiction,21
TXN-20250618-02426,2025-06-18,USR-00808,Atomic Habits,Self-Help,42
TXN-20251025-02427,2025-10-25,USR-00014,Dune,Science Fiction,28
TXN-20240309-02428,2024-03-09,USR-00389,Charlotte's Web,Children's,14
TXN-20240802-02429,2024-08-02,USR-00524,A Brief History of Time,Science,7
TXN-20230817-02430,2023-08-17,USR-00268,A Game of Thrones,Fantasy,10
TXN-20251011-02431,2025-10-11,USR-00675,Educated,Memoir,7
TXN-20230412-02432,2023-04-12,USR-01197,Matilda,Children's,42
TXN-20230311-02433,2023-03-11,USR-00876,The Wright Brothers,History,28
TXN-20250623-02434,2025-06-23,USR-00839,The Psychology of Money,Business,14
TXN-20250608-02435,2025-06-08,USR-00164,The Book Thief,Historical Fiction,14
TXN-20230306-02436,2023-03-06,USR-01327,The Guest List,Thriller,10
TXN-20230903-02437,2023-09-03,USR-01177,The Hobbit,Fantasy,21
TXN-20260704-02438,2026-07-04,USR-01165,Charlotte's Web,Children's,14
TXN-20231009-02439,2023-10-09,USR-00874,The Silent Patient,Thriller,7
TXN-20250506-02440,2025-05-06,USR-00864,Charlotte's Web,Children's,10
TXN-20250707-02441,2025-07-07,USR-00591,The Great Gatsby,Classic,21
TXN-20230901-02442,2023-09-01,USR-01311,To Kill a Mockingbird,Classic,21
TXN-20251115-02443,2025-11-15,USR-00426,The Art of War,Philosophy,21
TXN-20240729-02444,2024-07-29,USR-00483,The Book Thief,Historical Fiction,28
TXN-20240505-02445,2024-05-05,USR-00378,Dune,Science Fiction,10
TXN-20241009-02446,2024-10-09,USR-01093,The Guest List,Thriller,35
TXN-20230101-02447,2023-01-01,USR-01204,The Guest List,Thriller,28
TXN-20250920-02448,2025-09-20,USR-01179,The Guest List,Thriller,14
TXN-20241224-02449,2024-12-24,USR-00832,The Girl with the Dragon Tattoo,Mystery,21
TXN-20241122-02450,2024-11-22,USR-01223,Atomic Habits,Self-Help,14
TXN-20231223-02451,2023-12-23,USR-00295,Educated,Memoir,14
TXN-20231001-02452,2023-10-01,USR-01214,Pride and Prejudice,Classic,21
TXN-20250306-02453,2025-03-06,USR-01017,The Wright Brothers,History,14
TXN-20230201-02454,2023-02-01,USR-00243,The Very Hungry Caterpillar,Children's,7
TXN-20240330-02455,2024-03-30,USR-00425,Charlotte's Web,Children's,14
TXN-20240224-02456,2024-02-24,USR-00043,The Girl with the Dragon Tattoo,Mystery,14
TXN-20250104-02457,2025-01-04,USR-01306,Pride and Prejudice,Classic,14
TXN-20240613-02458,2024-06-13,USR-01260,The Diary of a Young Girl,Biography,7
TXN-20260410-02459,2026-04-10,USR-01297,Meditations,Philosophy,28
TXN-20260827-02460,2026-08-27,USR-00862,A Game of Thrones,Fantasy,7
TXN-20250410-02461,2025-04-10,USR-00317,The Psychology of Money,Business,7
TXN-20231114-02462,2023-11-14,USR-00489,All the Light We Cannot See,Historical Fiction,28
TXN-20230414-02463,2023-04-14,USR-00731,Braiding Sweetgrass,Nature,28
TXN-20230823-02464,2023-08-23,USR-00538,The Hate U Give,Young Adult,7
TXN-20251116-02465,2025-11-16,USR-00254,Matilda,Children's,14
TXN-20260523-02466,2026-05-23,USR-00987,The Psychology of Money,Business,10
TXN-20230422-02467,2023-04-22,USR-01396,All the Light We Cannot See,Historical Fiction,21
TXN-20240311-02468,2024-03-11,USR-00553,Steve Jobs,Biography,14
TXN-20240328-02469,2024-03-28,USR-01039,The House in the Cerulean Sea,Young Adult,14
TXN-20230824-02470,2023-08-24,USR-01192,The Name of the Wind,Fantasy,14
TXN-20250802-02471,2025-08-02,USR-00753,Braiding Sweetgrass,Nature,21
TXN-20230223-02472,2023-02-23,USR-01134,The Fellowship of the Ring,Fantasy,21
TXN-20240910-02473,2024-09-10,USR-00053,Becoming,Memoir,21
TXN-20250317-02474,2025-03-17,USR-00257,The Girl with the Dragon Tattoo,Mystery,28
TXN-20260420-02475,2026-04-20,USR-00588,Dune,Science Fiction,14
TXN-20250308-02476,2025-03-08,USR-00997,The Hobbit,Fantasy,21
TXN-20251113-02477,2025-11-13,USR-00274,The Name of the Wind,Fantasy,28
TXN-20240114-02478,2024-01-14,USR-00595,The Psychology of Money,Business,42
TXN-20240420-02479,2024-04-20,USR-01154,The Thursday Murder Club,Mystery,7
TXN-20241113-02480,2024-11-13,USR-01282,Sapiens,History,28
TXN-20260605-02481,2026-06-05,USR-00212,Matilda,Children's,28
TXN-20240227-02482,2024-02-27,USR-00607,Atomic Habits,Self-Help,14
TXN-20230303-02483,2023-03-03,USR-00905,Dune,Science Fiction,14
TXN-20230523-02484,2023-05-23,USR-01090,Becoming,Memoir,21
TXN-20230620-02485,2023-06-20,USR-00649,Atomic Habits,Self-Help,28
TXN-20240606-02486,2024-06-06,USR-00027,All the Light We Cannot See,Historical Fiction,28
TXN-20251207-02487,2025-12-07,USR-00434,Becoming,Memoir,28
TXN-20230415-02488,2023-04-15,USR-00020,Project Hail Mary,Science Fiction,28
TXN-20250725-02489,2025-07-25,USR-00175,Educated,Memoir,10
TXN-20240404-02490,2024-04-04,USR-01056,The Art of War,Philosophy,21
TXN-20260228-02491,2026-02-28,USR-00811,The House in the Cerulean Sea,Young Adult,28
TXN-20230304-02492,2023-03-04,USR-00710,The Kite Runner,Literary Fiction,10
TXN-20250710-02493,2025-07-10,USR-00527,To Kill a Mockingbird,Classic,28
TXN-20250826-02494,2025-08-26,USR-01100,Pride and Prejudice,Classic,28
TXN-20240830-02495,2024-08-30,USR-00523,The Fellowship of the Ring,Fantasy,10
TXN-20230622-02496,2023-06-22,USR-00170,Charlotte's Web,Children's,14
TXN-20240607-02497,2024-06-07,USR-00722,The Art of War,Philosophy,21
TXN-20240418-02498,2024-04-18,USR-00910,"Thinking, Fast and Slow",Psychology,28
TXN-20240323-02499,2024-03-23,USR-00807,Atomic Habits,Self-Help,14
TXN-20241025-02500,2024-10-25,USR-00721,"Thinking, Fast and Slow",Psychology,28
TXN-20260520-02501,2026-05-20,USR-01003,Meditations,Philosophy,14
TXN-20260413-02502,2026-04-13,USR-00113,A Game of Thrones,Fantasy,14
TXN-20240508-02503,2024-05-08,USR-01191,Braiding Sweetgrass,Nature,21
TXN-20260607-02504,2026-06-07,USR-01336,The Kite Runner,Literary Fiction,28
TXN-20251117-02505,2025-11-17,USR-01166,The Girl with the Dragon Tattoo,Mystery,7
TXN-20240628-02506,2024-06-28,USR-01157,The Martian,Science Fiction,10
TXN-20230424-02507,2023-04-24,USR-00627,The Silent Patient,Thriller,28
TXN-20240719-02508,2024-07-19,USR-00171,Sapiens,History,7
TXN-20240724-02509,2024-07-24,USR-00307,Matilda,Children's,21
TXN-20260505-02510,2026-05-05,USR-00646,Charlotte's Web,Children's,28
TXN-20231117-02511,2023-11-17,USR-00037,All the Light We Cannot See,Historical Fiction,7
TXN-20250611-02512,2025-06-11,USR-01309,The Psychology of Money,Business,42
TXN-20251208-02513,2025-12-08,USR-00754,Pride and Prejudice,Classic,7
TXN-20260630-02514,2026-06-30,USR-00273,Project Hail Mary,Science Fiction,28
TXN-20240522-02515,2024-05-22,USR-00640,The Left Hand of Darkness,Science Fiction,14
TXN-20250709-02516,2025-07-09,USR-00492,The Left Hand of Darkness,Science Fiction,14
TXN-20260608-02517,2026-06-08,USR-00805,A Game of Thrones,Fantasy,28
TXN-20230812-02518,2023-08-12,USR-00964,The Hobbit,Fantasy,10
TXN-20240622-02519,2024-06-22,USR-00898,Becoming,Memoir,42
TXN-20240515-02520,2024-05-15,USR-00263,To Kill a Mockingbird,Classic,7
TXN-20241024-02521,2024-10-24,USR-00067,A Brief History of Time,Science,28
TXN-20260122-02522,2026-01-22,USR-01214,The Left Hand of Darkness,Science Fiction,14
TXN-20230614-02523,2023-06-14,USR-00448,The Wright Brothers,History,10
TXN-20230227-02524,2023-02-27,USR-01301,A Game of Thrones,Fantasy,14
TXN-20240321-02525,2024-03-21,USR-00595,The Book Thief,Historical Fiction,14
TXN-20240824-02526,2024-08-24,USR-01020,Atomic Habits,Self-Help,28
TXN-20260118-02527,2026-01-18,USR-01244,Project Hail Mary,Science Fiction,14
TXN-20230109-02528,2023-01-09,USR-00758,The Hate U Give,Young Adult,35
TXN-20230329-02529,2023-03-29,USR-01023,Project Hail Mary,Science Fiction,10
TXN-20240112-02530,2024-01-12,USR-00223,Matilda,Children's,7
TXN-20260227-02531,2026-02-27,USR-00290,Project Hail Mary,Science Fiction,14
TXN-20230624-02532,2023-06-24,USR-00399,The Da Vinci Code,Thriller,21
TXN-20250425-02533,2025-04-25,USR-00510,A Brief History of Time,Science,10
TXN-20260605-02534,2026-06-05,USR-01046,Steve Jobs,Biography,7
TXN-20230713-02535,2023-07-13,USR-00580,"Thinking, Fast and Slow",Psychology,7
TXN-20240619-02536,2024-06-19,USR-00737,The Book Thief,Historical Fiction,35
TXN-20260214-02537,2026-02-14,USR-01272,The Fellowship of the Ring,Fantasy,21
TXN-20260510-02538,2026-05-10,USR-00828,The Hobbit,Fantasy,7
TXN-20251112-02539,2025-11-12,USR-01036,The Thursday Murder Club,Mystery,7
TXN-20241005-02540,2024-10-05,USR-00771,Becoming,Memoir,28
TXN-20260823-02541,2026-08-23,USR-01320,Sapiens,History,7
TXN-20230912-02542,2023-09-12,USR-00163,Where the Crawdads Sing,Literary Fiction,42
TXN-20250312-02543,2025-03-12,USR-00444,Charlotte's Web,Children's,14
TXN-20240113-02544,2024-01-13,USR-00526,All the Light We Cannot See,Historical Fiction,28
TXN-20240322-02545,2024-03-22,USR-01199,The Fellowship of the Ring,Fantasy,7
TXN-20251001-02546,2025-10-01,USR-01238,Braiding Sweetgrass,Nature,10
TXN-20250810-02547,2025-08-10,USR-01392,Gone Girl,Mystery,14
TXN-20241125-02548,2024-11-25,USR-00788,The Psychology of Money,Business,10
TXN-20250820-02549,2025-08-20,USR-00925,The Fellowship of the Ring,Fantasy,28
TXN-20230822-02550,2023-08-22,USR-00573,Atomic Habits,Self-Help,7
TXN-20230501-02551,2023-05-01,USR-00210,Dune,Science Fiction,7
TXN-20231231-02552,2023-12-31,USR-00039,Atomic Habits,Self-Help,7
TXN-20230625-02553,2023-06-25,USR-01123,Meditations,Philosophy,7
TXN-20230912-02554,2023-09-12,USR-01351,The Guest List,Thriller,28
TXN-20230607-02555,2023-06-07,USR-00701,The Very Hungry Caterpillar,Children's,7
TXN-20250115-02556,2025-01-15,USR-01202,The Book Thief,Historical Fiction,7
TXN-20231128-02557,2023-11-28,USR-01363,The Kite Runner,Literary Fiction,14
TXN-20231113-02558,2023-11-13,USR-00564,Project Hail Mary,Science Fiction,14
TXN-20230730-02559,2023-07-30,USR-01285,Project Hail Mary,Science Fiction,28
TXN-20260321-02560,2026-03-21,USR-00171,All the Light We Cannot See,Historical Fiction,14
TXN-20230107-02561,2023-01-07,USR-01299,Gone Girl,Mystery,7
TXN-20230206-02562,2023-02-06,USR-01345,The Diary of a Young Girl,Biography,14
TXN-20230528-02563,2023-05-28,USR-00335,The Girl with the Dragon Tattoo,Mystery,14
TXN-20251206-02564,2025-12-06,USR-00954,The Very Hungry Caterpillar,Children's,10
TXN-20230804-02565,2023-08-04,USR-00404,"Thinking, Fast and Slow",Psychology,14
TXN-20230603-02566,2023-06-03,USR-00109,Matilda,Children's,35
TXN-20260805-02567,2026-08-05,USR-00112,The Fellowship of the Ring,Fantasy,21
TXN-20241031-02568,2024-10-31,USR-00004,The Very Hungry Caterpillar,Children's,14
TXN-20260221-02569,2026-02-21,USR-00513,The Diary of a Young Girl,Biography,14
TXN-20240822-02570,2024-08-22,USR-00286,The Very Hungry Caterpillar,Children's,21
TXN-20240808-02571,2024-08-08,USR-00905,The Midnight Library,Contemporary Fiction,21
TXN-20240402-02572,2024-04-02,USR-01365,The Martian,Science Fiction,7
TXN-20230830-02573,2023-08-30,USR-01354,Pride and Prejudice,Classic,7
TXN-20260612-02574,2026-06-12,USR-00863,To Kill a Mockingbird,Classic,7
TXN-20240520-02575,2024-05-20,USR-00767,The Hobbit,Fantasy,7
TXN-20240726-02576,2024-07-26,USR-01002,The Psychology of Money,Business,7
TXN-20250902-02577,2025-09-02,USR-00290,The Kite Runner,Literary Fiction,10
TXN-20230205-02578,2023-02-05,USR-00321,The Very Hungry Caterpillar,Children's,14
TXN-20241015-02579,2024-10-15,USR-00854,The Girl with the Dragon Tattoo,Mystery,28
TXN-20230814-02580,2023-08-14,USR-00543,Project Hail Mary,Science Fiction,28
TXN-20230815-02581,2023-08-15,USR-00453,Braiding Sweetgrass,Nature,14
TXN-20231108-02582,2023-11-08,USR-00569,To Kill a Mockingbird,Classic,7
TXN-20251219-02583,2025-12-19,USR-00961,The Hate U Give,Young Adult,21
TXN-20260201-02584,2026-02-01,USR-00015,The Very Hungry Caterpillar,Children's,21
TXN-20251211-02585,2025-12-11,USR-00685,Dune,Science Fiction,7
TXN-20250904-02586,2025-09-04,USR-01084,The Book Thief,Historical Fiction,28
TXN-20240129-02587,2024-01-29,USR-00660,All the Light We Cannot See,Historical Fiction,28
TXN-20230730-02588,2023-07-30,USR-00380,The Hate U Give,Young Adult,10
TXN-20230622-02589,2023-06-22,USR-00874,Dune,Science Fiction,28
TXN-20260425-02590,2026-04-25,USR-00051,Steve Jobs,Biography,21
TXN-20240518-02591,2024-05-18,USR-00439,Becoming,Memoir,10
TXN-20251227-02592,2025-12-27,USR-00476,Educated,Memoir,7
TXN-20240624-02593,2024-06-24,USR-00291,The Psychology of Money,Business,14
TXN-20260508-02594,2026-05-08,USR-01093,A Brief History of Time,Science,28
TXN-20241205-02595,2024-12-05,USR-00036,Braiding Sweetgrass,Nature,28
TXN-20230409-02596,2023-04-09,USR-00952,The House in the Cerulean Sea,Young Adult,7
TXN-20231002-02597,2023-10-02,USR-00127,The Thursday Murder Club,Mystery,10
TXN-20231209-02598,2023-12-09,USR-00418,Pride and Prejudice,Classic,21
TXN-20260102-02599,2026-01-02,USR-00980,The Name of the Wind,Fantasy,7
TXN-20240217-02600,2024-02-17,USR-01205,Gone Girl,Mystery,28
TXN-20260824-02601,2026-08-24,USR-00432,Matilda,Children's,28
TXN-20240311-02602,2024-03-11,USR-00549,Meditations,Philosophy,35
TXN-20241025-02603,2024-10-25,USR-00728,Atomic Habits,Self-Help,21
TXN-20250208-02604,2025-02-08,USR-00519,The Silent Patient,Thriller,10
TXN-20250630-02605,2025-06-30,USR-01253,The Guest List,Thriller,28
TXN-20260805-02606,2026-08-05,USR-00265,Project Hail Mary,Science Fiction,42
TXN-20241129-02607,2024-11-29,USR-00799,Atomic Habits,Self-Help,21
TXN-20230821-02608,2023-08-21,USR-00603,The Thursday Murder Club,Mystery,28
TXN-20230830-02609,2023-08-30,USR-00969,The Diary of a Young Girl,Biography,35
TXN-20230518-02610,2023-05-18,USR-01338,The Da Vinci Code,Thriller,7
TXN-20230727-02611,2023-07-27,USR-00917,Charlotte's Web,Children's,28
TXN-20231008-02612,2023-10-08,USR-01126,Gone Girl,Mystery,7
TXN-20260807-02613,2026-08-07,USR-00230,The Psychology of Money,Business,7
TXN-20230805-02614,2023-08-05,USR-01270,Meditations,Philosophy,21
TXN-20241106-02615,2024-11-06,USR-00144,The Hate U Give,Young Adult,14
TXN-20230727-02616,2023-07-27,USR-00857,The Hate U Give,Young Adult,28
TXN-20250803-02617,2025-08-03,USR-00296,All the Light We Cannot See,Historical Fiction,35
TXN-20251103-02618,2025-11-03,USR-00031,The Girl with the Dragon Tattoo,Mystery,14
TXN-20230510-02619,2023-05-10,USR-00819,The Kite Runner,Literary Fiction,14
TXN-20240710-02620,2024-07-10,USR-00202,To Kill a Mockingbird,Classic,21
TXN-20250619-02621,2025-06-19,USR-01371,The Great Gatsby,Classic,21
TXN-20231231-02622,2023-12-31,USR-01196,The Hobbit,Fantasy,21
TXN-20240802-02623,2024-08-02,USR-01297,A Game of Thrones,Fantasy,21
TXN-20260402-02624,2026-04-02,USR-00940,The House in the Cerulean Sea,Young Adult,14
TXN-20240904-02625,2024-09-04,USR-00942,Charlotte's Web,Children's,10
TXN-20231214-02626,2023-12-14,USR-00483,The Silent Patient,Thriller,14
TXN-20250112-02627,2025-01-12,USR-01284,Meditations,Philosophy,7
TXN-20241130-02628,2024-11-30,USR-00361,The Diary of a Young Girl,Biography,14
TXN-20240907-02629,2024-09-07,USR-00520,The Wright Brothers,History,14
TXN-20230826-02630,2023-08-26,USR-00891,Becoming,Memoir,28
TXN-20250325-02631,2025-03-25,USR-00176,A Game of Thrones,Fantasy,14
TXN-20260411-02632,2026-04-11,USR-00806,All the Light We Cannot See,Historical Fiction,14
TXN-20240910-02633,2024-09-10,USR-01170,The Art of War,Philosophy,10
TXN-20260307-02634,2026-03-07,USR-01234,The Silent Patient,Thriller,7
TXN-20240623-02635,2024-06-23,USR-00996,A Brief History of Time,Science,10
TXN-20251002-02636,2025-10-02,USR-01001,The Left Hand of Darkness,Science Fiction,28
TXN-20230913-02637,2023-09-13,USR-00458,Where the Crawdads Sing,Literary Fiction,28
TXN-20230626-02638,2023-06-26,USR-00084,A Game of Thrones,Fantasy,7
TXN-20260731-02639,2026-07-31,USR-00332,Where the Crawdads Sing,Literary Fiction,7
TXN-20250228-02640,2025-02-28,USR-01396,"Thinking, Fast and Slow",Psychology,28
TXN-20260330-02641,2026-03-30,USR-00578,The Midnight Library,Contemporary Fiction,7
TXN-20240205-02642,2024-02-05,USR-01106,The Great Gatsby,Classic,14
TXN-20230729-02643,2023-07-29,USR-00674,The Art of War,Philosophy,21
TXN-20231009-02644,2023-10-09,USR-01104,The Da Vinci Code,Thriller,21
TXN-20260215-02645,2026-02-15,USR-01099,The Girl with the Dragon Tattoo,Mystery,14
TXN-20251112-02646,2025-11-12,USR-00194,A Game of Thrones,Fantasy,21
TXN-20230614-02647,2023-06-14,USR-00351,The Guest List,Thriller,14
TXN-20240112-02648,2024-01-12,USR-00434,Gone Girl,Mystery,7
TXN-20230217-02649,2023-02-17,USR-00097,The Name of the Wind,Fantasy,14
TXN-20250512-02650,2025-05-12,USR-00609,The Girl with the Dragon Tattoo,Mystery,10
TXN-20260723-02651,2026-07-23,USR-00270,The Midnight Library,Contemporary Fiction,14
TXN-20260422-02652,2026-04-22,USR-00636,Braiding Sweetgrass,Nature,21
TXN-20250206-02653,2025-02-06,USR-00894,Educated,Memoir,14
TXN-20230806-02654,2023-08-06,USR-00119,"Thinking, Fast and Slow",Psychology,10
TXN-20231231-02655,2023-12-31,USR-00853,Braiding Sweetgrass,Nature,21
TXN-20230809-02656,2023-08-09,USR-00830,The Hate U Give,Young Adult,14
TXN-20240429-02657,2024-04-29,USR-00595,The Diary of a Young Girl,Biography,14
TXN-20240531-02658,2024-05-31,USR-00534,To Kill a Mockingbird,Classic,14
TXN-20250508-02659,2025-05-08,USR-00373,Dune,Science Fiction,14
TXN-20250818-02660,2025-08-18,USR-00549,The Girl with the Dragon Tattoo,Mystery,35
TXN-20250411-02661,2025-04-11,USR-01025,The Silent Patient,Thriller,21
TXN-20250727-02662,2025-07-27,USR-00444,The Art of War,Philosophy,7
TXN-20240126-02663,2024-01-26,USR-00292,The Thursday Murder Club,Mystery,42
TXN-20240313-02664,2024-03-13,USR-00875,The Name of the Wind,Fantasy,14
TXN-20240828-02665,2024-08-28,USR-00070,The Name of the Wind,Fantasy,42
TXN-20240612-02666,2024-06-12,USR-00558,The Girl with the Dragon Tattoo,Mystery,7
TXN-20250320-02667,2025-03-20,USR-00803,Educated,Memoir,28
TXN-20240811-02668,2024-08-11,USR-01378,Dune,Science Fiction,28
TXN-20240626-02669,2024-06-26,USR-01210,A Game of Thrones,Fantasy,28
TXN-20231016-02670,2023-10-16,USR-00639,The Thursday Murder Club,Mystery,7
TXN-20250709-02671,2025-07-09,USR-00558,The Hate U Give,Young Adult,28
TXN-20250925-02672,2025-09-25,USR-01249,Braiding Sweetgrass,Nature,35
TXN-20230220-02673,2023-02-20,USR-00659,Gone Girl,Mystery,14
TXN-20260606-02674,2026-06-06,USR-00643,Dune,Science Fiction,35
TXN-20260610-02675,2026-06-10,USR-00617,The Martian,Science Fiction,21
TXN-20250919-02676,2025-09-19,USR-00443,The Kite Runner,Literary Fiction,42
TXN-20240930-02677,2024-09-30,USR-01102,The Wright Brothers,History,21
TXN-20260508-02678,2026-05-08,USR-00457,The Name of the Wind,Fantasy,14
TXN-20250325-02679,2025-03-25,USR-01374,The Midnight Library,Contemporary Fiction,10
TXN-20240124-02680,2024-01-24,USR-00813,Dune,Science Fiction,28
TXN-20260814-02681,2026-08-14,USR-00232,Pride and Prejudice,Classic,42
TXN-20250602-02682,2025-06-02,USR-01034,Matilda,Children's,42
TXN-20240428-02683,2024-04-28,USR-00905,The Psychology of Money,Business,7
TXN-20230907-02684,2023-09-07,USR-00248,The Great Gatsby,Classic,14
TXN-20241204-02685,2024-12-04,USR-00287,Gone Girl,Mystery,42
TXN-20240611-02686,2024-06-11,USR-01335,Matilda,Children's,7
TXN-20260130-02687,2026-01-30,USR-00298,The Fellowship of the Ring,Fantasy,7
TXN-20250818-02688,2025-08-18,USR-00813,Educated,Memoir,7
TXN-20240221-02689,2024-02-21,USR-00790,Pride and Prejudice,Classic,42
TXN-20250330-02690,2025-03-30,USR-00861,"Thinking, Fast and Slow",Psychology,28
TXN-20231105-02691,2023-11-05,USR-00593,Pride and Prejudice,Classic,28
TXN-20231102-02692,2023-11-02,USR-00082,Atomic Habits,Self-Help,28
TXN-20240527-02693,2024-05-27,USR-01086,The Hate U Give,Young Adult,7
TXN-20250515-02694,2025-05-15,USR-00796,The Name of the Wind,Fantasy,7
TXN-20251227-02695,2025-12-27,USR-01121,To Kill a Mockingbird,Classic,28
TXN-20250627-02696,2025-06-27,USR-00680,The Diary of a Young Girl,Biography,14
TXN-20230806-02697,2023-08-06,USR-00074,To Kill a Mockingbird,Classic,7
TXN-20231102-02698,2023-11-02,USR-00939,Charlotte's Web,Children's,14
TXN-20241231-02699,2024-12-31,USR-00639,Meditations,Philosophy,14
TXN-20231011-02700,2023-10-11,USR-00217,"Thinking, Fast and Slow",Psychology,7
TXN-20230128-02701,2023-01-28,USR-00154,Sapiens,History,35
TXN-20230309-02702,2023-03-09,USR-00846,Steve Jobs,Biography,28
TXN-20250314-02703,2025-03-14,USR-01270,A Game of Thrones,Fantasy,42
TXN-20250813-02704,2025-08-13,USR-00829,The Great Gatsby,Classic,7
TXN-20260120-02705,2026-01-20,USR-01355,Steve Jobs,Biography,14
TXN-20240320-02706,2024-03-20,USR-00966,The Very Hungry Caterpillar,Children's,10
TXN-20260621-02707,2026-06-21,USR-01237,The Wright Brothers,History,35
TXN-20240515-02708,2024-05-15,USR-00511,The Very Hungry Caterpillar,Children's,10
TXN-20250106-02709,2025-01-06,USR-01081,Steve Jobs,Biography,14
TXN-20240520-02710,2024-05-20,USR-00976,"Thinking, Fast and Slow",Psychology,35
TXN-20260427-02711,2026-04-27,USR-00206,The Silent Patient,Thriller,14
TXN-20231204-02712,2023-12-04,USR-01260,Educated,Memoir,21
TXN-20251007-02713,2025-10-07,USR-00841,The Midnight Library,Contemporary Fiction,7
TXN-20230707-02714,2023-07-07,USR-00924,The Girl with the Dragon Tattoo,Mystery,42
TXN-20250813-02715,2025-08-13,USR-00416,The Fellowship of the Ring,Fantasy,14
TXN-20260128-02716,2026-01-28,USR-00406,All the Light We Cannot See,Historical Fiction,14
TXN-20231030-02717,2023-10-30,USR-00391,All the Light We Cannot See,Historical Fiction,14
TXN-20251120-02718,2025-11-20,USR-00962,Becoming,Memoir,28
TXN-20230422-02719,2023-04-22,USR-00824,Meditations,Philosophy,14
TXN-20250405-02720,2025-04-05,USR-00156,The Diary of a Young Girl,Biography,10
TXN-20241102-02721,2024-11-02,USR-00272,Pride and Prejudice,Classic,7
TXN-20231214-02722,2023-12-14,USR-01083,Sapiens,History,21
TXN-20251025-02723,2025-10-25,USR-01037,The Martian,Science Fiction,28
TXN-20250416-02724,2025-04-16,USR-00327,Meditations,Philosophy,7
TXN-20240813-02725,2024-08-13,USR-00143,To Kill a Mockingbird,Classic,10
TXN-20260121-02726,2026-01-21,USR-00863,The Book Thief,Historical Fiction,21
TXN-20230615-02727,2023-06-15,USR-01053,Sapiens,History,14
TXN-20230126-02728,2023-01-26,USR-00886,Atomic Habits,Self-Help,21
TXN-20251120-02729,2025-11-20,USR-01324,A Game of Thrones,Fantasy,14
TXN-20250708-02730,2025-07-08,USR-00593,The Thursday Murder Club,Mystery,28
TXN-20250617-02731,2025-06-17,USR-00997,Pride and Prejudice,Classic,21
TXN-20250504-02732,2025-05-04,USR-00286,A Game of Thrones,Fantasy,28
TXN-20250904-02733,2025-09-04,USR-00930,Pride and Prejudice,Classic,42
TXN-20240905-02734,2024-09-05,USR-01022,The Da Vinci Code,Thriller,14
TXN-20250601-02735,2025-06-01,USR-00859,Matilda,Children's,7
TXN-20250122-02736,2025-01-22,USR-00803,Matilda,Children's,7
TXN-20240917-02737,2024-09-17,USR-00008,The Art of War,Philosophy,28
TXN-20251220-02738,2025-12-20,USR-00291,Educated,Memoir,28
TXN-20250417-02739,2025-04-17,USR-00228,"Thinking, Fast and Slow",Psychology,35
TXN-20250625-02740,2025-06-25,USR-01276,Gone Girl,Mystery,7
TXN-20251025-02741,2025-10-25,USR-00478,The Name of the Wind,Fantasy,21
TXN-20260822-02742,2026-08-22,USR-00670,The Guest List,Thriller,14
TXN-20260711-02743,2026-07-11,USR-00838,The Silent Patient,Thriller,7
TXN-20231116-02744,2023-11-16,USR-01043,The Very Hungry Caterpillar,Children's,14
TXN-20241218-02745,2024-12-18,USR-00667,The Fellowship of the Ring,Fantasy,10
TXN-20240629-02746,2024-06-29,USR-01297,A Brief History of Time,Science,10
TXN-20240926-02747,2024-09-26,USR-00695,The Very Hungry Caterpillar,Children's,7
TXN-20240730-02748,2024-07-30,USR-01077,The Hobbit,Fantasy,7
TXN-20240509-02749,2024-05-09,USR-00649,The Kite Runner,Literary Fiction,28
TXN-20230808-02750,2023-08-08,USR-00717,Pride and Prejudice,Classic,7
TXN-20260619-02751,2026-06-19,USR-00823,The Diary of a Young Girl,Biography,42
TXN-20260602-02752,2026-06-02,USR-00927,Charlotte's Web,Children's,21
TXN-20230622-02753,2023-06-22,USR-00581,Pride and Prejudice,Classic,14
TXN-20250517-02754,2025-05-17,USR-00816,All the Light We Cannot See,Historical Fiction,14
TXN-20250725-02755,2025-07-25,USR-00798,The Book Thief,Historical Fiction,21
TXN-20241001-02756,2024-10-01,USR-01253,The Book Thief,Historical Fiction,28
TXN-20241020-02757,2024-10-20,USR-00440,The Very Hungry Caterpillar,Children's,35
TXN-20230422-02758,2023-04-22,USR-00962,The Girl with the Dragon Tattoo,Mystery,7
TXN-20230807-02759,2023-08-07,USR-01283,The Fellowship of the Ring,Fantasy,42
TXN-20240714-02760,2024-07-14,USR-00762,The Diary of a Young Girl,Biography,28
TXN-20241130-02761,2024-11-30,USR-01162,Pride and Prejudice,Classic,10
TXN-20230504-02762,2023-05-04,USR-00538,The Midnight Library,Contemporary Fiction,28
TXN-20240725-02763,2024-07-25,USR-00970,The Thursday Murder Club,Mystery,14
TXN-20240121-02764,2024-01-21,USR-00151,Meditations,Philosophy,14
TXN-20231106-02765,2023-11-06,USR-00180,Braiding Sweetgrass,Nature,14
TXN-20231211-02766,2023-12-11,USR-00086,The Diary of a Young Girl,Biography,7
TXN-20251220-02767,2025-12-20,USR-00517,Becoming,Memoir,42
TXN-20240430-02768,2024-04-30,USR-00438,The Fellowship of the Ring,Fantasy,42
TXN-20230630-02769,2023-06-30,USR-00959,The Name of the Wind,Fantasy,28
TXN-20250711-02770,2025-07-11,USR-01036,The Hate U Give,Young Adult,28
TXN-20240717-02771,2024-07-17,USR-00882,The Guest List,Thriller,28
TXN-20231025-02772,2023-10-25,USR-01304,The Martian,Science Fiction,21
TXN-20260109-02773,2026-01-09,USR-00135,The Wright Brothers,History,7
TXN-20250217-02774,2025-02-17,USR-01254,Meditations,Philosophy,7
TXN-20250822-02775,2025-08-22,USR-00262,The Fellowship of the Ring,Fantasy,35
TXN-20240302-02776,2024-03-02,USR-00828,Atomic Habits,Self-Help,7
TXN-20241202-02777,2024-12-02,USR-01253,Educated,Memoir,7
TXN-20251111-02778,2025-11-11,USR-00369,Meditations,Philosophy,42
TXN-20230426-02779,2023-04-26,USR-00835,The Very Hungry Caterpillar,Children's,28
TXN-20241213-02780,2024-12-13,USR-00828,Steve Jobs,Biography,28
TXN-20250522-02781,2025-05-22,USR-00503,The Guest List,Thriller,7
TXN-20240403-02782,2024-04-03,USR-00917,Dune,Science Fiction,14
TXN-20240512-02783,2024-05-12,USR-00089,Matilda,Children's,7
TXN-20250911-02784,2025-09-11,USR-00993,A Brief History of Time,Science,14
TXN-20240601-02785,2024-06-01,USR-00460,The Wright Brothers,History,14
TXN-20230512-02786,2023-05-12,USR-01078,Educated,Memoir,35
TXN-20240920-02787,2024-09-20,USR-00367,The Name of the Wind,Fantasy,14
TXN-20240424-02788,2024-04-24,USR-00025,The Martian,Science Fiction,35
TXN-20231103-02789,2023-11-03,USR-00018,A Brief History of Time,Science,14
TXN-20231017-02790,2023-10-17,USR-00011,Sapiens,History,10
TXN-20260321-02791,2026-03-21,USR-00201,The Great Gatsby,Classic,35
TXN-20260622-02792,2026-06-22,USR-00975,Pride and Prejudice,Classic,28
TXN-20250123-02793,2025-01-23,USR-01131,Dune,Science Fiction,10
TXN-20251019-02794,2025-10-19,USR-00391,Educated,Memoir,7
TXN-20231212-02795,2023-12-12,USR-01050,The Book Thief,Historical Fiction,14
TXN-20250908-02796,2025-09-08,USR-01180,Braiding Sweetgrass,Nature,7
TXN-20231019-02797,2023-10-19,USR-00148,The Thursday Murder Club,Mystery,28
TXN-20231228-02798,2023-12-28,USR-01153,Braiding Sweetgrass,Nature,7
TXN-20260829-02799,2026-08-29,USR-00037,The Hobbit,Fantasy,14
TXN-20230904-02800,2023-09-04,USR-00401,Sapiens,History,14
TXN-20230213-02801,2023-02-13,USR-00152,"Thinking, Fast and Slow",Psychology,42
TXN-20240124-02802,2024-01-24,USR-00019,The Da Vinci Code,Thriller,7
TXN-20251107-02803,2025-11-07,USR-00890,Steve Jobs,Biography,28
TXN-20250215-02804,2025-02-15,USR-00562,The Martian,Science Fiction,14
TXN-20240712-02805,2024-07-12,USR-00895,The Kite Runner,Literary Fiction,35
TXN-20260713-02806,2026-07-13,USR-00247,The Hobbit,Fantasy,7
TXN-20230621-02807,2023-06-21,USR-01072,The Hate U Give,Young Adult,14
TXN-20250124-02808,2025-01-24,USR-01285,Educated,Memoir,14
TXN-20260510-02809,2026-05-10,USR-01340,The Thursday Murder Club,Mystery,35
TXN-20250216-02810,2025-02-16,USR-00558,The Psychology of Money,Business,10
TXN-20260827-02811,2026-08-27,USR-01327,Charlotte's Web,Children's,10
TXN-20250811-02812,2025-08-11,USR-01027,Educated,Memoir,7
TXN-20251023-02813,2025-10-23,USR-00795,The Kite Runner,Literary Fiction,35
TXN-20230712-02814,2023-07-12,USR-00480,The Psychology of Money,Business,14
TXN-20240216-02815,2024-02-16,USR-01212,The Wright Brothers,History,14
TXN-20230507-02816,2023-05-07,USR-01021,The Diary of a Young Girl,Biography,10
TXN-20240923-02817,2024-09-23,USR-00051,The Left Hand of Darkness,Science Fiction,28
TXN-20260529-02818,2026-05-29,USR-00086,The Midnight Library,Contemporary Fiction,14
TXN-20241203-02819,2024-12-03,USR-00237,The Da Vinci Code,Thriller,14
TXN-20260122-02820,2026-01-22,USR-00811,To Kill a Mockingbird,Classic,35
TXN-20240412-02821,2024-04-12,USR-01120,The Great Gatsby,Classic,10
TXN-20230310-02822,2023-03-10,USR-01126,A Game of Thrones,Fantasy,28
TXN-20231015-02823,2023-10-15,USR-00400,"Thinking, Fast and Slow",Psychology,7
TXN-20250624-02824,2025-06-24,USR-00791,The Great Gatsby,Classic,14
TXN-20230520-02825,2023-05-20,USR-01373,The Left Hand of Darkness,Science Fiction,21
TXN-20230130-02826,2023-01-30,USR-01170,The Guest List,Thriller,7
TXN-20250326-02827,2025-03-26,USR-00328,The Very Hungry Caterpillar,Children's,14
TXN-20241226-02828,2024-12-26,USR-00540,Educated,Memoir,14
TXN-20240531-02829,2024-05-31,USR-00275,The Girl with the Dragon Tattoo,Mystery,14
TXN-20240227-02830,2024-02-27,USR-00341,The Silent Patient,Thriller,7
TXN-20230814-02831,2023-08-14,USR-00612,The Hobbit,Fantasy,7
TXN-20230513-02832,2023-05-13,USR-01360,A Game of Thrones,Fantasy,21
TXN-20240418-02833,2024-04-18,USR-00527,The Great Gatsby,Classic,28
TXN-20260602-02834,2026-06-02,USR-01057,A Game of Thrones,Fantasy,35
TXN-20230709-02835,2023-07-09,USR-00745,The Midnight Library,Contemporary Fiction,10
TXN-20240303-02836,2024-03-03,USR-00418,The Psychology of Money,Business,28
TXN-20231116-02837,2023-11-16,USR-00800,Where the Crawdads Sing,Literary Fiction,10
TXN-20260706-02838,2026-07-06,USR-00765,The Silent Patient,Thriller,7
TXN-20230623-02839,2023-06-23,USR-00259,Matilda,Children's,21
TXN-20230227-02840,2023-02-27,USR-00278,The Martian,Science Fiction,21
TXN-20260425-02841,2026-04-25,USR-01072,The Da Vinci Code,Thriller,14
TXN-20230620-02842,2023-06-20,USR-00080,All the Light We Cannot See,Historical Fiction,14
TXN-20250521-02843,2025-05-21,USR-01264,A Brief History of Time,Science,21
TXN-20241227-02844,2024-12-27,USR-00240,The Girl with the Dragon Tattoo,Mystery,42
TXN-20240704-02845,2024-07-04,USR-00968,The Midnight Library,Contemporary Fiction,42
TXN-20240604-02846,2024-06-04,USR-01123,A Game of Thrones,Fantasy,42
TXN-20250724-02847,2025-07-24,USR-01186,"Thinking, Fast and Slow",Psychology,7
TXN-20230419-02848,2023-04-19,USR-00278,Steve Jobs,Biography,7
TXN-20250213-02849,2025-02-13,USR-00897,Becoming,Memoir,28
TXN-20240912-02850,2024-09-12,USR-00257,Pride and Prejudice,Classic,7
TXN-20240218-02851,2024-02-18,USR-00900,The Name of the Wind,Fantasy,7
TXN-20241003-02852,2024-10-03,USR-00779,Educated,Memoir,10
TXN-20250102-02853,2025-01-02,USR-00388,The Silent Patient,Thriller,7
TXN-20240703-02854,2024-07-03,USR-00426,The Kite Runner,Literary Fiction,7
TXN-20230607-02855,2023-06-07,USR-00272,Project Hail Mary,Science Fiction,10
TXN-20250621-02856,2025-06-21,USR-00878,Braiding Sweetgrass,Nature,28
TXN-20240401-02857,2024-04-01,USR-00629,Braiding Sweetgrass,Nature,14
TXN-20230908-02858,2023-09-08,USR-01090,Charlotte's Web,Children's,42
TXN-20260526-02859,2026-05-26,USR-00697,The Midnight Library,Contemporary Fiction,42
TXN-20240118-02860,2024-01-18,USR-00998,Charlotte's Web,Children's,35
TXN-20240730-02861,2024-07-30,USR-00004,Educated,Memoir,35
TXN-20231015-02862,2023-10-15,USR-00767,Becoming,Memoir,42
TXN-20231224-02863,2023-12-24,USR-00633,The Book Thief,Historical Fiction,28
TXN-20230823-02864,2023-08-23,USR-01182,The Midnight Library,Contemporary Fiction,7
TXN-20240131-02865,2024-01-31,USR-00828,The House in the Cerulean Sea,Young Adult,7
TXN-20260608-02866,2026-06-08,USR-00965,The Thursday Murder Club,Mystery,14
TXN-20260706-02867,2026-07-06,USR-00938,The Great Gatsby,Classic,14
TXN-20230115-02868,2023-01-15,USR-00840,Matilda,Children's,7
TXN-20260813-02869,2026-08-13,USR-00691,The Psychology of Money,Business,28
TXN-20240531-02870,2024-05-31,USR-00325,Steve Jobs,Biography,35
TXN-20250616-02871,2025-06-16,USR-00415,The Wright Brothers,History,7
TXN-20260113-02872,2026-01-13,USR-01276,Meditations,Philosophy,14
TXN-20250709-02873,2025-07-09,USR-00589,To Kill a Mockingbird,Classic,35
TXN-20250919-02874,2025-09-19,USR-01353,The Guest List,Thriller,10
TXN-20241022-02875,2024-10-22,USR-01139,The Midnight Library,Contemporary Fiction,42
TXN-20250304-02876,2025-03-04,USR-01234,Educated,Memoir,7
TXN-20240110-02877,2024-01-10,USR-00463,A Brief History of Time,Science,21
TXN-20260416-02878,2026-04-16,USR-00362,Project Hail Mary,Science Fiction,14
TXN-20241019-02879,2024-10-19,USR-01201,Atomic Habits,Self-Help,21
TXN-20251022-02880,2025-10-22,USR-00831,The Wright Brothers,History,28
TXN-20260424-02881,2026-04-24,USR-00339,Charlotte's Web,Children's,7
TXN-20230126-02882,2023-01-26,USR-01208,Project Hail Mary,Science Fiction,7
TXN-20231225-02883,2023-12-25,USR-00047,The Thursday Murder Club,Mystery,14
TXN-20260226-02884,2026-02-26,USR-01295,Charlotte's Web,Children's,7
TXN-20241124-02885,2024-11-24,USR-00064,Braiding Sweetgrass,Nature,7
TXN-20230531-02886,2023-05-31,USR-01027,The Great Gatsby,Classic,7
TXN-20241213-02887,2024-12-13,USR-01010,To Kill a Mockingbird,Classic,7
TXN-20230118-02888,2023-01-18,USR-00504,Steve Jobs,Biography,14
TXN-20240919-02889,2024-09-19,USR-00443,The Very Hungry Caterpillar,Children's,14
TXN-20250215-02890,2025-02-15,USR-01171,To Kill a Mockingbird,Classic,28
TXN-20250528-02891,2025-05-28,USR-01250,The Fellowship of the Ring,Fantasy,10
TXN-20241217-02892,2024-12-17,USR-01121,The Da Vinci Code,Thriller,21
TXN-20230304-02893,2023-03-04,USR-00176,Charlotte's Web,Children's,28
TXN-20251120-02894,2025-11-20,USR-01349,Steve Jobs,Biography,7
TXN-20231116-02895,2023-11-16,USR-01292,The Martian,Science Fiction,14
TXN-20241011-02896,2024-10-11,USR-00534,Becoming,Memoir,7
TXN-20230311-02897,2023-03-11,USR-01197,Sapiens,History,28
TXN-20250416-02898,2025-04-16,USR-00763,The Fellowship of the Ring,Fantasy,28
TXN-20250617-02899,2025-06-17,USR-00563,The Great Gatsby,Classic,14
TXN-20231030-02900,2023-10-30,USR-00393,Educated,Memoir,28
TXN-20240419-02901,2024-04-19,USR-00012,Becoming,Memoir,35
TXN-20230401-02902,2023-04-01,USR-00645,A Game of Thrones,Fantasy,7
TXN-20250720-02903,2025-07-20,USR-01332,The Fellowship of the Ring,Fantasy,28
TXN-20260815-02904,2026-08-15,USR-00746,The Wright Brothers,History,14
TXN-20240907-02905,2024-09-07,USR-00034,Charlotte's Web,Children's,7
TXN-20250922-02906,2025-09-22,USR-01195,The Midnight Library,Contemporary Fiction,7
TXN-20260722-02907,2026-07-22,USR-00042,The Silent Patient,Thriller,28
TXN-20240803-02908,2024-08-03,USR-01178,Gone Girl,Mystery,28
TXN-20230402-02909,2023-04-02,USR-00122,Dune,Science Fiction,14
TXN-20241017-02910,2024-10-17,USR-01316,Atomic Habits,Self-Help,21
TXN-20250421-02911,2025-04-21,USR-01052,The Psychology of Money,Business,35
TXN-20231019-02912,2023-10-19,USR-00548,Sapiens,History,10
TXN-20250507-02913,2025-05-07,USR-01320,Pride and Prejudice,Classic,42
TXN-20260514-02914,2026-05-14,USR-01157,Braiding Sweetgrass,Nature,14
TXN-20260208-02915,2026-02-08,USR-00973,Atomic Habits,Self-Help,7
TXN-20250107-02916,2025-01-07,USR-00927,The Midnight Library,Contemporary Fiction,7
TXN-20260705-02917,2026-07-05,USR-00990,All the Light We Cannot See,Historical Fiction,7
TXN-20260803-02918,2026-08-03,USR-00446,The Book Thief,Historical Fiction,7
TXN-20240625-02919,2024-06-25,USR-01005,The Silent Patient,Thriller,14
TXN-20251017-02920,2025-10-17,USR-00335,All the Light We Cannot See,Historical Fiction,21
TXN-20250704-02921,2025-07-04,USR-00956,All the Light We Cannot See,Historical Fiction,42
TXN-20241128-02922,2024-11-28,USR-01027,Pride and Prejudice,Classic,14
TXN-20231119-02923,2023-11-19,USR-01077,Atomic Habits,Self-Help,14
TXN-20260225-02924,2026-02-25,USR-00877,The Martian,Science Fiction,7
TXN-20260531-02925,2026-05-31,USR-00233,Atomic Habits,Self-Help,21
TXN-20260218-02926,2026-02-18,USR-01003,Dune,Science Fiction,10
TXN-20230208-02927,2023-02-08,USR-00981,The Great Gatsby,Classic,14
TXN-20230511-02928,2023-05-11,USR-00083,To Kill a Mockingbird,Classic,7
TXN-20251231-02929,2025-12-31,USR-00376,The Book Thief,Historical Fiction,42
TXN-20240226-02930,2024-02-26,USR-00067,Atomic Habits,Self-Help,7
TXN-20250901-02931,2025-09-01,USR-00112,Braiding Sweetgrass,Nature,21
TXN-20241215-02932,2024-12-15,USR-00445,Braiding Sweetgrass,Nature,7
TXN-20230221-02933,2023-02-21,USR-01004,Dune,Science Fiction,10
TXN-20260107-02934,2026-01-07,USR-00642,The Art of War,Philosophy,14
TXN-20230721-02935,2023-07-21,USR-00003,The Midnight Library,Contemporary Fiction,14
TXN-20250305-02936,2025-03-05,USR-00755,Charlotte's Web,Children's,28
TXN-20240710-02937,2024-07-10,USR-00950,The Diary of a Young Girl,Biography,14
TXN-20240829-02938,2024-08-29,USR-00621,A Game of Thrones,Fantasy,7
TXN-20241204-02939,2024-12-04,USR-01267,The Hobbit,Fantasy,7
TXN-20250430-02940,2025-04-30,USR-00038,The Da Vinci Code,Thriller,14
TXN-20240922-02941,2024-09-22,USR-00789,Braiding Sweetgrass,Nature,35
TXN-20260812-02942,2026-08-12,USR-00101,Meditations,Philosophy,7
TXN-20230319-02943,2023-03-19,USR-00529,To Kill a Mockingbird,Classic,21
TXN-20241111-02944,2024-11-11,USR-00096,The Silent Patient,Thriller,14
TXN-20260812-02945,2026-08-12,USR-01182,The Da Vinci Code,Thriller,10
TXN-20241004-02946,2024-10-04,USR-01120,Gone Girl,Mystery,14
TXN-20241021-02947,2024-10-21,USR-01367,The Hate U Give,Young Adult,28
TXN-20230609-02948,2023-06-09,USR-01042,Braiding Sweetgrass,Nature,14
TXN-20250119-02949,2025-01-19,USR-01209,The House in the Cerulean Sea,Young Adult,21
TXN-20260115-02950,2026-01-15,USR-00400,The Thursday Murder Club,Mystery,7
TXN-20250627-02951,2025-06-27,USR-00050,Sapiens,History,7
TXN-20260821-02952,2026-08-21,USR-01038,The Name of the Wind,Fantasy,7
TXN-20230829-02953,2023-08-29,USR-00910,Steve Jobs,Biography,28
TXN-20240317-02954,2024-03-17,USR-00278,Meditations,Philosophy,14
TXN-20230622-02955,2023-06-22,USR-00672,Dune,Science Fiction,7
TXN-20260117-02956,2026-01-17,USR-00232,To Kill a Mockingbird,Classic,28
TXN-20251106-02957,2025-11-06,USR-01019,All the Light We Cannot See,Historical Fiction,28
TXN-20231112-02958,2023-11-12,USR-00048,A Game of Thrones,Fantasy,42
TXN-20250219-02959,2025-02-19,USR-00894,The Silent Patient,Thriller,35
TXN-20230423-02960,2023-04-23,USR-00496,The Guest List,Thriller,10
TXN-20251125-02961,2025-11-25,USR-01306,Matilda,Children's,21
TXN-20240315-02962,2024-03-15,USR-01294,The Great Gatsby,Classic,21
TXN-20250205-02963,2025-02-05,USR-00076,The Diary of a Young Girl,Biography,14
TXN-20241107-02964,2024-11-07,USR-00964,Charlotte's Web,Children's,14
TXN-20250909-02965,2025-09-09,USR-00310,Matilda,Children's,7
TXN-20240926-02966,2024-09-26,USR-00634,Braiding Sweetgrass,Nature,10
TXN-20260806-02967,2026-08-06,USR-00420,Meditations,Philosophy,14
TXN-20250815-02968,2025-08-15,USR-00569,Charlotte's Web,Children's,14
TXN-20251002-02969,2025-10-02,USR-00678,The Da Vinci Code,Thriller,14
TXN-20230913-02970,2023-09-13,USR-00651,The Wright Brothers,History,14
TXN-20250322-02971,2025-03-22,USR-01105,The Psychology of Money,Business,14
TXN-20251025-02972,2025-10-25,USR-00581,The Art of War,Philosophy,14
TXN-20230904-02973,2023-09-04,USR-00505,Charlotte's Web,Children's,14
TXN-20231004-02974,2023-10-04,USR-01234,Meditations,Philosophy,14
TXN-20250826-02975,2025-08-26,USR-00825,The Hobbit,Fantasy,14
TXN-20250805-02976,2025-08-05,USR-00142,Pride and Prejudice,Classic,7
TXN-20230629-02977,2023-06-29,USR-00067,Steve Jobs,Biography,7
TXN-20230202-02978,2023-02-02,USR-00715,Steve Jobs,Biography,28
TXN-20250518-02979,2025-05-18,USR-00324,The House in the Cerulean Sea,Young Adult,10
TXN-20230702-02980,2023-07-02,USR-00207,The Book Thief,Historical Fiction,21
TXN-20230130-02981,2023-01-30,USR-00162,The Very Hungry Caterpillar,Children's,35
TXN-20241011-02982,2024-10-11,USR-01208,The Psychology of Money,Business,14
TXN-20240207-02983,2024-02-07,USR-00737,The Midnight Library,Contemporary Fiction,28
TXN-20251101-02984,2025-11-01,USR-00481,The Book Thief,Historical Fiction,14
TXN-20230725-02985,2023-07-25,USR-00447,The House in the Cerulean Sea,Young Adult,7
TXN-20240313-02986,2024-03-13,USR-01340,The Fellowship of the Ring,Fantasy,28
TXN-20251018-02987,2025-10-18,USR-00527,Steve Jobs,Biography,7
TXN-20230124-02988,2023-01-24,USR-00554,The Hobbit,Fantasy,42
TXN-20240112-02989,2024-01-12,USR-00575,The Left Hand of Darkness,Science Fiction,7
TXN-20251003-02990,2025-10-03,USR-00199,The Hobbit,Fantasy,42
TXN-20260207-02991,2026-02-07,USR-00821,The Diary of a Young Girl,Biography,14
TXN-20241119-02992,2024-11-19,USR-01041,Steve Jobs,Biography,14
TXN-20230809-02993,2023-08-09,USR-01331,Atomic Habits,Self-Help,35
TXN-20260811-02994,2026-08-11,USR-01262,A Brief History of Time,Science,10
TXN-20250521-02995,2025-05-21,USR-00947,Steve Jobs,Biography,28
TXN-20250808-02996,2025-08-08,USR-00517,The Psychology of Money,Business,14
TXN-20230702-02997,2023-07-02,USR-00171,The Psychology of Money,Business,10
TXN-20260128-02998,2026-01-28,USR-00936,The Kite Runner,Literary Fiction,14
TXN-20230626-02999,2023-06-26,USR-00975,Matilda,Children's,7
TXN-20240721-03000,2024-07-21,USR-00858,The Diary of a Young Girl,Biography,7
TXN-20250605-03001,2025-06-05,USR-00761,To Kill a Mockingbird,Classic,10
TXN-20240107-03002,2024-01-07,USR-00900,The Left Hand of Darkness,Science Fiction,7
TXN-20250528-03003,2025-05-28,USR-00050,The Very Hungry Caterpillar,Children's,28
TXN-20240622-03004,2024-06-22,USR-01374,The Wright Brothers,History,7
TXN-20260424-03005,2026-04-24,USR-00111,The Hobbit,Fantasy,28
TXN-20260725-03006,2026-07-25,USR-00833,The Martian,Science Fiction,14
TXN-20250202-03007,2025-02-02,USR-00332,The Hobbit,Fantasy,10
TXN-20260401-03008,2026-04-01,USR-01352,The Thursday Murder Club,Mystery,10
TXN-20240112-03009,2024-01-12,USR-00917,Meditations,Philosophy,14
TXN-20260315-03010,2026-03-15,USR-00960,The Silent Patient,Thriller,7
TXN-20251015-03011,2025-10-15,USR-01134,The Thursday Murder Club,Mystery,14
TXN-20230819-03012,2023-08-19,USR-01189,Steve Jobs,Biography,7
TXN-20230221-03013,2023-02-21,USR-00092,The Hobbit,Fantasy,21
TXN-20251021-03014,2025-10-21,USR-00385,Gone Girl,Mystery,7
TXN-20231017-03015,2023-10-17,USR-00058,Becoming,Memoir,7
TXN-20230824-03016,2023-08-24,USR-00731,Gone Girl,Mystery,7
TXN-20251207-03017,2025-12-07,USR-01111,Project Hail Mary,Science Fiction,21
TXN-20260119-03018,2026-01-19,USR-01031,The Wright Brothers,History,21
TXN-20250301-03019,2025-03-01,USR-01134,Educated,Memoir,42
TXN-20260820-03020,2026-08-20,USR-00411,The Midnight Library,Contemporary Fiction,7
TXN-20230705-03021,2023-07-05,USR-01143,The Fellowship of the Ring,Fantasy,21
TXN-20231025-03022,2023-10-25,USR-00375,Atomic Habits,Self-Help,28
TXN-20251019-03023,2025-10-19,USR-00556,The Book Thief,Historical Fiction,28
TXN-20240904-03024,2024-09-04,USR-00985,Project Hail Mary,Science Fiction,14
TXN-20230629-03025,2023-06-29,USR-00592,Becoming,Memoir,21
TXN-20250321-03026,2025-03-21,USR-00987,The Thursday Murder Club,Mystery,10
TXN-20240630-03027,2024-06-30,USR-00419,The Guest List,Thriller,7
TXN-20250821-03028,2025-08-21,USR-00471,The Thursday Murder Club,Mystery,14
TXN-20260613-03029,2026-06-13,USR-00030,Becoming,Memoir,7
TXN-20250917-03030,2025-09-17,USR-00468,The Great Gatsby,Classic,14
TXN-20250103-03031,2025-01-03,USR-00060,The Hate U Give,Young Adult,28
TXN-20251121-03032,2025-11-21,USR-00886,The Wright Brothers,History,28
TXN-20240403-03033,2024-04-03,USR-01341,The Great Gatsby,Classic,7
TXN-20230213-03034,2023-02-13,USR-00986,The Martian,Science Fiction,10
TXN-20230612-03035,2023-06-12,USR-01392,The Book Thief,Historical Fiction,21
TXN-20230524-03036,2023-05-24,USR-00985,Sapiens,History,42
TXN-20240308-03037,2024-03-08,USR-00452,The Left Hand of Darkness,Science Fiction,10
TXN-20230519-03038,2023-05-19,USR-00614,Steve Jobs,Biography,21
TXN-20241230-03039,2024-12-30,USR-00242,The Thursday Murder Club,Mystery,28
TXN-20230601-03040,2023-06-01,USR-00196,Project Hail Mary,Science Fiction,21
TXN-20250413-03041,2025-04-13,USR-01074,The Girl with the Dragon Tattoo,Mystery,14
TXN-20240407-03042,2024-04-07,USR-00070,The Great Gatsby,Classic,14
TXN-20240103-03043,2024-01-03,USR-00090,The Fellowship of the Ring,Fantasy,21
TXN-20251203-03044,2025-12-03,USR-01156,Educated,Memoir,7
TXN-20240212-03045,2024-02-12,USR-00441,Gone Girl,Mystery,14
TXN-20241018-03046,2024-10-18,USR-01049,The Art of War,Philosophy,10
TXN-20240510-03047,2024-05-10,USR-00605,The Midnight Library,Contemporary Fiction,7
TXN-20231228-03048,2023-12-28,USR-01056,The Hate U Give,Young Adult,14
TXN-20240225-03049,2024-02-25,USR-00243,The Martian,Science Fiction,21
TXN-20230812-03050,2023-08-12,USR-00367,Steve Jobs,Biography,42
TXN-20230315-03051,2023-03-15,USR-00185,All the Light We Cannot See,Historical Fiction,28
TXN-20240306-03052,2024-03-06,USR-01169,Atomic Habits,Self-Help,14
TXN-20230228-03053,2023-02-28,USR-00766,The Diary of a Young Girl,Biography,7
TXN-20240918-03054,2024-09-18,USR-00891,The Diary of a Young Girl,Biography,7
TXN-20240112-03055,2024-01-12,USR-01290,The Girl with the Dragon Tattoo,Mystery,28
TXN-20260813-03056,2026-08-13,USR-00994,The Wright Brothers,History,10
TXN-20260414-03057,2026-04-14,USR-00631,Matilda,Children's,35
TXN-20241113-03058,2024-11-13,USR-00087,The Diary of a Young Girl,Biography,28
TXN-20240124-03059,2024-01-24,USR-00383,To Kill a Mockingbird,Classic,21
TXN-20230518-03060,2023-05-18,USR-00792,The Thursday Murder Club,Mystery,14
TXN-20260201-03061,2026-02-01,USR-00729,The Da Vinci Code,Thriller,42
TXN-20260825-03062,2026-08-25,USR-00944,The Left Hand of Darkness,Science Fiction,42
TXN-20230823-03063,2023-08-23,USR-00268,The Name of the Wind,Fantasy,14
TXN-20260324-03064,2026-03-24,USR-01323,The Great Gatsby,Classic,7
TXN-20260816-03065,2026-08-16,USR-01160,The Art of War,Philosophy,28
TXN-20251106-03066,2025-11-06,USR-00526,Charlotte's Web,Children's,7
TXN-20240821-03067,2024-08-21,USR-00024,The Kite Runner,Literary Fiction,7
TXN-20240901-03068,2024-09-01,USR-00781,Gone Girl,Mystery,10
TXN-20230705-03069,2023-07-05,USR-00967,The Thursday Murder Club,Mystery,14
TXN-20240715-03070,2024-07-15,USR-00896,The Silent Patient,Thriller,21
TXN-20250302-03071,2025-03-02,USR-00348,The Fellowship of the Ring,Fantasy,28
TXN-20240908-03072,2024-09-08,USR-00138,The Psychology of Money,Business,7
TXN-20240417-03073,2024-04-17,USR-00681,Pride and Prejudice,Classic,28
TXN-20251017-03074,2025-10-17,USR-00464,All the Light We Cannot See,Historical Fiction,28
TXN-20250430-03075,2025-04-30,USR-00484,Pride and Prejudice,Classic,14
TXN-20250218-03076,2025-02-18,USR-00075,Charlotte's Web,Children's,35
TXN-20241120-03077,2024-11-20,USR-00651,The Psychology of Money,Business,14
TXN-20241006-03078,2024-10-06,USR-00718,The Girl with the Dragon Tattoo,Mystery,35
TXN-20250805-03079,2025-08-05,USR-00771,The Fellowship of the Ring,Fantasy,10
TXN-20230619-03080,2023-06-19,USR-00721,The Martian,Science Fiction,28
TXN-20260408-03081,2026-04-08,USR-00785,Becoming,Memoir,7
TXN-20250521-03082,2025-05-21,USR-00365,The Fellowship of the Ring,Fantasy,7
TXN-20250318-03083,2025-03-18,USR-00972,The Left Hand of Darkness,Science Fiction,35
TXN-20250214-03084,2025-02-14,USR-01395,Meditations,Philosophy,14
TXN-20250717-03085,2025-07-17,USR-00286,The Silent Patient,Thriller,42
TXN-20240219-03086,2024-02-19,USR-00667,The Girl with the Dragon Tattoo,Mystery,21
TXN-20240404-03087,2024-04-04,USR-00015,The Wright Brothers,History,42
TXN-20230815-03088,2023-08-15,USR-00336,The Thursday Murder Club,Mystery,21
TXN-20250512-03089,2025-05-12,USR-00192,Sapiens,History,21
TXN-20230125-03090,2023-01-25,USR-00978,The Left Hand of Darkness,Science Fiction,35
TXN-20250918-03091,2025-09-18,USR-01331,A Game of Thrones,Fantasy,21
TXN-20240731-03092,2024-07-31,USR-00049,The Fellowship of the Ring,Fantasy,10
TXN-20241218-03093,2024-12-18,USR-00311,The Guest List,Thriller,21
TXN-20240724-03094,2024-07-24,USR-01284,The Hate U Give,Young Adult,28
TXN-20260708-03095,2026-07-08,USR-01390,The Hobbit,Fantasy,21
TXN-20251026-03096,2025-10-26,USR-00034,The Hate U Give,Young Adult,14
TXN-20251201-03097,2025-12-01,USR-00360,Gone Girl,Mystery,14
TXN-20260117-03098,2026-01-17,USR-00537,Project Hail Mary,Science Fiction,21
TXN-20230416-03099,2023-04-16,USR-00639,The Hate U Give,Young Adult,14
TXN-20230120-03100,2023-01-20,USR-00729,Gone Girl,Mystery,14
TXN-20230303-03101,2023-03-03,USR-01101,The Diary of a Young Girl,Biography,28
TXN-20250920-03102,2025-09-20,USR-00595,Sapiens,History,7
TXN-20250528-03103,2025-05-28,USR-00441,"Thinking, Fast and Slow",Psychology,7
TXN-20260827-03104,2026-08-27,USR-00447,Steve Jobs,Biography,28
TXN-20250613-03105,2025-06-13,USR-01280,The Psychology of Money,Business,21
TXN-20240816-03106,2024-08-16,USR-00358,Sapiens,History,10
TXN-20240121-03107,2024-01-21,USR-00009,Where the Crawdads Sing,Literary Fiction,14
TXN-20230510-03108,2023-05-10,USR-00712,The Girl with the Dragon Tattoo,Mystery,7
TXN-20240505-03109,2024-05-05,USR-00165,The Name of the Wind,Fantasy,14
TXN-20250116-03110,2025-01-16,USR-01108,Matilda,Children's,14
TXN-20230822-03111,2023-08-22,USR-00348,"Thinking, Fast and Slow",Psychology,14
TXN-20251227-03112,2025-12-27,USR-00395,Becoming,Memoir,14
TXN-20250831-03113,2025-08-31,USR-00079,The Thursday Murder Club,Mystery,28
TXN-20250320-03114,2025-03-20,USR-00643,Sapiens,History,35
TXN-20250628-03115,2025-06-28,USR-01188,Atomic Habits,Self-Help,21
TXN-20240323-03116,2024-03-23,USR-01056,The Martian,Science Fiction,14
TXN-20251113-03117,2025-11-13,USR-00544,The Midnight Library,Contemporary Fiction,28
TXN-20250129-03118,2025-01-29,USR-00018,The Book Thief,Historical Fiction,35
TXN-20260415-03119,2026-04-15,USR-00724,Where the Crawdads Sing,Literary Fiction,14
TXN-20230414-03120,2023-04-14,USR-01079,The Diary of a Young Girl,Biography,14
TXN-20250208-03121,2025-02-08,USR-00815,The Hate U Give,Young Adult,42
TXN-20240828-03122,2024-08-28,USR-00479,The Psychology of Money,Business,28
TXN-20231004-03123,2023-10-04,USR-00956,Steve Jobs,Biography,14
TXN-20240103-03124,2024-01-03,USR-01008,Pride and Prejudice,Classic,7
TXN-20250819-03125,2025-08-19,USR-01017,Atomic Habits,Self-Help,14
TXN-20260216-03126,2026-02-16,USR-00404,The Psychology of Money,Business,10
TXN-20260205-03127,2026-02-05,USR-00419,Charlotte's Web,Children's,14
TXN-20241204-03128,2024-12-04,USR-00487,The Very Hungry Caterpillar,Children's,7
TXN-20260707-03129,2026-07-07,USR-00484,Braiding Sweetgrass,Nature,35
TXN-20241119-03130,2024-11-19,USR-00637,The Diary of a Young Girl,Biography,7
TXN-20240909-03131,2024-09-09,USR-00929,The Midnight Library,Contemporary Fiction,42
TXN-20240423-03132,2024-04-23,USR-00797,The Art of War,Philosophy,28
TXN-20250917-03133,2025-09-17,USR-00295,The Book Thief,Historical Fiction,28
TXN-20260406-03134,2026-04-06,USR-00028,Atomic Habits,Self-Help,21
TXN-20250703-03135,2025-07-03,USR-00314,The Da Vinci Code,Thriller,14
TXN-20251128-03136,2025-11-28,USR-00391,The Book Thief,Historical Fiction,14
TXN-20251019-03137,2025-10-19,USR-00213,Where the Crawdads Sing,Literary Fiction,7
TXN-20250808-03138,2025-08-08,USR-00770,"Thinking, Fast and Slow",Psychology,7
TXN-20250626-03139,2025-06-26,USR-00557,The Left Hand of Darkness,Science Fiction,21
TXN-20260505-03140,2026-05-05,USR-00235,The Great Gatsby,Classic,7
TXN-20250110-03141,2025-01-10,USR-01224,The Hate U Give,Young Adult,42
TXN-20241224-03142,2024-12-24,USR-01137,The Wright Brothers,History,21
TXN-20250815-03143,2025-08-15,USR-00527,The House in the Cerulean Sea,Young Adult,21
TXN-20240628-03144,2024-06-28,USR-00745,The Da Vinci Code,Thriller,42
TXN-20230122-03145,2023-01-22,USR-01067,Educated,Memoir,7
TXN-20240411-03146,2024-04-11,USR-00819,Matilda,Children's,28
TXN-20250904-03147,2025-09-04,USR-01324,The Midnight Library,Contemporary Fiction,7
TXN-20230729-03148,2023-07-29,USR-00121,The Hate U Give,Young Adult,7
TXN-20230108-03149,2023-01-08,USR-00984,The Midnight Library,Contemporary Fiction,7
TXN-20230323-03150,2023-03-23,USR-00662,The Guest List,Thriller,21
TXN-20260330-03151,2026-03-30,USR-00409,Project Hail Mary,Science Fiction,21
TXN-20251110-03152,2025-11-10,USR-01090,The Art of War,Philosophy,28
TXN-20260328-03153,2026-03-28,USR-01243,The Guest List,Thriller,28
TXN-20230625-03154,2023-06-25,USR-01007,Pride and Prejudice,Classic,21
TXN-20230627-03155,2023-06-27,USR-01149,The Art of War,Philosophy,7
TXN-20230930-03156,2023-09-30,USR-00837,The Diary of a Young Girl,Biography,10
TXN-20230422-03157,2023-04-22,USR-00890,The Hobbit,Fantasy,42
TXN-20230510-03158,2023-05-10,USR-00021,The Girl with the Dragon Tattoo,Mystery,10
TXN-20251107-03159,2025-11-07,USR-01347,Matilda,Children's,10
TXN-20231021-03160,2023-10-21,USR-00550,A Game of Thrones,Fantasy,14
TXN-20250620-03161,2025-06-20,USR-00273,The Guest List,Thriller,14
TXN-20230718-03162,2023-07-18,USR-00442,The Midnight Library,Contemporary Fiction,28
TXN-20230224-03163,2023-02-24,USR-01385,The Silent Patient,Thriller,42
TXN-20230312-03164,2023-03-12,USR-00950,Atomic Habits,Self-Help,28
TXN-20260511-03165,2026-05-11,USR-00791,Pride and Prejudice,Classic,42
TXN-20250705-03166,2025-07-05,USR-00912,The Da Vinci Code,Thriller,28
TXN-20250408-03167,2025-04-08,USR-01159,Becoming,Memoir,10
TXN-20260518-03168,2026-05-18,USR-00635,Dune,Science Fiction,28
TXN-20260121-03169,2026-01-21,USR-00423,The Very Hungry Caterpillar,Children's,7
TXN-20260325-03170,2026-03-25,USR-01317,The Girl with the Dragon Tattoo,Mystery,14
TXN-20231202-03171,2023-12-02,USR-01219,A Game of Thrones,Fantasy,35
TXN-20250309-03172,2025-03-09,USR-00011,Braiding Sweetgrass,Nature,7
TXN-20251029-03173,2025-10-29,USR-00470,The Midnight Library,Contemporary Fiction,14
TXN-20231201-03174,2023-12-01,USR-01121,The House in the Cerulean Sea,Young Adult,7
TXN-20240104-03175,2024-01-04,USR-01102,The Midnight Library,Contemporary Fiction,10
TXN-20260724-03176,2026-07-24,USR-01037,The Hate U Give,Young Adult,28
TXN-20260701-03177,2026-07-01,USR-01093,Gone Girl,Mystery,28
TXN-20230929-03178,2023-09-29,USR-00508,Becoming,Memoir,28
TXN-20230924-03179,2023-09-24,USR-00473,Steve Jobs,Biography,21
TXN-20250406-03180,2025-04-06,USR-01356,Project Hail Mary,Science Fiction,14
TXN-20230319-03181,2023-03-19,USR-01046,Educated,Memoir,14
TXN-20250329-03182,2025-03-29,USR-00117,The Great Gatsby,Classic,10
TXN-20231207-03183,2023-12-07,USR-00263,The Martian,Science Fiction,14
TXN-20240412-03184,2024-04-12,USR-01034,Atomic Habits,Self-Help,14
TXN-20251020-03185,2025-10-20,USR-00219,The Kite Runner,Literary Fiction,10
TXN-20240517-03186,2024-05-17,USR-00778,The Guest List,Thriller,14
TXN-20260714-03187,2026-07-14,USR-01003,The Girl with the Dragon Tattoo,Mystery,7
TXN-20251120-03188,2025-11-20,USR-00903,The Art of War,Philosophy,10
TXN-20240314-03189,2024-03-14,USR-00771,Where the Crawdads Sing,Literary Fiction,28
TXN-20260801-03190,2026-08-01,USR-00452,The Guest List,Thriller,14
TXN-20250729-03191,2025-07-29,USR-01166,The Guest List,Thriller,42
TXN-20260519-03192,2026-05-19,USR-00889,The Guest List,Thriller,7
TXN-20230629-03193,2023-06-29,USR-01270,The Martian,Science Fiction,28
TXN-20230311-03194,2023-03-11,USR-00970,The Da Vinci Code,Thriller,14
TXN-20231216-03195,2023-12-16,USR-01100,The Guest List,Thriller,21
TXN-20250618-03196,2025-06-18,USR-01158,Where the Crawdads Sing,Literary Fiction,28
TXN-20231227-03197,2023-12-27,USR-00631,The Diary of a Young Girl,Biography,35
TXN-20260619-03198,2026-06-19,USR-00766,The Da Vinci Code,Thriller,14
TXN-20240630-03199,2024-06-30,USR-01369,The Left Hand of Darkness,Science Fiction,28
TXN-20240824-03200,2024-08-24,USR-00447,The Midnight Library,Contemporary Fiction,7
TXN-20230411-03201,2023-04-11,USR-00650,Braiding Sweetgrass,Nature,28
TXN-20240107-03202,2024-01-07,USR-00216,Sapiens,History,10
TXN-20240827-03203,2024-08-27,USR-01088,The Girl with the Dragon Tattoo,Mystery,14
TXN-20250825-03204,2025-08-25,USR-00008,The Thursday Murder Club,Mystery,21
TXN-20250815-03205,2025-08-15,USR-00147,Pride and Prejudice,Classic,14
TXN-20241108-03206,2024-11-08,USR-01379,Educated,Memoir,14
TXN-20251208-03207,2025-12-08,USR-00463,Matilda,Children's,7
TXN-20250214-03208,2025-02-14,USR-00539,Matilda,Children's,42
TXN-20250914-03209,2025-09-14,USR-00297,Steve Jobs,Biography,28
TXN-20241013-03210,2024-10-13,USR-00729,The Girl with the Dragon Tattoo,Mystery,7
TXN-20241214-03211,2024-12-14,USR-00527,The Wright Brothers,History,14
TXN-20240119-03212,2024-01-19,USR-00527,The Kite Runner,Literary Fiction,35
TXN-20250501-03213,2025-05-01,USR-00174,All the Light We Cannot See,Historical Fiction,7
TXN-20230221-03214,2023-02-21,USR-00098,Gone Girl,Mystery,21
TXN-20260625-03215,2026-06-25,USR-00076,The Fellowship of the Ring,Fantasy,28
TXN-20260217-03216,2026-02-17,USR-00181,Educated,Memoir,7
TXN-20240708-03217,2024-07-08,USR-00684,Educated,Memoir,10
TXN-20241106-03218,2024-11-06,USR-00809,The Great Gatsby,Classic,14
TXN-20230714-03219,2023-07-14,USR-01010,Project Hail Mary,Science Fiction,21
TXN-20250311-03220,2025-03-11,USR-01173,The Midnight Library,Contemporary Fiction,14
TXN-20230714-03221,2023-07-14,USR-00103,Where the Crawdads Sing,Literary Fiction,7
TXN-20240225-03222,2024-02-25,USR-00615,The Psychology of Money,Business,7
TXN-20250126-03223,2025-01-26,USR-01068,"Thinking, Fast and Slow",Psychology,14
TXN-20250730-03224,2025-07-30,USR-00772,"Thinking, Fast and Slow",Psychology,35
TXN-20241220-03225,2024-12-20,USR-00817,"Thinking, Fast and Slow",Psychology,7
TXN-20250102-03226,2025-01-02,USR-00438,The Girl with the Dragon Tattoo,Mystery,14
TXN-20250201-03227,2025-02-01,USR-00566,The Psychology of Money,Business,10
TXN-20251115-03228,2025-11-15,USR-01386,The House in the Cerulean Sea,Young Adult,7
TXN-20241025-03229,2024-10-25,USR-00658,The Fellowship of the Ring,Fantasy,7
TXN-20241023-03230,2024-10-23,USR-01305,The Girl with the Dragon Tattoo,Mystery,42
TXN-20260827-03231,2026-08-27,USR-00734,The Art of War,Philosophy,14
TXN-20240822-03232,2024-08-22,USR-00495,Steve Jobs,Biography,28
TXN-20250701-03233,2025-07-01,USR-01038,The Guest List,Thriller,28
TXN-20231022-03234,2023-10-22,USR-01284,A Brief History of Time,Science,28
TXN-20250829-03235,2025-08-29,USR-00656,The Diary of a Young Girl,Biography,28
TXN-20260225-03236,2026-02-25,USR-00192,"Thinking, Fast and Slow",Psychology,7
TXN-20230418-03237,2023-04-18,USR-01096,The Wright Brothers,History,10
TXN-20230622-03238,2023-06-22,USR-00827,To Kill a Mockingbird,Classic,14
TXN-20231114-03239,2023-11-14,USR-01204,Educated,Memoir,7
TXN-20240208-03240,2024-02-08,USR-01319,The Da Vinci Code,Thriller,10
TXN-20250119-03241,2025-01-19,USR-00223,The Wright Brothers,History,14
TXN-20241130-03242,2024-11-30,USR-01099,Braiding Sweetgrass,Nature,28
TXN-20230825-03243,2023-08-25,USR-00578,"Thinking, Fast and Slow",Psychology,35
TXN-20250910-03244,2025-09-10,USR-00403,Charlotte's Web,Children's,7
TXN-20240804-03245,2024-08-04,USR-00610,All the Light We Cannot See,Historical Fiction,28
TXN-20230807-03246,2023-08-07,USR-00925,The House in the Cerulean Sea,Young Adult,14
TXN-20260513-03247,2026-05-13,USR-01042,The Great Gatsby,Classic,7
TXN-20240503-03248,2024-05-03,USR-00597,The Girl with the Dragon Tattoo,Mystery,28
TXN-20230205-03249,2023-02-05,USR-01381,The Art of War,Philosophy,28
TXN-20260129-03250,2026-01-29,USR-00719,The Great Gatsby,Classic,21
TXN-20230615-03251,2023-06-15,USR-00263,Braiding Sweetgrass,Nature,35
TXN-20231002-03252,2023-10-02,USR-00213,Steve Jobs,Biography,7
TXN-20231107-03253,2023-11-07,USR-01129,The Fellowship of the Ring,Fantasy,28
TXN-20260528-03254,2026-05-28,USR-00827,All the Light We Cannot See,Historical Fiction,10
TXN-20240220-03255,2024-02-20,USR-00846,To Kill a Mockingbird,Classic,14
TXN-20250427-03256,2025-04-27,USR-00865,The House in the Cerulean Sea,Young Adult,35
TXN-20230415-03257,2023-04-15,USR-00457,Project Hail Mary,Science Fiction,10
TXN-20260629-03258,2026-06-29,USR-01264,Where the Crawdads Sing,Literary Fiction,7
TXN-20240702-03259,2024-07-02,USR-00275,Charlotte's Web,Children's,7
TXN-20260709-03260,2026-07-09,USR-00202,A Game of Thrones,Fantasy,14
TXN-20240123-03261,2024-01-23,USR-00313,Meditations,Philosophy,42
TXN-20230719-03262,2023-07-19,USR-00047,The House in the Cerulean Sea,Young Adult,10
TXN-20240317-03263,2024-03-17,USR-00449,The Art of War,Philosophy,10
TXN-20260816-03264,2026-08-16,USR-00046,The Left Hand of Darkness,Science Fiction,42
TXN-20260211-03265,2026-02-11,USR-00329,The Midnight Library,Contemporary Fiction,21
TXN-20230208-03266,2023-02-08,USR-01339,Atomic Habits,Self-Help,10
TXN-20241125-03267,2024-11-25,USR-00416,Steve Jobs,Biography,28
TXN-20250213-03268,2025-02-13,USR-00532,The Great Gatsby,Classic,21
TXN-20250123-03269,2025-01-23,USR-01359,Educated,Memoir,21
TXN-20260612-03270,2026-06-12,USR-01182,The Martian,Science Fiction,14
TXN-20241208-03271,2024-12-08,USR-00317,The Psychology of Money,Business,42
TXN-20231004-03272,2023-10-04,USR-01243,Dune,Science Fiction,28
TXN-20250406-03273,2025-04-06,USR-01012,Pride and Prejudice,Classic,14
TXN-20250421-03274,2025-04-21,USR-01235,The Wright Brothers,History,35
TXN-20250208-03275,2025-02-08,USR-01119,All the Light We Cannot See,Historical Fiction,10
TXN-20241212-03276,2024-12-12,USR-00951,Pride and Prejudice,Classic,7
TXN-20230718-03277,2023-07-18,USR-00396,Becoming,Memoir,7
TXN-20251213-03278,2025-12-13,USR-00113,Gone Girl,Mystery,7
TXN-20230517-03279,2023-05-17,USR-00153,The Guest List,Thriller,14
TXN-20260629-03280,2026-06-29,USR-00149,The Hobbit,Fantasy,14
TXN-20251205-03281,2025-12-05,USR-01052,Matilda,Children's,42
TXN-20250728-03282,2025-07-28,USR-00123,Atomic Habits,Self-Help,14
TXN-20240403-03283,2024-04-03,USR-00652,Project Hail Mary,Science Fiction,10
TXN-20230827-03284,2023-08-27,USR-00793,The Guest List,Thriller,28
TXN-20240115-03285,2024-01-15,USR-00490,The Midnight Library,Contemporary Fiction,10
TXN-20250507-03286,2025-05-07,USR-00005,Gone Girl,Mystery,14
TXN-20260329-03287,2026-03-29,USR-00291,All the Light We Cannot See,Historical Fiction,21
TXN-20251112-03288,2025-11-12,USR-00437,Where the Crawdads Sing,Literary Fiction,42
TXN-20260627-03289,2026-06-27,USR-00331,Becoming,Memoir,14
TXN-20250228-03290,2025-02-28,USR-00264,Meditations,Philosophy,7
TXN-20231101-03291,2023-11-01,USR-00720,The Very Hungry Caterpillar,Children's,14
TXN-20251027-03292,2025-10-27,USR-00373,The Name of the Wind,Fantasy,28
TXN-20240409-03293,2024-04-09,USR-00440,The Hobbit,Fantasy,7
TXN-20250907-03294,2025-09-07,USR-00110,Atomic Habits,Self-Help,21
TXN-20240416-03295,2024-04-16,USR-00304,The Diary of a Young Girl,Biography,28
TXN-20230708-03296,2023-07-08,USR-01166,The House in the Cerulean Sea,Young Adult,21
TXN-20251102-03297,2025-11-02,USR-00065,The Guest List,Thriller,35
TXN-20230202-03298,2023-02-02,USR-01398,Where the Crawdads Sing,Literary Fiction,28
TXN-20240105-03299,2024-01-05,USR-00859,A Game of Thrones,Fantasy,7
TXN-20240824-03300,2024-08-24,USR-00993,The Hate U Give,Young Adult,35
TXN-20260221-03301,2026-02-21,USR-00378,All the Light We Cannot See,Historical Fiction,42
TXN-20251011-03302,2025-10-11,USR-01362,The Midnight Library,Contemporary Fiction,7
TXN-20250411-03303,2025-04-11,USR-00393,Matilda,Children's,14
TXN-20240506-03304,2024-05-06,USR-00979,The Girl with the Dragon Tattoo,Mystery,7
TXN-20230521-03305,2023-05-21,USR-00006,The Silent Patient,Thriller,28
TXN-20230619-03306,2023-06-19,USR-00753,Gone Girl,Mystery,28
TXN-20230821-03307,2023-08-21,USR-01241,Becoming,Memoir,14
TXN-20231128-03308,2023-11-28,USR-00738,Sapiens,History,21
TXN-20240925-03309,2024-09-25,USR-00374,Meditations,Philosophy,10
TXN-20251116-03310,2025-11-16,USR-00779,The Silent Patient,Thriller,10
TXN-20240823-03311,2024-08-23,USR-01400,The Diary of a Young Girl,Biography,14
TXN-20250709-03312,2025-07-09,USR-00904,The Kite Runner,Literary Fiction,35
TXN-20260522-03313,2026-05-22,USR-01238,Where the Crawdads Sing,Literary Fiction,21
TXN-20240703-03314,2024-07-03,USR-00040,The Very Hungry Caterpillar,Children's,21
TXN-20231129-03315,2023-11-29,USR-01272,The House in the Cerulean Sea,Young Adult,28
TXN-20230428-03316,2023-04-28,USR-00077,The Very Hungry Caterpillar,Children's,28
TXN-20260824-03317,2026-08-24,USR-00429,The Very Hungry Caterpillar,Children's,42
TXN-20231228-03318,2023-12-28,USR-01266,Pride and Prejudice,Classic,7
TXN-20231106-03319,2023-11-06,USR-00597,The Hobbit,Fantasy,28
TXN-20231022-03320,2023-10-22,USR-00154,The Diary of a Young Girl,Biography,35
TXN-20240416-03321,2024-04-16,USR-00581,The Hate U Give,Young Adult,21
TXN-20251108-03322,2025-11-08,USR-01255,The Hobbit,Fantasy,35
TXN-20240919-03323,2024-09-19,USR-00993,The Wright Brothers,History,14
TXN-20251116-03324,2025-11-16,USR-00466,Gone Girl,Mystery,21
TXN-20240430-03325,2024-04-30,USR-00479,Steve Jobs,Biography,42
TXN-20230326-03326,2023-03-26,USR-00410,The Silent Patient,Thriller,42
TXN-20230112-03327,2023-01-12,USR-00092,Charlotte's Web,Children's,28
TXN-20260729-03328,2026-07-29,USR-00323,The Girl with the Dragon Tattoo,Mystery,14
TXN-20250520-03329,2025-05-20,USR-00388,The Book Thief,Historical Fiction,28
TXN-20241205-03330,2024-12-05,USR-01078,Project Hail Mary,Science Fiction,10
TXN-20240814-03331,2024-08-14,USR-01078,Dune,Science Fiction,28
TXN-20230225-03332,2023-02-25,USR-00143,The Diary of a Young Girl,Biography,7
TXN-20250601-03333,2025-06-01,USR-00396,Educated,Memoir,28
TXN-20240625-03334,2024-06-25,USR-00283,The Thursday Murder Club,Mystery,14
TXN-20240907-03335,2024-09-07,USR-01226,The Guest List,Thriller,10
TXN-20260213-03336,2026-02-13,USR-01194,Sapiens,History,14
TXN-20231020-03337,2023-10-20,USR-00148,The Left Hand of Darkness,Science Fiction,28
TXN-20240326-03338,2024-03-26,USR-00672,To Kill a Mockingbird,Classic,10
TXN-20240713-03339,2024-07-13,USR-00037,"Thinking, Fast and Slow",Psychology,10
TXN-20240829-03340,2024-08-29,USR-01130,Matilda,Children's,28
TXN-20230520-03341,2023-05-20,USR-01386,Gone Girl,Mystery,35
TXN-20260519-03342,2026-05-19,USR-00442,All the Light We Cannot See,Historical Fiction,21
TXN-20260423-03343,2026-04-23,USR-00377,Steve Jobs,Biography,28
TXN-20250505-03344,2025-05-05,USR-00730,The Left Hand of Darkness,Science Fiction,7
TXN-20250314-03345,2025-03-14,USR-00683,A Game of Thrones,Fantasy,42
TXN-20240118-03346,2024-01-18,USR-00087,The Fellowship of the Ring,Fantasy,14
TXN-20240119-03347,2024-01-19,USR-01213,The Martian,Science Fiction,35
TXN-20241107-03348,2024-11-07,USR-00835,Sapiens,History,14
TXN-20230323-03349,2023-03-23,USR-00387,Steve Jobs,Biography,14
TXN-20250504-03350,2025-05-04,USR-00728,Steve Jobs,Biography,42
TXN-20240203-03351,2024-02-03,USR-00154,The Thursday Murder Club,Mystery,21
TXN-20230125-03352,2023-01-25,USR-00683,The Midnight Library,Contemporary Fiction,21
TXN-20240930-03353,2024-09-30,USR-01350,Pride and Prejudice,Classic,28
TXN-20260129-03354,2026-01-29,USR-01055,The Left Hand of Darkness,Science Fiction,21
TXN-20250212-03355,2025-02-12,USR-00185,The Wright Brothers,History,10
TXN-20250207-03356,2025-02-07,USR-00449,Meditations,Philosophy,14
TXN-20230214-03357,2023-02-14,USR-01274,The Martian,Science Fiction,7
TXN-20260713-03358,2026-07-13,USR-01265,All the Light We Cannot See,Historical Fiction,28
TXN-20231126-03359,2023-11-26,USR-01005,The Guest List,Thriller,7
TXN-20250122-03360,2025-01-22,USR-00985,The Diary of a Young Girl,Biography,14
TXN-20250620-03361,2025-06-20,USR-00041,The Martian,Science Fiction,10
TXN-20260218-03362,2026-02-18,USR-01395,The Name of the Wind,Fantasy,7
TXN-20240911-03363,2024-09-11,USR-00165,Educated,Memoir,7
TXN-20260525-03364,2026-05-25,USR-00749,The Guest List,Thriller,28
TXN-20250607-03365,2025-06-07,USR-00855,Atomic Habits,Self-Help,21
TXN-20250724-03366,2025-07-24,USR-01064,The Diary of a Young Girl,Biography,21
TXN-20260817-03367,2026-08-17,USR-01207,Steve Jobs,Biography,7
TXN-20250905-03368,2025-09-05,USR-01154,Matilda,Children's,10
TXN-20230724-03369,2023-07-24,USR-00180,The Great Gatsby,Classic,7
TXN-20250213-03370,2025-02-13,USR-00608,Charlotte's Web,Children's,28
TXN-20251005-03371,2025-10-05,USR-00799,The Name of the Wind,Fantasy,21
TXN-20250820-03372,2025-08-20,USR-00696,Steve Jobs,Biography,7
TXN-20250913-03373,2025-09-13,USR-00074,The Diary of a Young Girl,Biography,21
TXN-20230221-03374,2023-02-21,USR-00818,Meditations,Philosophy,28
TXN-20240701-03375,2024-07-01,USR-01074,The House in the Cerulean Sea,Young Adult,10
TXN-20260321-03376,2026-03-21,USR-00294,The Da Vinci Code,Thriller,28
TXN-20230127-03377,2023-01-27,USR-00929,Steve Jobs,Biography,28
TXN-20250517-03378,2025-05-17,USR-01280,The Thursday Murder Club,Mystery,10
TXN-20260422-03379,2026-04-22,USR-00969,The Girl with the Dragon Tattoo,Mystery,28
TXN-20230101-03380,2023-01-01,USR-00232,Braiding Sweetgrass,Nature,7
TXN-20230827-03381,2023-08-27,USR-01207,The Wright Brothers,History,7
TXN-20250125-03382,2025-01-25,USR-00107,The Diary of a Young Girl,Biography,28
TXN-20230207-03383,2023-02-07,USR-00156,The House in the Cerulean Sea,Young Adult,42
TXN-20231127-03384,2023-11-27,USR-01291,"Thinking, Fast and Slow",Psychology,7
TXN-20241127-03385,2024-11-27,USR-01381,Educated,Memoir,35
TXN-20230504-03386,2023-05-04,USR-00682,The Wright Brothers,History,10
TXN-20230101-03387,2023-01-01,USR-00190,The Book Thief,Historical Fiction,14
TXN-20250807-03388,2025-08-07,USR-00289,Braiding Sweetgrass,Nature,14
TXN-20230311-03389,2023-03-11,USR-00866,The Silent Patient,Thriller,42
TXN-20231202-03390,2023-12-02,USR-00192,The Thursday Murder Club,Mystery,28
TXN-20230113-03391,2023-01-13,USR-00035,The Thursday Murder Club,Mystery,14
TXN-20260724-03392,2026-07-24,USR-01017,The Thursday Murder Club,Mystery,14
TXN-20230222-03393,2023-02-22,USR-00565,A Brief History of Time,Science,14
TXN-20240318-03394,2024-03-18,USR-00568,The Book Thief,Historical Fiction,14
TXN-20251115-03395,2025-11-15,USR-00012,The Psychology of Money,Business,14
TXN-20250621-03396,2025-06-21,USR-01380,Meditations,Philosophy,10
TXN-20250128-03397,2025-01-28,USR-01197,The Thursday Murder Club,Mystery,7
TXN-20240910-03398,2024-09-10,USR-01221,The Art of War,Philosophy,21
TXN-20230729-03399,2023-07-29,USR-00128,The Diary of a Young Girl,Biography,28
TXN-20230411-03400,2023-04-11,USR-00128,The Girl with the Dragon Tattoo,Mystery,28
TXN-20230519-03401,2023-05-19,USR-00244,Becoming,Memoir,35
TXN-20230820-03402,2023-08-20,USR-00178,Pride and Prejudice,Classic,14
TXN-20250417-03403,2025-04-17,USR-01219,"Thinking, Fast and Slow",Psychology,28
TXN-20250403-03404,2025-04-03,USR-00801,The Kite Runner,Literary Fiction,35
TXN-20230330-03405,2023-03-30,USR-00081,A Brief History of Time,Science,28
TXN-20260630-03406,2026-06-30,USR-00825,The Hate U Give,Young Adult,14
TXN-20260509-03407,2026-05-09,USR-00486,The Book Thief,Historical Fiction,28
TXN-20240927-03408,2024-09-27,USR-00263,A Game of Thrones,Fantasy,7
TXN-20240523-03409,2024-05-23,USR-00717,Educated,Memoir,14
TXN-20251231-03410,2025-12-31,USR-00437,The Kite Runner,Literary Fiction,42
TXN-20241223-03411,2024-12-23,USR-01030,"Thinking, Fast and Slow",Psychology,28
TXN-20230711-03412,2023-07-11,USR-01037,The Wright Brothers,History,14
TXN-20230223-03413,2023-02-23,USR-00932,The Name of the Wind,Fantasy,14
TXN-20260310-03414,2026-03-10,USR-01121,Braiding Sweetgrass,Nature,7
TXN-20240507-03415,2024-05-07,USR-00395,The House in the Cerulean Sea,Young Adult,14
TXN-20260729-03416,2026-07-29,USR-01247,To Kill a Mockingbird,Classic,42
TXN-20250625-03417,2025-06-25,USR-00814,"Thinking, Fast and Slow",Psychology,7
TXN-20260223-03418,2026-02-23,USR-01151,The Girl with the Dragon Tattoo,Mystery,42
TXN-20230902-03419,2023-09-02,USR-00098,The House in the Cerulean Sea,Young Adult,10
TXN-20251013-03420,2025-10-13,USR-01353,Braiding Sweetgrass,Nature,14
TXN-20230605-03421,2023-06-05,USR-00098,The Very Hungry Caterpillar,Children's,7
TXN-20250927-03422,2025-09-27,USR-00308,Charlotte's Web,Children's,21
TXN-20231122-03423,2023-11-22,USR-01175,Meditations,Philosophy,28
TXN-20240101-03424,2024-01-01,USR-01089,All the Light We Cannot See,Historical Fiction,10
TXN-20260615-03425,2026-06-15,USR-00702,Project Hail Mary,Science Fiction,7
TXN-20240103-03426,2024-01-03,USR-01013,The Great Gatsby,Classic,7
TXN-20260211-03427,2026-02-11,USR-01111,The Psychology of Money,Business,35
TXN-20260217-03428,2026-02-17,USR-00600,The Psychology of Money,Business,35
TXN-20230325-03429,2023-03-25,USR-00865,A Brief History of Time,Science,14
TXN-20241119-03430,2024-11-19,USR-01071,The Silent Patient,Thriller,35
TXN-20260427-03431,2026-04-27,USR-00581,A Brief History of Time,Science,10
TXN-20260703-03432,2026-07-03,USR-00182,The Wright Brothers,History,28
TXN-20231222-03433,2023-12-22,USR-00483,The Very Hungry Caterpillar,Children's,10
TXN-20240811-03434,2024-08-11,USR-00401,Braiding Sweetgrass,Nature,7
TXN-20241002-03435,2024-10-02,USR-00389,The Hobbit,Fantasy,7
TXN-20250810-03436,2025-08-10,USR-00015,The Hobbit,Fantasy,14
TXN-20251121-03437,2025-11-21,USR-00849,A Brief History of Time,Science,7
TXN-20241013-03438,2024-10-13,USR-00779,Meditations,Philosophy,14
TXN-20240501-03439,2024-05-01,USR-01202,Educated,Memoir,28
TXN-20241031-03440,2024-10-31,USR-01304,The Guest List,Thriller,14
TXN-20260318-03441,2026-03-18,USR-00190,Becoming,Memoir,14
TXN-20230605-03442,2023-06-05,USR-01375,The Wright Brothers,History,28
TXN-20250514-03443,2025-05-14,USR-00490,Project Hail Mary,Science Fiction,7
TXN-20241105-03444,2024-11-05,USR-00416,The Midnight Library,Contemporary Fiction,14
TXN-20240405-03445,2024-04-05,USR-00402,The Thursday Murder Club,Mystery,7
TXN-20240515-03446,2024-05-15,USR-01286,Sapiens,History,14
TXN-20231218-03447,2023-12-18,USR-00662,Atomic Habits,Self-Help,7
TXN-20240103-03448,2024-01-03,USR-01216,The Kite Runner,Literary Fiction,14
TXN-20230711-03449,2023-07-11,USR-01193,The Girl with the Dragon Tattoo,Mystery,7
TXN-20240903-03450,2024-09-03,USR-00681,Sapiens,History,35
TXN-20250131-03451,2025-01-31,USR-00403,"Thinking, Fast and Slow",Psychology,21
TXN-20240130-03452,2024-01-30,USR-00808,The Da Vinci Code,Thriller,10
TXN-20260516-03453,2026-05-16,USR-01212,The Very Hungry Caterpillar,Children's,7
TXN-20240102-03454,2024-01-02,USR-00530,Pride and Prejudice,Classic,35
TXN-20260410-03455,2026-04-10,USR-00017,Braiding Sweetgrass,Nature,14
TXN-20241222-03456,2024-12-22,USR-00466,Atomic Habits,Self-Help,28
TXN-20250214-03457,2025-02-14,USR-00596,The Kite Runner,Literary Fiction,14
TXN-20230109-03458,2023-01-09,USR-00948,The Da Vinci Code,Thriller,14
TXN-20230523-03459,2023-05-23,USR-01154,Project Hail Mary,Science Fiction,28
TXN-20230220-03460,2023-02-20,USR-01179,The House in the Cerulean Sea,Young Adult,7
TXN-20260208-03461,2026-02-08,USR-00700,The Guest List,Thriller,14
TXN-20250623-03462,2025-06-23,USR-00931,Becoming,Memoir,7
TXN-20230902-03463,2023-09-02,USR-00960,A Game of Thrones,Fantasy,35
TXN-20240814-03464,2024-08-14,USR-00584,The Book Thief,Historical Fiction,10
TXN-20260122-03465,2026-01-22,USR-01037,To Kill a Mockingbird,Classic,7
TXN-20250725-03466,2025-07-25,USR-00892,The House in the Cerulean Sea,Young Adult,7
TXN-20251012-03467,2025-10-12,USR-00202,The Fellowship of the Ring,Fantasy,28
TXN-20250214-03468,2025-02-14,USR-01103,Charlotte's Web,Children's,14
TXN-20250311-03469,2025-03-11,USR-00419,A Brief History of Time,Science,28
TXN-20240907-03470,2024-09-07,USR-00998,Pride and Prejudice,Classic,35
TXN-20250727-03471,2025-07-27,USR-00217,Gone Girl,Mystery,14
TXN-20230201-03472,2023-02-01,USR-01284,The Name of the Wind,Fantasy,10
TXN-20250728-03473,2025-07-28,USR-00889,The Fellowship of the Ring,Fantasy,10
TXN-20260227-03474,2026-02-27,USR-00911,Charlotte's Web,Children's,28
TXN-20250608-03475,2025-06-08,USR-01240,The Kite Runner,Literary Fiction,35
TXN-20250524-03476,2025-05-24,USR-01136,The Kite Runner,Literary Fiction,28
TXN-20251115-03477,2025-11-15,USR-00462,The Fellowship of the Ring,Fantasy,21
TXN-20260416-03478,2026-04-16,USR-00921,Matilda,Children's,21
TXN-20250530-03479,2025-05-30,USR-00749,Sapiens,History,14
TXN-20231015-03480,2023-10-15,USR-00467,Where the Crawdads Sing,Literary Fiction,42
TXN-20230602-03481,2023-06-02,USR-01259,Where the Crawdads Sing,Literary Fiction,10
TXN-20231007-03482,2023-10-07,USR-00288,Steve Jobs,Biography,10
TXN-20250319-03483,2025-03-19,USR-00197,The Great Gatsby,Classic,7
TXN-20260401-03484,2026-04-01,USR-00021,Gone Girl,Mystery,21
TXN-20230801-03485,2023-08-01,USR-00850,Educated,Memoir,10
TXN-20250518-03486,2025-05-18,USR-01175,The Silent Patient,Thriller,7
TXN-20260425-03487,2026-04-25,USR-00552,Sapiens,History,21
TXN-20260126-03488,2026-01-26,USR-01216,The Very Hungry Caterpillar,Children's,7
TXN-20230712-03489,2023-07-12,USR-00388,"Thinking, Fast and Slow",Psychology,10
TXN-20260207-03490,2026-02-07,USR-01390,The Kite Runner,Literary Fiction,21
TXN-20260830-03491,2026-08-30,USR-00635,The Name of the Wind,Fantasy,14
TXN-20251201-03492,2025-12-01,USR-00283,The Very Hungry Caterpillar,Children's,7
TXN-20250404-03493,2025-04-04,USR-00144,Charlotte's Web,Children's,10
TXN-20251023-03494,2025-10-23,USR-01120,The Midnight Library,Contemporary Fiction,42
TXN-20260601-03495,2026-06-01,USR-01055,Educated,Memoir,28
TXN-20250319-03496,2025-03-19,USR-00600,A Brief History of Time,Science,42
TXN-20230108-03497,2023-01-08,USR-00651,Gone Girl,Mystery,14
TXN-20240101-03498,2024-01-01,USR-01269,The House in the Cerulean Sea,Young Adult,21
TXN-20260504-03499,2026-05-04,USR-01150,Sapiens,History,7
TXN-20251120-03500,2025-11-20,USR-01233,A Brief History of Time,Science,7
TXN-20230912-03501,2023-09-12,USR-01035,A Brief History of Time,Science,14
TXN-20250716-03502,2025-07-16,USR-00399,The Psychology of Money,Business,28
TXN-20260313-03503,2026-03-13,USR-00121,Braiding Sweetgrass,Nature,10
TXN-20230604-03504,2023-06-04,USR-00871,Project Hail Mary,Science Fiction,7
TXN-20230314-03505,2023-03-14,USR-00158,The Very Hungry Caterpillar,Children's,21
TXN-20240518-03506,2024-05-18,USR-00062,Matilda,Children's,7
TXN-20230225-03507,2023-02-25,USR-00974,To Kill a Mockingbird,Classic,21
TXN-20230804-03508,2023-08-04,USR-00365,The Hate U Give,Young Adult,28
TXN-20230316-03509,2023-03-16,USR-00552,Steve Jobs,Biography,14
TXN-20231216-03510,2023-12-16,USR-00342,The Guest List,Thriller,10
TXN-20241028-03511,2024-10-28,USR-00450,Where the Crawdads Sing,Literary Fiction,14
TXN-20260306-03512,2026-03-06,USR-01066,Pride and Prejudice,Classic,35
TXN-20251116-03513,2025-11-16,USR-01155,The Book Thief,Historical Fiction,10
TXN-20240803-03514,2024-08-03,USR-00990,The Thursday Murder Club,Mystery,7
TXN-20250910-03515,2025-09-10,USR-01372,The Kite Runner,Literary Fiction,28
TXN-20230520-03516,2023-05-20,USR-00359,The Hate U Give,Young Adult,28
TXN-20241208-03517,2024-12-08,USR-01254,Becoming,Memoir,10
TXN-20250718-03518,2025-07-18,USR-01161,"Thinking, Fast and Slow",Psychology,7
TXN-20231025-03519,2023-10-25,USR-01174,To Kill a Mockingbird,Classic,28
TXN-20231119-03520,2023-11-19,USR-01206,Sapiens,History,7
TXN-20260119-03521,2026-01-19,USR-00219,The Wright Brothers,History,28
TXN-20230604-03522,2023-06-04,USR-00556,Becoming,Memoir,21
TXN-20260726-03523,2026-07-26,USR-00044,The Left Hand of Darkness,Science Fiction,42
TXN-20250722-03524,2025-07-22,USR-00679,The Da Vinci Code,Thriller,14
TXN-20230327-03525,2023-03-27,USR-00040,Pride and Prejudice,Classic,28
TXN-20250324-03526,2025-03-24,USR-00553,A Game of Thrones,Fantasy,7
TXN-20230514-03527,2023-05-14,USR-00659,All the Light We Cannot See,Historical Fiction,21
TXN-20241117-03528,2024-11-17,USR-00898,A Game of Thrones,Fantasy,28
TXN-20260728-03529,2026-07-28,USR-00865,The Girl with the Dragon Tattoo,Mystery,14
TXN-20241005-03530,2024-10-05,USR-01150,Where the Crawdads Sing,Literary Fiction,21
TXN-20240524-03531,2024-05-24,USR-00924,The Left Hand of Darkness,Science Fiction,10
TXN-20260430-03532,2026-04-30,USR-00372,A Brief History of Time,Science,28
TXN-20231215-03533,2023-12-15,USR-00738,The Psychology of Money,Business,28
TXN-20230108-03534,2023-01-08,USR-00700,Sapiens,History,21
TXN-20260107-03535,2026-01-07,USR-00708,Atomic Habits,Self-Help,42
TXN-20260208-03536,2026-02-08,USR-00731,Braiding Sweetgrass,Nature,42
TXN-20230621-03537,2023-06-21,USR-00939,The Diary of a Young Girl,Biography,21
TXN-20260804-03538,2026-08-04,USR-01247,The Midnight Library,Contemporary Fiction,42
TXN-20231026-03539,2023-10-26,USR-00182,The House in the Cerulean Sea,Young Adult,14
TXN-20250312-03540,2025-03-12,USR-00870,The Diary of a Young Girl,Biography,21
TXN-20260217-03541,2026-02-17,USR-00114,Atomic Habits,Self-Help,7
TXN-20240116-03542,2024-01-16,USR-01267,The Book Thief,Historical Fiction,35
TXN-20250903-03543,2025-09-03,USR-00956,The Book Thief,Historical Fiction,14
TXN-20240206-03544,2024-02-06,USR-00880,The Da Vinci Code,Thriller,28
TXN-20240413-03545,2024-04-13,USR-01023,Braiding Sweetgrass,Nature,14
TXN-20240829-03546,2024-08-29,USR-01003,Dune,Science Fiction,28
TXN-20240626-03547,2024-06-26,USR-00219,A Brief History of Time,Science,7
TXN-20241126-03548,2024-11-26,USR-00391,Educated,Memoir,10
TXN-20250826-03549,2025-08-26,USR-00467,The Great Gatsby,Classic,14
TXN-20231104-03550,2023-11-04,USR-00805,The Wright Brothers,History,14
TXN-20251127-03551,2025-11-27,USR-00274,The Guest List,Thriller,28
TXN-20251231-03552,2025-12-31,USR-01104,The Silent Patient,Thriller,10
TXN-20260129-03553,2026-01-29,USR-00234,Matilda,Children's,7
TXN-20230628-03554,2023-06-28,USR-00863,Braiding Sweetgrass,Nature,28
TXN-20240925-03555,2024-09-25,USR-01274,The Left Hand of Darkness,Science Fiction,28
TXN-20240223-03556,2024-02-23,USR-00934,Sapiens,History,21
TXN-20260402-03557,2026-04-02,USR-01230,The Hate U Give,Young Adult,10
TXN-20230126-03558,2023-01-26,USR-00948,The Hobbit,Fantasy,35
TXN-20250424-03559,2025-04-24,USR-00965,The Da Vinci Code,Thriller,7
TXN-20231115-03560,2023-11-15,USR-00745,The Martian,Science Fiction,21
TXN-20260607-03561,2026-06-07,USR-00422,Steve Jobs,Biography,28
TXN-20250509-03562,2025-05-09,USR-00151,The House in the Cerulean Sea,Young Adult,14
TXN-20250401-03563,2025-04-01,USR-00018,The Hate U Give,Young Adult,21
TXN-20241113-03564,2024-11-13,USR-01287,The Thursday Murder Club,Mystery,28
TXN-20241106-03565,2024-11-06,USR-00371,Where the Crawdads Sing,Literary Fiction,10
TXN-20231020-03566,2023-10-20,USR-00816,The Thursday Murder Club,Mystery,10
TXN-20241030-03567,2024-10-30,USR-00369,The Psychology of Money,Business,14
TXN-20240121-03568,2024-01-21,USR-00133,A Game of Thrones,Fantasy,21
TXN-20230608-03569,2023-06-08,USR-00573,The Girl with the Dragon Tattoo,Mystery,14
TXN-20260820-03570,2026-08-20,USR-01281,All the Light We Cannot See,Historical Fiction,14
TXN-20250525-03571,2025-05-25,USR-00757,The Art of War,Philosophy,14
TXN-20241217-03572,2024-12-17,USR-01218,The Great Gatsby,Classic,42
TXN-20260317-03573,2026-03-17,USR-01392,Becoming,Memoir,35
TXN-20251121-03574,2025-11-21,USR-01212,Becoming,Memoir,7
TXN-20240201-03575,2024-02-01,USR-00659,Braiding Sweetgrass,Nature,21
TXN-20250222-03576,2025-02-22,USR-00577,All the Light We Cannot See,Historical Fiction,28
TXN-20230109-03577,2023-01-09,USR-01005,To Kill a Mockingbird,Classic,21
TXN-20250224-03578,2025-02-24,USR-01346,The Martian,Science Fiction,42
TXN-20230324-03579,2023-03-24,USR-00032,The Girl with the Dragon Tattoo,Mystery,7
TXN-20250727-03580,2025-07-27,USR-00082,Educated,Memoir,10
TXN-20240811-03581,2024-08-11,USR-00730,The Martian,Science Fiction,21
TXN-20230412-03582,2023-04-12,USR-00424,"Thinking, Fast and Slow",Psychology,21
TXN-20250120-03583,2025-01-20,USR-00444,Matilda,Children's,14
TXN-20250506-03584,2025-05-06,USR-00176,The Da Vinci Code,Thriller,28
TXN-20240429-03585,2024-04-29,USR-00573,The Girl with the Dragon Tattoo,Mystery,35
TXN-20231022-03586,2023-10-22,USR-00528,The Da Vinci Code,Thriller,7
TXN-20260619-03587,2026-06-19,USR-00617,The Very Hungry Caterpillar,Children's,42
TXN-20231012-03588,2023-10-12,USR-01017,The Hate U Give,Young Adult,28
TXN-20251110-03589,2025-11-10,USR-00356,Educated,Memoir,14
TXN-20260103-03590,2026-01-03,USR-01223,Gone Girl,Mystery,10
TXN-20240921-03591,2024-09-21,USR-00364,A Brief History of Time,Science,28
TXN-20260212-03592,2026-02-12,USR-00809,Charlotte's Web,Children's,14
TXN-20230425-03593,2023-04-25,USR-00864,Steve Jobs,Biography,21
TXN-20230414-03594,2023-04-14,USR-00690,Dune,Science Fiction,42
TXN-20230314-03595,2023-03-14,USR-00323,Gone Girl,Mystery,14
TXN-20230808-03596,2023-08-08,USR-01146,The Left Hand of Darkness,Science Fiction,21
TXN-20250406-03597,2025-04-06,USR-00775,The Hobbit,Fantasy,10
TXN-20230724-03598,2023-07-24,USR-01067,The Book Thief,Historical Fiction,7
TXN-20260205-03599,2026-02-05,USR-00297,Meditations,Philosophy,14
TXN-20241111-03600,2024-11-11,USR-01142,Where the Crawdads Sing,Literary Fiction,7
TXN-20231022-03601,2023-10-22,USR-00602,Charlotte's Web,Children's,21
TXN-20250908-03602,2025-09-08,USR-01182,The Hate U Give,Young Adult,21
TXN-20251108-03603,2025-11-08,USR-00392,The Left Hand of Darkness,Science Fiction,7
TXN-20241225-03604,2024-12-25,USR-01376,Meditations,Philosophy,7
TXN-20251225-03605,2025-12-25,USR-01027,The Great Gatsby,Classic,21
TXN-20250304-03606,2025-03-04,USR-00495,The Thursday Murder Club,Mystery,28
TXN-20230713-03607,2023-07-13,USR-00752,All the Light We Cannot See,Historical Fiction,21
TXN-20251127-03608,2025-11-27,USR-00824,The Great Gatsby,Classic,14
TXN-20260623-03609,2026-06-23,USR-01243,The Diary of a Young Girl,Biography,28
TXN-20230726-03610,2023-07-26,USR-00235,The Psychology of Money,Business,7
TXN-20230718-03611,2023-07-18,USR-01302,"Thinking, Fast and Slow",Psychology,10
TXN-20231023-03612,2023-10-23,USR-00800,The Girl with the Dragon Tattoo,Mystery,10
TXN-20240513-03613,2024-05-13,USR-00086,The Fellowship of the Ring,Fantasy,42
TXN-20230311-03614,2023-03-11,USR-00335,The Book Thief,Historical Fiction,14
TXN-20240922-03615,2024-09-22,USR-00077,The Hate U Give,Young Adult,14
TXN-20251105-03616,2025-11-05,USR-00490,The Silent Patient,Thriller,21
TXN-20250305-03617,2025-03-05,USR-01379,Project Hail Mary,Science Fiction,14
TXN-20250721-03618,2025-07-21,USR-00569,Charlotte's Web,Children's,28
TXN-20260122-03619,2026-01-22,USR-01366,A Game of Thrones,Fantasy,42
TXN-20260719-03620,2026-07-19,USR-00893,The Kite Runner,Literary Fiction,14
TXN-20240809-03621,2024-08-09,USR-01061,The Midnight Library,Contemporary Fiction,14
TXN-20260120-03622,2026-01-20,USR-00294,The Diary of a Young Girl,Biography,28
TXN-20250124-03623,2025-01-24,USR-00049,The Book Thief,Historical Fiction,28
TXN-20240717-03624,2024-07-17,USR-00356,Matilda,Children's,28
TXN-20250408-03625,2025-04-08,USR-00934,The Midnight Library,Contemporary Fiction,7
TXN-20230524-03626,2023-05-24,USR-00984,The Art of War,Philosophy,21
TXN-20230719-03627,2023-07-19,USR-00931,The Da Vinci Code,Thriller,28
TXN-20240813-03628,2024-08-13,USR-01315,Atomic Habits,Self-Help,21
TXN-20240129-03629,2024-01-29,USR-01394,Sapiens,History,10
TXN-20250419-03630,2025-04-19,USR-00368,Gone Girl,Mystery,28
TXN-20251215-03631,2025-12-15,USR-00283,Charlotte's Web,Children's,14
TXN-20250213-03632,2025-02-13,USR-00227,The Guest List,Thriller,7
TXN-20250423-03633,2025-04-23,USR-01170,The Midnight Library,Contemporary Fiction,21
TXN-20241203-03634,2024-12-03,USR-00567,The Thursday Murder Club,Mystery,28
TXN-20230227-03635,2023-02-27,USR-00978,The Da Vinci Code,Thriller,28
TXN-20230909-03636,2023-09-09,USR-01312,The Book Thief,Historical Fiction,14
TXN-20240503-03637,2024-05-03,USR-01262,Becoming,Memoir,21
TXN-20241124-03638,2024-11-24,USR-00834,Meditations,Philosophy,10
TXN-20231022-03639,2023-10-22,USR-01027,The Silent Patient,Thriller,7
TXN-20260822-03640,2026-08-22,USR-00888,The Martian,Science Fiction,7
TXN-20240512-03641,2024-05-12,USR-00480,The Wright Brothers,History,42
TXN-20240930-03642,2024-09-30,USR-00088,Braiding Sweetgrass,Nature,14
TXN-20230529-03643,2023-05-29,USR-00321,The Wright Brothers,History,21
TXN-20250516-03644,2025-05-16,USR-01112,The Guest List,Thriller,14
TXN-20231018-03645,2023-10-18,USR-00778,The Psychology of Money,Business,10
TXN-20260805-03646,2026-08-05,USR-00855,The Thursday Murder Club,Mystery,14
TXN-20240920-03647,2024-09-20,USR-00364,The Wright Brothers,History,14
TXN-20240203-03648,2024-02-03,USR-01312,The Silent Patient,Thriller,14
TXN-20250903-03649,2025-09-03,USR-01393,The Martian,Science Fiction,21
TXN-20260327-03650,2026-03-27,USR-00603,The Da Vinci Code,Thriller,28
TXN-20250223-03651,2025-02-23,USR-01212,The Psychology of Money,Business,35
TXN-20230718-03652,2023-07-18,USR-00530,The Psychology of Money,Business,28
TXN-20250115-03653,2025-01-15,USR-01386,Pride and Prejudice,Classic,10
TXN-20260319-03654,2026-03-19,USR-01279,The Girl with the Dragon Tattoo,Mystery,42
TXN-20260221-03655,2026-02-21,USR-01212,Meditations,Philosophy,28
TXN-20230125-03656,2023-01-25,USR-00054,The Martian,Science Fiction,7
TXN-20250905-03657,2025-09-05,USR-00773,Pride and Prejudice,Classic,7
TXN-20230311-03658,2023-03-11,USR-00650,The Da Vinci Code,Thriller,10
TXN-20240402-03659,2024-04-02,USR-00935,The Kite Runner,Literary Fiction,10
TXN-20260503-03660,2026-05-03,USR-00362,To Kill a Mockingbird,Classic,7
TXN-20231104-03661,2023-11-04,USR-00268,Dune,Science Fiction,28
TXN-20240911-03662,2024-09-11,USR-00437,The House in the Cerulean Sea,Young Adult,42
TXN-20240315-03663,2024-03-15,USR-00120,The Psychology of Money,Business,28
TXN-20250131-03664,2025-01-31,USR-00854,Meditations,Philosophy,28
TXN-20241226-03665,2024-12-26,USR-01017,A Brief History of Time,Science,10
TXN-20250707-03666,2025-07-07,USR-00453,The Thursday Murder Club,Mystery,28
TXN-20260410-03667,2026-04-10,USR-00207,Dune,Science Fiction,14
TXN-20230301-03668,2023-03-01,USR-00992,Atomic Habits,Self-Help,7
TXN-20231028-03669,2023-10-28,USR-00138,The Book Thief,Historical Fiction,14
TXN-20240530-03670,2024-05-30,USR-01144,The Hobbit,Fantasy,14
TXN-20240917-03671,2024-09-17,USR-01276,Charlotte's Web,Children's,28
TXN-20231209-03672,2023-12-09,USR-00037,Project Hail Mary,Science Fiction,7
TXN-20240922-03673,2024-09-22,USR-00257,All the Light We Cannot See,Historical Fiction,10
TXN-20260316-03674,2026-03-16,USR-00521,Project Hail Mary,Science Fiction,28
TXN-20240613-03675,2024-06-13,USR-00383,"Thinking, Fast and Slow",Psychology,14
TXN-20250108-03676,2025-01-08,USR-00986,Dune,Science Fiction,21
TXN-20250614-03677,2025-06-14,USR-00846,The Very Hungry Caterpillar,Children's,28
TXN-20250628-03678,2025-06-28,USR-00902,Dune,Science Fiction,10
TXN-20241101-03679,2024-11-01,USR-01099,The Martian,Science Fiction,14
TXN-20240104-03680,2024-01-04,USR-00511,The Martian,Science Fiction,10
TXN-20260717-03681,2026-07-17,USR-00759,The Art of War,Philosophy,14
TXN-20230513-03682,2023-05-13,USR-00246,The Very Hungry Caterpillar,Children's,14
TXN-20250514-03683,2025-05-14,USR-00649,The Martian,Science Fiction,7
TXN-20240309-03684,2024-03-09,USR-01295,The Art of War,Philosophy,14
TXN-20260117-03685,2026-01-17,USR-00774,The Great Gatsby,Classic,7
TXN-20251030-03686,2025-10-30,USR-00294,The Da Vinci Code,Thriller,14
TXN-20240130-03687,2024-01-30,USR-00844,All the Light We Cannot See,Historical Fiction,14
TXN-20250813-03688,2025-08-13,USR-00570,The House in the Cerulean Sea,Young Adult,28
TXN-20250405-03689,2025-04-05,USR-00524,A Brief History of Time,Science,21
TXN-20231108-03690,2023-11-08,USR-00705,Steve Jobs,Biography,10
TXN-20230416-03691,2023-04-16,USR-00827,Gone Girl,Mystery,28
TXN-20230711-03692,2023-07-11,USR-01054,The Midnight Library,Contemporary Fiction,21
TXN-20230611-03693,2023-06-11,USR-01041,The Hobbit,Fantasy,14
TXN-20241005-03694,2024-10-05,USR-00191,The Very Hungry Caterpillar,Children's,14
TXN-20240421-03695,2024-04-21,USR-01000,Braiding Sweetgrass,Nature,21
TXN-20250106-03696,2025-01-06,USR-00891,The Guest List,Thriller,28
TXN-20230723-03697,2023-07-23,USR-00287,Where the Crawdads Sing,Literary Fiction,21
TXN-20241220-03698,2024-12-20,USR-00458,To Kill a Mockingbird,Classic,7
TXN-20251101-03699,2025-11-01,USR-01373,Steve Jobs,Biography,14
TXN-20250701-03700,2025-07-01,USR-00384,The Name of the Wind,Fantasy,28
TXN-20230428-03701,2023-04-28,USR-01298,The House in the Cerulean Sea,Young Adult,21
TXN-20230118-03702,2023-01-18,USR-00344,Gone Girl,Mystery,21
TXN-20260118-03703,2026-01-18,USR-01291,The Diary of a Young Girl,Biography,28
TXN-20250522-03704,2025-05-22,USR-00336,Matilda,Children's,28
TXN-20240814-03705,2024-08-14,USR-00717,A Brief History of Time,Science,14
TXN-20250612-03706,2025-06-12,USR-01152,The Book Thief,Historical Fiction,21
TXN-20240821-03707,2024-08-21,USR-00578,The Hate U Give,Young Adult,10
TXN-20241106-03708,2024-11-06,USR-00388,The Great Gatsby,Classic,35
TXN-20240720-03709,2024-07-20,USR-01133,Meditations,Philosophy,7
TXN-20260722-03710,2026-07-22,USR-00793,The Very Hungry Caterpillar,Children's,21
TXN-20241115-03711,2024-11-15,USR-00673,The Martian,Science Fiction,35
TXN-20251107-03712,2025-11-07,USR-00153,The Very Hungry Caterpillar,Children's,42
TXN-20241029-03713,2024-10-29,USR-01019,The Midnight Library,Contemporary Fiction,7
TXN-20250610-03714,2025-06-10,USR-00517,Where the Crawdads Sing,Literary Fiction,35
TXN-20240905-03715,2024-09-05,USR-00167,The Kite Runner,Literary Fiction,28
TXN-20230329-03716,2023-03-29,USR-00355,The Hobbit,Fantasy,28
TXN-20260705-03717,2026-07-05,USR-00067,Pride and Prejudice,Classic,14
TXN-20240329-03718,2024-03-29,USR-00458,The Silent Patient,Thriller,7
TXN-20260106-03719,2026-01-06,USR-00139,The Martian,Science Fiction,14
TXN-20250212-03720,2025-02-12,USR-01170,A Brief History of Time,Science,42
TXN-20240923-03721,2024-09-23,USR-00329,The Hobbit,Fantasy,21
TXN-20260720-03722,2026-07-20,USR-00766,A Brief History of Time,Science,14
TXN-20251214-03723,2025-12-14,USR-01098,The House in the Cerulean Sea,Young Adult,28
TXN-20250806-03724,2025-08-06,USR-00558,The Silent Patient,Thriller,14
TXN-20250605-03725,2025-06-05,USR-00354,The Martian,Science Fiction,28
TXN-20241030-03726,2024-10-30,USR-01347,The Martian,Science Fiction,14
TXN-20260123-03727,2026-01-23,USR-01316,Pride and Prejudice,Classic,7
TXN-20250304-03728,2025-03-04,USR-01005,The Wright Brothers,History,7
TXN-20250526-03729,2025-05-26,USR-00522,The Very Hungry Caterpillar,Children's,21
TXN-20240619-03730,2024-06-19,USR-00199,The Wright Brothers,History,21
TXN-20230623-03731,2023-06-23,USR-00767,The Fellowship of the Ring,Fantasy,7
TXN-20250616-03732,2025-06-16,USR-00855,The Book Thief,Historical Fiction,28
TXN-20250520-03733,2025-05-20,USR-01384,Charlotte's Web,Children's,21
TXN-20231027-03734,2023-10-27,USR-00151,The Girl with the Dragon Tattoo,Mystery,28
TXN-20231214-03735,2023-12-14,USR-00864,Becoming,Memoir,14
TXN-20231203-03736,2023-12-03,USR-01055,Dune,Science Fiction,28
TXN-20241005-03737,2024-10-05,USR-00603,The Psychology of Money,Business,35
TXN-20230824-03738,2023-08-24,USR-00198,Dune,Science Fiction,28
TXN-20250808-03739,2025-08-08,USR-01399,Matilda,Children's,7
TXN-20230412-03740,2023-04-12,USR-00686,Educated,Memoir,28
TXN-20230822-03741,2023-08-22,USR-01083,The House in the Cerulean Sea,Young Adult,35
TXN-20250619-03742,2025-06-19,USR-00844,The Martian,Science Fiction,7
TXN-20240819-03743,2024-08-19,USR-00278,Charlotte's Web,Children's,28
TXN-20260320-03744,2026-03-20,USR-00905,Gone Girl,Mystery,14
TXN-20241128-03745,2024-11-28,USR-00914,The Silent Patient,Thriller,10
TXN-20260425-03746,2026-04-25,USR-01032,To Kill a Mockingbird,Classic,7
TXN-20240919-03747,2024-09-19,USR-00259,Charlotte's Web,Children's,10
TXN-20260616-03748,2026-06-16,USR-00479,The Guest List,Thriller,7
TXN-20250422-03749,2025-04-22,USR-00107,Matilda,Children's,7
TXN-20240615-03750,2024-06-15,USR-00687,Pride and Prejudice,Classic,14
TXN-20240531-03751,2024-05-31,USR-00289,The Midnight Library,Contemporary Fiction,28
TXN-20250630-03752,2025-06-30,USR-01123,The Silent Patient,Thriller,14
TXN-20241020-03753,2024-10-20,USR-00330,The Hobbit,Fantasy,14
TXN-20250215-03754,2025-02-15,USR-00451,Where the Crawdads Sing,Literary Fiction,10
TXN-20260718-03755,2026-07-18,USR-00842,The Hobbit,Fantasy,14
TXN-20230827-03756,2023-08-27,USR-00242,The Name of the Wind,Fantasy,7
TXN-20250103-03757,2025-01-03,USR-00450,Where the Crawdads Sing,Literary Fiction,7
TXN-20240401-03758,2024-04-01,USR-00023,The Diary of a Young Girl,Biography,7
TXN-20250809-03759,2025-08-09,USR-00859,The Name of the Wind,Fantasy,21
TXN-20251022-03760,2025-10-22,USR-00462,The Guest List,Thriller,14
TXN-20231127-03761,2023-11-27,USR-00463,The Wright Brothers,History,14
TXN-20250304-03762,2025-03-04,USR-00693,The Fellowship of the Ring,Fantasy,21
TXN-20240628-03763,2024-06-28,USR-00281,All the Light We Cannot See,Historical Fiction,21
TXN-20250215-03764,2025-02-15,USR-00972,The Book Thief,Historical Fiction,14
TXN-20250322-03765,2025-03-22,USR-01239,Charlotte's Web,Children's,42
TXN-20260124-03766,2026-01-24,USR-00881,All the Light We Cannot See,Historical Fiction,14
TXN-20250718-03767,2025-07-18,USR-01188,The Name of the Wind,Fantasy,21
TXN-20230617-03768,2023-06-17,USR-00059,Meditations,Philosophy,42
TXN-20251111-03769,2025-11-11,USR-00055,Becoming,Memoir,14
TXN-20250823-03770,2025-08-23,USR-00077,The Hate U Give,Young Adult,14
TXN-20250424-03771,2025-04-24,USR-00539,The Wright Brothers,History,10
TXN-20260124-03772,2026-01-24,USR-00447,All the Light We Cannot See,Historical Fiction,14
TXN-20250409-03773,2025-04-09,USR-00136,Steve Jobs,Biography,14
TXN-20250324-03774,2025-03-24,USR-01374,The Midnight Library,Contemporary Fiction,10
TXN-20231130-03775,2023-11-30,USR-01107,The Da Vinci Code,Thriller,42
TXN-20250510-03776,2025-05-10,USR-00635,Gone Girl,Mystery,10
TXN-20231105-03777,2023-11-05,USR-00587,The Left Hand of Darkness,Science Fiction,10
TXN-20230627-03778,2023-06-27,USR-00009,Matilda,Children's,14
TXN-20230615-03779,2023-06-15,USR-00018,The Diary of a Young Girl,Biography,28
TXN-20241206-03780,2024-12-06,USR-00231,The Guest List,Thriller,28
TXN-20241228-03781,2024-12-28,USR-00336,Where the Crawdads Sing,Literary Fiction,7
TXN-20251026-03782,2025-10-26,USR-01298,Matilda,Children's,42
TXN-20260529-03783,2026-05-29,USR-01085,"Thinking, Fast and Slow",Psychology,35
TXN-20230504-03784,2023-05-04,USR-01096,The Name of the Wind,Fantasy,7
TXN-20260313-03785,2026-03-13,USR-00670,The Hobbit,Fantasy,21
TXN-20240603-03786,2024-06-03,USR-00777,The Left Hand of Darkness,Science Fiction,28
TXN-20230111-03787,2023-01-11,USR-00551,The House in the Cerulean Sea,Young Adult,7
TXN-20230612-03788,2023-06-12,USR-00072,The Wright Brothers,History,28
TXN-20240928-03789,2024-09-28,USR-00770,The Psychology of Money,Business,7
TXN-20260109-03790,2026-01-09,USR-00736,The Girl with the Dragon Tattoo,Mystery,28
TXN-20260528-03791,2026-05-28,USR-00822,The Thursday Murder Club,Mystery,14
TXN-20230708-03792,2023-07-08,USR-01331,The Midnight Library,Contemporary Fiction,35
TXN-20230613-03793,2023-06-13,USR-00253,Project Hail Mary,Science Fiction,28
TXN-20240808-03794,2024-08-08,USR-00156,The House in the Cerulean Sea,Young Adult,7
TXN-20230308-03795,2023-03-08,USR-00407,Project Hail Mary,Science Fiction,14
TXN-20260806-03796,2026-08-06,USR-00703,The Wright Brothers,History,7
TXN-20250523-03797,2025-05-23,USR-00303,Charlotte's Web,Children's,10
TXN-20250618-03798,2025-06-18,USR-00052,The Martian,Science Fiction,7
TXN-20230421-03799,2023-04-21,USR-00654,The Midnight Library,Contemporary Fiction,10
TXN-20240403-03800,2024-04-03,USR-00816,The Left Hand of Darkness,Science Fiction,14
TXN-20241222-03801,2024-12-22,USR-00617,The Wright Brothers,History,35
TXN-20250412-03802,2025-04-12,USR-00405,Charlotte's Web,Children's,35
TXN-20250525-03803,2025-05-25,USR-01289,Atomic Habits,Self-Help,42
TXN-20240421-03804,2024-04-21,USR-01039,The Thursday Murder Club,Mystery,14
TXN-20240828-03805,2024-08-28,USR-00534,The Hobbit,Fantasy,14
TXN-20250307-03806,2025-03-07,USR-01299,The Martian,Science Fiction,28
TXN-20260307-03807,2026-03-07,USR-00152,To Kill a Mockingbird,Classic,35
TXN-20230713-03808,2023-07-13,USR-00010,The Hate U Give,Young Adult,28
TXN-20260104-03809,2026-01-04,USR-00179,The House in the Cerulean Sea,Young Adult,35
TXN-20250619-03810,2025-06-19,USR-01264,Sapiens,History,28
TXN-20260306-03811,2026-03-06,USR-01335,The Thursday Murder Club,Mystery,14
TXN-20240603-03812,2024-06-03,USR-00981,Becoming,Memoir,7
TXN-20240612-03813,2024-06-12,USR-00197,"Thinking, Fast and Slow",Psychology,14
TXN-20240101-03814,2024-01-01,USR-01209,All the Light We Cannot See,Historical Fiction,14
TXN-20240617-03815,2024-06-17,USR-00920,The Left Hand of Darkness,Science Fiction,28
TXN-20260329-03816,2026-03-29,USR-00355,The Midnight Library,Contemporary Fiction,42
TXN-20251216-03817,2025-12-16,USR-00090,The Psychology of Money,Business,14
TXN-20250811-03818,2025-08-11,USR-01361,The Hobbit,Fantasy,42
TXN-20240516-03819,2024-05-16,USR-00716,The Very Hungry Caterpillar,Children's,42
TXN-20230527-03820,2023-05-27,USR-00016,Pride and Prejudice,Classic,28
TXN-20230704-03821,2023-07-04,USR-00758,The Art of War,Philosophy,7
TXN-20251029-03822,2025-10-29,USR-01002,Gone Girl,Mystery,10
TXN-20240803-03823,2024-08-03,USR-00996,The Midnight Library,Contemporary Fiction,28
TXN-20251120-03824,2025-11-20,USR-00079,The Book Thief,Historical Fiction,14
TXN-20240930-03825,2024-09-30,USR-00034,Becoming,Memoir,35
TXN-20231206-03826,2023-12-06,USR-01008,Matilda,Children's,10
TXN-20241106-03827,2024-11-06,USR-00238,The Silent Patient,Thriller,14
TXN-20240817-03828,2024-08-17,USR-00014,The Psychology of Money,Business,14
TXN-20241008-03829,2024-10-08,USR-00821,The Very Hungry Caterpillar,Children's,28
TXN-20250105-03830,2025-01-05,USR-00782,The Wright Brothers,History,14
TXN-20240510-03831,2024-05-10,USR-00455,The Kite Runner,Literary Fiction,42
TXN-20260728-03832,2026-07-28,USR-01194,The Midnight Library,Contemporary Fiction,28
TXN-20260626-03833,2026-06-26,USR-01031,Becoming,Memoir,14
TXN-20230925-03834,2023-09-25,USR-00799,The Silent Patient,Thriller,10
TXN-20231029-03835,2023-10-29,USR-01342,The Very Hungry Caterpillar,Children's,14
TXN-20231002-03836,2023-10-02,USR-01027,The Book Thief,Historical Fiction,42
TXN-20240509-03837,2024-05-09,USR-00321,A Brief History of Time,Science,10
TXN-20240902-03838,2024-09-02,USR-00936,The Martian,Science Fiction,14
TXN-20231125-03839,2023-11-25,USR-00004,Dune,Science Fiction,21
TXN-20240830-03840,2024-08-30,USR-01096,The Hate U Give,Young Adult,21
TXN-20241016-03841,2024-10-16,USR-01234,Where the Crawdads Sing,Literary Fiction,10
TXN-20260205-03842,2026-02-05,USR-00215,The Hobbit,Fantasy,10
TXN-20230713-03843,2023-07-13,USR-00503,The Left Hand of Darkness,Science Fiction,28
TXN-20230509-03844,2023-05-09,USR-01295,Meditations,Philosophy,21
TXN-20260322-03845,2026-03-22,USR-00531,The Psychology of Money,Business,7
TXN-20250904-03846,2025-09-04,USR-00737,Dune,Science Fiction,14
TXN-20250917-03847,2025-09-17,USR-00985,Atomic Habits,Self-Help,10
TXN-20230616-03848,2023-06-16,USR-00967,The Girl with the Dragon Tattoo,Mystery,28
TXN-20241022-03849,2024-10-22,USR-00132,Gone Girl,Mystery,28
TXN-20260315-03850,2026-03-15,USR-00420,The Wright Brothers,History,7
TXN-20241116-03851,2024-11-16,USR-00429,A Game of Thrones,Fantasy,10
TXN-20250811-03852,2025-08-11,USR-00041,Charlotte's Web,Children's,28
TXN-20231108-03853,2023-11-08,USR-01255,"Thinking, Fast and Slow",Psychology,28
TXN-20230102-03854,2023-01-02,USR-01140,The Left Hand of Darkness,Science Fiction,35
TXN-20230818-03855,2023-08-18,USR-01175,Matilda,Children's,28
TXN-20251105-03856,2025-11-05,USR-00172,To Kill a Mockingbird,Classic,21
TXN-20241108-03857,2024-11-08,USR-01348,Where the Crawdads Sing,Literary Fiction,28
TXN-20240428-03858,2024-04-28,USR-00063,The Diary of a Young Girl,Biography,10
TXN-20231018-03859,2023-10-18,USR-00266,The Very Hungry Caterpillar,Children's,10
TXN-20241223-03860,2024-12-23,USR-00273,Becoming,Memoir,14
TXN-20251128-03861,2025-11-28,USR-00833,The Great Gatsby,Classic,10
TXN-20240125-03862,2024-01-25,USR-00587,Gone Girl,Mystery,10
TXN-20241101-03863,2024-11-01,USR-00384,Project Hail Mary,Science Fiction,14
TXN-20230503-03864,2023-05-03,USR-00459,Atomic Habits,Self-Help,7
TXN-20231008-03865,2023-10-08,USR-00038,All the Light We Cannot See,Historical Fiction,10
TXN-20251102-03866,2025-11-02,USR-00877,A Brief History of Time,Science,14
TXN-20251123-03867,2025-11-23,USR-01190,Project Hail Mary,Science Fiction,10
TXN-20260630-03868,2026-06-30,USR-00380,Project Hail Mary,Science Fiction,21
TXN-20230328-03869,2023-03-28,USR-00339,The Great Gatsby,Classic,14
TXN-20230113-03870,2023-01-13,USR-00603,The Diary of a Young Girl,Biography,21
TXN-20240316-03871,2024-03-16,USR-00457,The Great Gatsby,Classic,21
TXN-20250506-03872,2025-05-06,USR-00362,Project Hail Mary,Science Fiction,21
TXN-20240727-03873,2024-07-27,USR-01093,Braiding Sweetgrass,Nature,14
TXN-20260721-03874,2026-07-21,USR-00679,The Book Thief,Historical Fiction,10
TXN-20240622-03875,2024-06-22,USR-00813,Matilda,Children's,35
TXN-20231024-03876,2023-10-24,USR-01141,The Silent Patient,Thriller,28
TXN-20250712-03877,2025-07-12,USR-00781,The Book Thief,Historical Fiction,7
TXN-20260709-03878,2026-07-09,USR-00198,Charlotte's Web,Children's,21
TXN-20260415-03879,2026-04-15,USR-01075,Project Hail Mary,Science Fiction,35
TXN-20260330-03880,2026-03-30,USR-00801,The Diary of a Young Girl,Biography,14
TXN-20230617-03881,2023-06-17,USR-00940,Braiding Sweetgrass,Nature,28
TXN-20230914-03882,2023-09-14,USR-00372,The Kite Runner,Literary Fiction,10
TXN-20260304-03883,2026-03-04,USR-00184,The Left Hand of Darkness,Science Fiction,14
TXN-20241031-03884,2024-10-31,USR-00115,The Psychology of Money,Business,7
TXN-20240829-03885,2024-08-29,USR-00303,Charlotte's Web,Children's,21
TXN-20240323-03886,2024-03-23,USR-00066,"Thinking, Fast and Slow",Psychology,21
TXN-20230427-03887,2023-04-27,USR-01150,Matilda,Children's,7
TXN-20230827-03888,2023-08-27,USR-00877,"Thinking, Fast and Slow",Psychology,14
TXN-20240625-03889,2024-06-25,USR-00138,All the Light We Cannot See,Historical Fiction,10
TXN-20230420-03890,2023-04-20,USR-01140,The Book Thief,Historical Fiction,10
TXN-20250425-03891,2025-04-25,USR-00982,The Book Thief,Historical Fiction,42
TXN-20260126-03892,2026-01-26,USR-00046,The Thursday Murder Club,Mystery,14
TXN-20240110-03893,2024-01-10,USR-01182,Gone Girl,Mystery,7
TXN-20250815-03894,2025-08-15,USR-01185,A Game of Thrones,Fantasy,42
TXN-20240717-03895,2024-07-17,USR-00232,The Wright Brothers,History,21
TXN-20251018-03896,2025-10-18,USR-00678,The Psychology of Money,Business,7
TXN-20241117-03897,2024-11-17,USR-00581,The Very Hungry Caterpillar,Children's,7
TXN-20250611-03898,2025-06-11,USR-00256,Braiding Sweetgrass,Nature,28
TXN-20251127-03899,2025-11-27,USR-01324,Gone Girl,Mystery,10
TXN-20230819-03900,2023-08-19,USR-00465,The Thursday Murder Club,Mystery,28
TXN-20231111-03901,2023-11-11,USR-00028,Steve Jobs,Biography,21
TXN-20230414-03902,2023-04-14,USR-00617,Braiding Sweetgrass,Nature,7
TXN-20230325-03903,2023-03-25,USR-01302,Pride and Prejudice,Classic,35
TXN-20251102-03904,2025-11-02,USR-01275,The Hate U Give,Young Adult,35
TXN-20260123-03905,2026-01-23,USR-01299,The Hate U Give,Young Adult,7
TXN-20240503-03906,2024-05-03,USR-00874,Braiding Sweetgrass,Nature,21
TXN-20230424-03907,2023-04-24,USR-01359,The Left Hand of Darkness,Science Fiction,7
TXN-20240323-03908,2024-03-23,USR-00485,The Hobbit,Fantasy,21
TXN-20241203-03909,2024-12-03,USR-00389,Charlotte's Web,Children's,28
TXN-20251115-03910,2025-11-15,USR-01311,Steve Jobs,Biography,21
TXN-20251228-03911,2025-12-28,USR-00979,The Da Vinci Code,Thriller,14
TXN-20231112-03912,2023-11-12,USR-00523,Gone Girl,Mystery,21
TXN-20260417-03913,2026-04-17,USR-01254,The Great Gatsby,Classic,14
TXN-20260815-03914,2026-08-15,USR-00833,Matilda,Children's,21
TXN-20260323-03915,2026-03-23,USR-00472,Meditations,Philosophy,14
TXN-20230226-03916,2023-02-26,USR-00203,"Thinking, Fast and Slow",Psychology,28
TXN-20241026-03917,2024-10-26,USR-00145,Braiding Sweetgrass,Nature,7
TXN-20250302-03918,2025-03-02,USR-00897,The Da Vinci Code,Thriller,28
TXN-20230617-03919,2023-06-17,USR-00713,The Fellowship of the Ring,Fantasy,14
TXN-20230325-03920,2023-03-25,USR-00063,The Wright Brothers,History,42
TXN-20240508-03921,2024-05-08,USR-00745,Charlotte's Web,Children's,21
TXN-20250910-03922,2025-09-10,USR-01056,Where the Crawdads Sing,Literary Fiction,10
TXN-20230916-03923,2023-09-16,USR-00080,Steve Jobs,Biography,28
TXN-20260430-03924,2026-04-30,USR-00702,The Book Thief,Historical Fiction,14
TXN-20250502-03925,2025-05-02,USR-01310,The Book Thief,Historical Fiction,28
TXN-20250512-03926,2025-05-12,USR-00092,All the Light We Cannot See,Historical Fiction,14
TXN-20230412-03927,2023-04-12,USR-01191,To Kill a Mockingbird,Classic,10
TXN-20230322-03928,2023-03-22,USR-01119,Where the Crawdads Sing,Literary Fiction,42
TXN-20230315-03929,2023-03-15,USR-00003,The Wright Brothers,History,42
TXN-20230920-03930,2023-09-20,USR-01353,Atomic Habits,Self-Help,14
TXN-20250629-03931,2025-06-29,USR-00838,The Art of War,Philosophy,35
TXN-20240731-03932,2024-07-31,USR-01249,The Guest List,Thriller,21
TXN-20250207-03933,2025-02-07,USR-00233,To Kill a Mockingbird,Classic,7
TXN-20241002-03934,2024-10-02,USR-01295,The Martian,Science Fiction,14
TXN-20240609-03935,2024-06-09,USR-00932,The Martian,Science Fiction,7
TXN-20260525-03936,2026-05-25,USR-00300,The Book Thief,Historical Fiction,7
TXN-20260426-03937,2026-04-26,USR-00593,The Great Gatsby,Classic,21
TXN-20240419-03938,2024-04-19,USR-00416,Matilda,Children's,28
TXN-20250503-03939,2025-05-03,USR-01232,Matilda,Children's,14
TXN-20230107-03940,2023-01-07,USR-00694,Steve Jobs,Biography,35
TXN-20230414-03941,2023-04-14,USR-00198,The Martian,Science Fiction,14
TXN-20230130-03942,2023-01-30,USR-00192,All the Light We Cannot See,Historical Fiction,7
TXN-20240815-03943,2024-08-15,USR-00491,The Martian,Science Fiction,28
TXN-20231127-03944,2023-11-27,USR-00800,"Thinking, Fast and Slow",Psychology,21
TXN-20230111-03945,2023-01-11,USR-01218,Project Hail Mary,Science Fiction,21
TXN-20250217-03946,2025-02-17,USR-00020,The Fellowship of the Ring,Fantasy,10
TXN-20230101-03947,2023-01-01,USR-00385,Project Hail Mary,Science Fiction,28
TXN-20260504-03948,2026-05-04,USR-00274,The Guest List,Thriller,28
TXN-20230317-03949,2023-03-17,USR-00223,Matilda,Children's,28
TXN-20250303-03950,2025-03-03,USR-01151,The Very Hungry Caterpillar,Children's,14
TXN-20231108-03951,2023-11-08,USR-01057,The Kite Runner,Literary Fiction,21
TXN-20241031-03952,2024-10-31,USR-01196,A Brief History of Time,Science,42
TXN-20250304-03953,2025-03-04,USR-00512,The Kite Runner,Literary Fiction,21
TXN-20250506-03954,2025-05-06,USR-00828,The Hate U Give,Young Adult,14
TXN-20240410-03955,2024-04-10,USR-00852,The Hobbit,Fantasy,7
TXN-20240306-03956,2024-03-06,USR-00807,To Kill a Mockingbird,Classic,7
TXN-20250119-03957,2025-01-19,USR-00659,The Girl with the Dragon Tattoo,Mystery,42
TXN-20260415-03958,2026-04-15,USR-00426,All the Light We Cannot See,Historical Fiction,42
TXN-20240702-03959,2024-07-02,USR-00253,The Very Hungry Caterpillar,Children's,28
TXN-20230313-03960,2023-03-13,USR-01049,Charlotte's Web,Children's,10
TXN-20230211-03961,2023-02-11,USR-01244,The Name of the Wind,Fantasy,42
TXN-20250703-03962,2025-07-03,USR-00986,The House in the Cerulean Sea,Young Adult,14
TXN-20260415-03963,2026-04-15,USR-00223,Meditations,Philosophy,14
TXN-20240208-03964,2024-02-08,USR-01299,Charlotte's Web,Children's,28
TXN-20251108-03965,2025-11-08,USR-00394,Braiding Sweetgrass,Nature,14
TXN-20230215-03966,2023-02-15,USR-00154,The Name of the Wind,Fantasy,14
TXN-20231219-03967,2023-12-19,USR-00538,The Name of the Wind,Fantasy,35
TXN-20230812-03968,2023-08-12,USR-00907,The Psychology of Money,Business,10
TXN-20260119-03969,2026-01-19,USR-00519,All the Light We Cannot See,Historical Fiction,42
TXN-20231209-03970,2023-12-09,USR-00322,Where the Crawdads Sing,Literary Fiction,21
TXN-20241107-03971,2024-11-07,USR-00925,The Midnight Library,Contemporary Fiction,14
TXN-20251212-03972,2025-12-12,USR-00337,The Great Gatsby,Classic,28
TXN-20230301-03973,2023-03-01,USR-01049,The House in the Cerulean Sea,Young Adult,35
TXN-20241023-03974,2024-10-23,USR-01359,The Left Hand of Darkness,Science Fiction,14
TXN-20250823-03975,2025-08-23,USR-00803,The Left Hand of Darkness,Science Fiction,28
TXN-20260817-03976,2026-08-17,USR-00900,Steve Jobs,Biography,7
TXN-20250519-03977,2025-05-19,USR-00973,The Psychology of Money,Business,14
TXN-20240127-03978,2024-01-27,USR-00352,The Wright Brothers,History,10
TXN-20250621-03979,2025-06-21,USR-00415,All the Light We Cannot See,Historical Fiction,21
TXN-20250622-03980,2025-06-22,USR-00295,The Martian,Science Fiction,42
TXN-20260114-03981,2026-01-14,USR-01378,Where the Crawdads Sing,Literary Fiction,42
TXN-20230730-03982,2023-07-30,USR-01145,To Kill a Mockingbird,Classic,21
TXN-20240418-03983,2024-04-18,USR-00574,The Left Hand of Darkness,Science Fiction,14
TXN-20250120-03984,2025-01-20,USR-00743,"Thinking, Fast and Slow",Psychology,10
TXN-20240101-03985,2024-01-01,USR-00981,Matilda,Children's,14
TXN-20230608-03986,2023-06-08,USR-00074,The Hobbit,Fantasy,7
TXN-20241225-03987,2024-12-25,USR-00989,Project Hail Mary,Science Fiction,7
TXN-20250519-03988,2025-05-19,USR-00329,"Thinking, Fast and Slow",Psychology,10
TXN-20250922-03989,2025-09-22,USR-00072,The Fellowship of the Ring,Fantasy,7
TXN-20240128-03990,2024-01-28,USR-01104,The House in the Cerulean Sea,Young Adult,14
TXN-20240509-03991,2024-05-09,USR-00012,Sapiens,History,14
TXN-20251223-03992,2025-12-23,USR-01136,The Very Hungry Caterpillar,Children's,7
TXN-20250502-03993,2025-05-02,USR-00249,The Girl with the Dragon Tattoo,Mystery,7
TXN-20240824-03994,2024-08-24,USR-00171,The Da Vinci Code,Thriller,28
TXN-20260403-03995,2026-04-03,USR-01372,The Name of the Wind,Fantasy,7
TXN-20240417-03996,2024-04-17,USR-00582,Dune,Science Fiction,14
TXN-20241228-03997,2024-12-28,USR-01355,Gone Girl,Mystery,10
TXN-20250125-03998,2025-01-25,USR-00312,Matilda,Children's,21
TXN-20250410-03999,2025-04-10,USR-01313,The Art of War,Philosophy,10
TXN-20250127-04000,2025-01-27,USR-00962,Atomic Habits,Self-Help,10
TXN-20251225-04001,2025-12-25,USR-01217,Becoming,Memoir,42
TXN-20240608-04002,2024-06-08,USR-00210,The Guest List,Thriller,14
TXN-20230630-04003,2023-06-30,USR-00929,"Thinking, Fast and Slow",Psychology,14
TXN-20240209-04004,2024-02-09,USR-00779,The Name of the Wind,Fantasy,28
TXN-20230610-04005,2023-06-10,USR-00984,The Psychology of Money,Business,14
TXN-20230129-04006,2023-01-29,USR-00928,Braiding Sweetgrass,Nature,28
TXN-20250311-04007,2025-03-11,USR-00306,Sapiens,History,28
TXN-20241213-04008,2024-12-13,USR-00089,All the Light We Cannot See,Historical Fiction,35
TXN-20230124-04009,2023-01-24,USR-00662,The Hate U Give,Young Adult,42
TXN-20240815-04010,2024-08-15,USR-00045,Educated,Memoir,35
TXN-20240405-04011,2024-04-05,USR-01056,The Girl with the Dragon Tattoo,Mystery,7
TXN-20260427-04012,2026-04-27,USR-00232,Braiding Sweetgrass,Nature,42
TXN-20241112-04013,2024-11-12,USR-00254,Gone Girl,Mystery,14
TXN-20230524-04014,2023-05-24,USR-01196,The Da Vinci Code,Thriller,14
TXN-20240803-04015,2024-08-03,USR-00455,"Thinking, Fast and Slow",Psychology,14
TXN-20240226-04016,2024-02-26,USR-00772,The Kite Runner,Literary Fiction,28
TXN-20250319-04017,2025-03-19,USR-00894,The House in the Cerulean Sea,Young Adult,42
TXN-20241018-04018,2024-10-18,USR-01209,The Psychology of Money,Business,7
TXN-20231019-04019,2023-10-19,USR-00983,The Kite Runner,Literary Fiction,7
TXN-20240908-04020,2024-09-08,USR-00634,The Hobbit,Fantasy,7
TXN-20260330-04021,2026-03-30,USR-00391,The Left Hand of Darkness,Science Fiction,14
TXN-20250527-04022,2025-05-27,USR-01044,The Book Thief,Historical Fiction,14
TXN-20260419-04023,2026-04-19,USR-00259,A Game of Thrones,Fantasy,14
TXN-20240629-04024,2024-06-29,USR-00645,Where the Crawdads Sing,Literary Fiction,7
TXN-20230331-04025,2023-03-31,USR-01358,Becoming,Memoir,14
TXN-20251224-04026,2025-12-24,USR-01326,The Da Vinci Code,Thriller,35
TXN-20230512-04027,2023-05-12,USR-00577,The Girl with the Dragon Tattoo,Mystery,7
TXN-20230727-04028,2023-07-27,USR-00466,The Book Thief,Historical Fiction,7
TXN-20250124-04029,2025-01-24,USR-01156,The Name of the Wind,Fantasy,35
TXN-20260405-04030,2026-04-05,USR-00685,The Left Hand of Darkness,Science Fiction,21
TXN-20240702-04031,2024-07-02,USR-00249,The Very Hungry Caterpillar,Children's,28
TXN-20230916-04032,2023-09-16,USR-01131,Sapiens,History,28
TXN-20230228-04033,2023-02-28,USR-00031,All the Light We Cannot See,Historical Fiction,28
TXN-20230418-04034,2023-04-18,USR-01098,The Art of War,Philosophy,14
TXN-20260722-04035,2026-07-22,USR-00337,The Thursday Murder Club,Mystery,10
TXN-20230403-04036,2023-04-03,USR-00589,The Left Hand of Darkness,Science Fiction,10
TXN-20230101-04037,2023-01-01,USR-00847,Where the Crawdads Sing,Literary Fiction,21
TXN-20240720-04038,2024-07-20,USR-00617,A Brief History of Time,Science,14
TXN-20230124-04039,2023-01-24,USR-00194,The Diary of a Young Girl,Biography,7
TXN-20260622-04040,2026-06-22,USR-00436,Project Hail Mary,Science Fiction,42
TXN-20240218-04041,2024-02-18,USR-00427,The Guest List,Thriller,7
TXN-20240415-04042,2024-04-15,USR-00116,Charlotte's Web,Children's,10
TXN-20240903-04043,2024-09-03,USR-01398,The Psychology of Money,Business,28
TXN-20230819-04044,2023-08-19,USR-00054,Matilda,Children's,7
TXN-20251127-04045,2025-11-27,USR-00492,Steve Jobs,Biography,14
TXN-20231217-04046,2023-12-17,USR-00221,The Wright Brothers,History,14
TXN-20240713-04047,2024-07-13,USR-00494,Steve Jobs,Biography,21
TXN-20260121-04048,2026-01-21,USR-00549,The Book Thief,Historical Fiction,14
TXN-20251112-04049,2025-11-12,USR-00394,The Fellowship of the Ring,Fantasy,10
TXN-20230412-04050,2023-04-12,USR-01053,The Book Thief,Historical Fiction,28
TXN-20260106-04051,2026-01-06,USR-01328,Becoming,Memoir,14
TXN-20240311-04052,2024-03-11,USR-00290,Atomic Habits,Self-Help,7
TXN-20250626-04053,2025-06-26,USR-01057,Atomic Habits,Self-Help,28
TXN-20251209-04054,2025-12-09,USR-00562,Meditations,Philosophy,28
TXN-20260619-04055,2026-06-19,USR-00786,To Kill a Mockingbird,Classic,7
TXN-20260502-04056,2026-05-02,USR-00245,The Guest List,Thriller,14
TXN-20241124-04057,2024-11-24,USR-00514,The Martian,Science Fiction,28
TXN-20230509-04058,2023-05-09,USR-01267,To Kill a Mockingbird,Classic,28
TXN-20260728-04059,2026-07-28,USR-01130,A Game of Thrones,Fantasy,28
TXN-20240109-04060,2024-01-09,USR-00917,Charlotte's Web,Children's,7
TXN-20241216-04061,2024-12-16,USR-00641,Project Hail Mary,Science Fiction,7
TXN-20260114-04062,2026-01-14,USR-00192,All the Light We Cannot See,Historical Fiction,42
TXN-20250210-04063,2025-02-10,USR-01339,Educated,Memoir,7
TXN-20230611-04064,2023-06-11,USR-00683,The Girl with the Dragon Tattoo,Mystery,42
TXN-20250818-04065,2025-08-18,USR-01302,A Game of Thrones,Fantasy,14
TXN-20250511-04066,2025-05-11,USR-01201,The Wright Brothers,History,14
TXN-20240903-04067,2024-09-03,USR-01041,Steve Jobs,Biography,14
TXN-20250623-04068,2025-06-23,USR-01134,Atomic Habits,Self-Help,14
TXN-20240523-04069,2024-05-23,USR-00078,Project Hail Mary,Science Fiction,7
TXN-20241126-04070,2024-11-26,USR-00744,The House in the Cerulean Sea,Young Adult,28
TXN-20260524-04071,2026-05-24,USR-00258,The Silent Patient,Thriller,35
TXN-20240211-04072,2024-02-11,USR-01206,The Very Hungry Caterpillar,Children's,10
TXN-20250819-04073,2025-08-19,USR-00410,The Midnight Library,Contemporary Fiction,28
TXN-20240329-04074,2024-03-29,USR-00182,The Great Gatsby,Classic,14
TXN-20240904-04075,2024-09-04,USR-00534,"Thinking, Fast and Slow",Psychology,21
TXN-20230303-04076,2023-03-03,USR-01126,Sapiens,History,28
TXN-20240516-04077,2024-05-16,USR-00135,Educated,Memoir,28
TXN-20240814-04078,2024-08-14,USR-01337,Gone Girl,Mystery,7
TXN-20231204-04079,2023-12-04,USR-00482,The Art of War,Philosophy,21
TXN-20230908-04080,2023-09-08,USR-00742,The Diary of a Young Girl,Biography,7
TXN-20230101-04081,2023-01-01,USR-01022,The Martian,Science Fiction,14
TXN-20230920-04082,2023-09-20,USR-00621,The Guest List,Thriller,7
TXN-20251210-04083,2025-12-10,USR-01115,The Fellowship of the Ring,Fantasy,42
TXN-20251227-04084,2025-12-27,USR-00665,Where the Crawdads Sing,Literary Fiction,28
TXN-20251231-04085,2025-12-31,USR-00114,The Silent Patient,Thriller,21
TXN-20250111-04086,2025-01-11,USR-01376,The Thursday Murder Club,Mystery,28
TXN-20240828-04087,2024-08-28,USR-01385,Steve Jobs,Biography,28
TXN-20240603-04088,2024-06-03,USR-00603,"Thinking, Fast and Slow",Psychology,35
TXN-20230904-04089,2023-09-04,USR-00659,Dune,Science Fiction,14
TXN-20250408-04090,2025-04-08,USR-01013,Steve Jobs,Biography,14
TXN-20260710-04091,2026-07-10,USR-00723,Steve Jobs,Biography,14
TXN-20240131-04092,2024-01-31,USR-00503,The Fellowship of the Ring,Fantasy,35
TXN-20230722-04093,2023-07-22,USR-00652,Steve Jobs,Biography,7
TXN-20231001-04094,2023-10-01,USR-00548,The Fellowship of the Ring,Fantasy,14
TXN-20230328-04095,2023-03-28,USR-00174,"Thinking, Fast and Slow",Psychology,14
TXN-20240712-04096,2024-07-12,USR-00285,The Midnight Library,Contemporary Fiction,14
TXN-20230210-04097,2023-02-10,USR-00973,The Name of the Wind,Fantasy,28
TXN-20240619-04098,2024-06-19,USR-00138,The Guest List,Thriller,21
TXN-20230224-04099,2023-02-24,USR-00734,The Great Gatsby,Classic,14
TXN-20250714-04100,2025-07-14,USR-00980,The Hate U Give,Young Adult,35
TXN-20260702-04101,2026-07-02,USR-00920,The Great Gatsby,Classic,7
TXN-20230626-04102,2023-06-26,USR-00224,The Art of War,Philosophy,42
TXN-20231225-04103,2023-12-25,USR-00290,Steve Jobs,Biography,14
TXN-20250619-04104,2025-06-19,USR-00268,The Kite Runner,Literary Fiction,14
TXN-20240812-04105,2024-08-12,USR-00753,Atomic Habits,Self-Help,10
TXN-20250829-04106,2025-08-29,USR-01262,A Game of Thrones,Fantasy,21
TXN-20251124-04107,2025-11-24,USR-00357,The Fellowship of the Ring,Fantasy,7
TXN-20230510-04108,2023-05-10,USR-00618,The Art of War,Philosophy,14
TXN-20260626-04109,2026-06-26,USR-00024,The Fellowship of the Ring,Fantasy,28
TXN-20240918-04110,2024-09-18,USR-00662,The Martian,Science Fiction,10
TXN-20260326-04111,2026-03-26,USR-00212,The Da Vinci Code,Thriller,10
TXN-20240818-04112,2024-08-18,USR-00619,Meditations,Philosophy,21
TXN-20240903-04113,2024-09-03,USR-00121,The Midnight Library,Contemporary Fiction,7
TXN-20230817-04114,2023-08-17,USR-00931,The Very Hungry Caterpillar,Children's,14
TXN-20250316-04115,2025-03-16,USR-00836,The Diary of a Young Girl,Biography,14
TXN-20241030-04116,2024-10-30,USR-00324,Matilda,Children's,7
TXN-20230102-04117,2023-01-02,USR-01203,Sapiens,History,14
TXN-20250906-04118,2025-09-06,USR-01003,Educated,Memoir,10
TXN-20240504-04119,2024-05-04,USR-00449,The Hate U Give,Young Adult,14
TXN-20260509-04120,2026-05-09,USR-00986,Sapiens,History,10
TXN-20231216-04121,2023-12-16,USR-00535,The Kite Runner,Literary Fiction,10
TXN-20250726-04122,2025-07-26,USR-00180,Meditations,Philosophy,14
TXN-20241104-04123,2024-11-04,USR-01248,The Left Hand of Darkness,Science Fiction,10
TXN-20251101-04124,2025-11-01,USR-00591,Where the Crawdads Sing,Literary Fiction,28
TXN-20230527-04125,2023-05-27,USR-00630,The Hobbit,Fantasy,21
TXN-20260123-04126,2026-01-23,USR-00671,To Kill a Mockingbird,Classic,21
TXN-20260104-04127,2026-01-04,USR-00746,Pride and Prejudice,Classic,7
TXN-20230725-04128,2023-07-25,USR-00603,Pride and Prejudice,Classic,14
TXN-20230827-04129,2023-08-27,USR-00585,The Silent Patient,Thriller,28
TXN-20250618-04130,2025-06-18,USR-00326,Atomic Habits,Self-Help,14
TXN-20230811-04131,2023-08-11,USR-01307,All the Light We Cannot See,Historical Fiction,7
TXN-20250708-04132,2025-07-08,USR-00094,The Martian,Science Fiction,35
TXN-20240715-04133,2024-07-15,USR-00016,Gone Girl,Mystery,14
TXN-20230418-04134,2023-04-18,USR-00776,"Thinking, Fast and Slow",Psychology,14
TXN-20260816-04135,2026-08-16,USR-00084,The Name of the Wind,Fantasy,7
TXN-20230615-04136,2023-06-15,USR-01089,Braiding Sweetgrass,Nature,21
TXN-20250617-04137,2025-06-17,USR-00198,The Silent Patient,Thriller,14
TXN-20260119-04138,2026-01-19,USR-00171,The Girl with the Dragon Tattoo,Mystery,28
TXN-20260423-04139,2026-04-23,USR-01358,The Kite Runner,Literary Fiction,10
TXN-20260413-04140,2026-04-13,USR-01294,Sapiens,History,14
TXN-20231016-04141,2023-10-16,USR-01002,A Brief History of Time,Science,28
TXN-20230802-04142,2023-08-02,USR-01313,The Great Gatsby,Classic,14
TXN-20231203-04143,2023-12-03,USR-00875,The Very Hungry Caterpillar,Children's,7
TXN-20250625-04144,2025-06-25,USR-00845,A Game of Thrones,Fantasy,28
TXN-20240406-04145,2024-04-06,USR-00633,The Thursday Murder Club,Mystery,28
TXN-20240303-04146,2024-03-03,USR-00200,Educated,Memoir,28
TXN-20250609-04147,2025-06-09,USR-00983,The Silent Patient,Thriller,21
TXN-20260624-04148,2026-06-24,USR-00636,Becoming,Memoir,28
TXN-20260519-04149,2026-05-19,USR-00966,The Fellowship of the Ring,Fantasy,21
TXN-20230728-04150,2023-07-28,USR-01159,The Very Hungry Caterpillar,Children's,21
TXN-20250424-04151,2025-04-24,USR-00569,The Da Vinci Code,Thriller,28
TXN-20250117-04152,2025-01-17,USR-00660,Charlotte's Web,Children's,14
TXN-20260618-04153,2026-06-18,USR-00285,A Brief History of Time,Science,7
TXN-20250604-04154,2025-06-04,USR-01186,Braiding Sweetgrass,Nature,14
TXN-20230303-04155,2023-03-03,USR-00398,Pride and Prejudice,Classic,14
TXN-20240116-04156,2024-01-16,USR-01149,The Silent Patient,Thriller,7
TXN-20230521-04157,2023-05-21,USR-00019,The Art of War,Philosophy,7
TXN-20241227-04158,2024-12-27,USR-00878,The Name of the Wind,Fantasy,7
TXN-20251123-04159,2025-11-23,USR-00048,"Thinking, Fast and Slow",Psychology,42
TXN-20240619-04160,2024-06-19,USR-00905,The Midnight Library,Contemporary Fiction,14
TXN-20240421-04161,2024-04-21,USR-00282,The Thursday Murder Club,Mystery,28
TXN-20251107-04162,2025-11-07,USR-01381,Educated,Memoir,28
TXN-20240110-04163,2024-01-10,USR-00452,Gone Girl,Mystery,28
TXN-20231107-04164,2023-11-07,USR-01245,The Girl with the Dragon Tattoo,Mystery,28
TXN-20240921-04165,2024-09-21,USR-01007,Meditations,Philosophy,14
TXN-20230905-04166,2023-09-05,USR-01317,The Psychology of Money,Business,21
TXN-20230215-04167,2023-02-15,USR-00830,Braiding Sweetgrass,Nature,35
TXN-20250831-04168,2025-08-31,USR-00135,Educated,Memoir,21
TXN-20250321-04169,2025-03-21,USR-00288,Atomic Habits,Self-Help,7
TXN-20260803-04170,2026-08-03,USR-00727,"Thinking, Fast and Slow",Psychology,14
TXN-20231116-04171,2023-11-16,USR-01230,The Silent Patient,Thriller,14
TXN-20230116-04172,2023-01-16,USR-00324,The Book Thief,Historical Fiction,7
TXN-20260303-04173,2026-03-03,USR-01111,Charlotte's Web,Children's,28
TXN-20240327-04174,2024-03-27,USR-00807,The Guest List,Thriller,10
TXN-20240215-04175,2024-02-15,USR-00864,To Kill a Mockingbird,Classic,10
TXN-20260702-04176,2026-07-02,USR-00690,The Midnight Library,Contemporary Fiction,28
TXN-20260226-04177,2026-02-26,USR-01300,The Da Vinci Code,Thriller,10
TXN-20260713-04178,2026-07-13,USR-00846,The Hobbit,Fantasy,7
TXN-20240811-04179,2024-08-11,USR-00649,Braiding Sweetgrass,Nature,10
TXN-20250908-04180,2025-09-08,USR-00168,The Midnight Library,Contemporary Fiction,7
TXN-20240105-04181,2024-01-05,USR-00246,The Name of the Wind,Fantasy,28
TXN-20250514-04182,2025-05-14,USR-00764,Sapiens,History,28
TXN-20230915-04183,2023-09-15,USR-00139,Gone Girl,Mystery,14
TXN-20240605-04184,2024-06-05,USR-00294,Braiding Sweetgrass,Nature,14
TXN-20240727-04185,2024-07-27,USR-00050,A Game of Thrones,Fantasy,7
TXN-20260107-04186,2026-01-07,USR-00847,Sapiens,History,21
TXN-20230218-04187,2023-02-18,USR-00064,"Thinking, Fast and Slow",Psychology,14
TXN-20240617-04188,2024-06-17,USR-00742,The Martian,Science Fiction,14
TXN-20260119-04189,2026-01-19,USR-01060,Dune,Science Fiction,35
TXN-20230715-04190,2023-07-15,USR-00088,The Name of the Wind,Fantasy,21
TXN-20260513-04191,2026-05-13,USR-00673,Pride and Prejudice,Classic,28
TXN-20231031-04192,2023-10-31,USR-00458,The Fellowship of the Ring,Fantasy,28
TXN-20251012-04193,2025-10-12,USR-00205,The Wright Brothers,History,14
TXN-20230223-04194,2023-02-23,USR-00121,Meditations,Philosophy,28
TXN-20260110-04195,2026-01-10,USR-00062,Atomic Habits,Self-Help,7
TXN-20260417-04196,2026-04-17,USR-00199,The Thursday Murder Club,Mystery,7
TXN-20251209-04197,2025-12-09,USR-00536,The Name of the Wind,Fantasy,21
TXN-20231222-04198,2023-12-22,USR-00764,Steve Jobs,Biography,14
TXN-20240412-04199,2024-04-12,USR-00921,A Game of Thrones,Fantasy,14
TXN-20250111-04200,2025-01-11,USR-00873,The Hobbit,Fantasy,10
TXN-20240810-04201,2024-08-10,USR-01164,Matilda,Children's,14
TXN-20241011-04202,2024-10-11,USR-01147,Educated,Memoir,7
TXN-20231123-04203,2023-11-23,USR-00464,The Midnight Library,Contemporary Fiction,7
TXN-20230122-04204,2023-01-22,USR-00474,Matilda,Children's,28
TXN-20250306-04205,2025-03-06,USR-01194,The Great Gatsby,Classic,28
TXN-20260105-04206,2026-01-05,USR-00861,The Art of War,Philosophy,10
TXN-20260822-04207,2026-08-22,USR-01372,Matilda,Children's,7
TXN-20240411-04208,2024-04-11,USR-00818,The Art of War,Philosophy,7
TXN-20230924-04209,2023-09-24,USR-00864,The Silent Patient,Thriller,14
TXN-20240719-04210,2024-07-19,USR-01085,To Kill a Mockingbird,Classic,35
TXN-20240508-04211,2024-05-08,USR-00326,The Very Hungry Caterpillar,Children's,14
TXN-20240721-04212,2024-07-21,USR-00286,The Guest List,Thriller,14
TXN-20251012-04213,2025-10-12,USR-01284,The Book Thief,Historical Fiction,14
TXN-20230131-04214,2023-01-31,USR-00132,The House in the Cerulean Sea,Young Adult,14
TXN-20260827-04215,2026-08-27,USR-00349,Meditations,Philosophy,14
TXN-20241003-04216,2024-10-03,USR-00555,"Thinking, Fast and Slow",Psychology,42
TXN-20260503-04217,2026-05-03,USR-01373,Pride and Prejudice,Classic,14
TXN-20241107-04218,2024-11-07,USR-00181,The Very Hungry Caterpillar,Children's,10
TXN-20260513-04219,2026-05-13,USR-00740,To Kill a Mockingbird,Classic,7
TXN-20250706-04220,2025-07-06,USR-00740,The House in the Cerulean Sea,Young Adult,28
TXN-20260814-04221,2026-08-14,USR-00395,The Midnight Library,Contemporary Fiction,28
TXN-20240916-04222,2024-09-16,USR-00015,The Psychology of Money,Business,21
TXN-20230719-04223,2023-07-19,USR-01011,The Girl with the Dragon Tattoo,Mystery,14
TXN-20250801-04224,2025-08-01,USR-01329,The House in the Cerulean Sea,Young Adult,35
TXN-20250218-04225,2025-02-18,USR-00496,The Wright Brothers,History,42
TXN-20251106-04226,2025-11-06,USR-00364,The Guest List,Thriller,28
TXN-20231130-04227,2023-11-30,USR-00629,Educated,Memoir,28
TXN-20231208-04228,2023-12-08,USR-01124,The Midnight Library,Contemporary Fiction,10
TXN-20230527-04229,2023-05-27,USR-00845,The Hate U Give,Young Adult,14
TXN-20230711-04230,2023-07-11,USR-00833,The Art of War,Philosophy,10
TXN-20260322-04231,2026-03-22,USR-00149,To Kill a Mockingbird,Classic,28
TXN-20250621-04232,2025-06-21,USR-01172,Sapiens,History,14
TXN-20240505-04233,2024-05-05,USR-00170,All the Light We Cannot See,Historical Fiction,21
TXN-20250619-04234,2025-06-19,USR-01049,Where the Crawdads Sing,Literary Fiction,14
TXN-20240501-04235,2024-05-01,USR-00954,The Midnight Library,Contemporary Fiction,10
TXN-20241002-04236,2024-10-02,USR-00311,Steve Jobs,Biography,28
TXN-20230512-04237,2023-05-12,USR-00692,A Game of Thrones,Fantasy,14
TXN-20240802-04238,2024-08-02,USR-00392,The Da Vinci Code,Thriller,10
TXN-20231208-04239,2023-12-08,USR-00790,Charlotte's Web,Children's,28
TXN-20260527-04240,2026-05-27,USR-00499,The Diary of a Young Girl,Biography,7
TXN-20250114-04241,2025-01-14,USR-00868,Pride and Prejudice,Classic,21
TXN-20230124-04242,2023-01-24,USR-00535,The Diary of a Young Girl,Biography,42
TXN-20260418-04243,2026-04-18,USR-00507,Dune,Science Fiction,10
TXN-20250228-04244,2025-02-28,USR-00958,Atomic Habits,Self-Help,14
TXN-20230329-04245,2023-03-29,USR-00724,The Midnight Library,Contemporary Fiction,35
TXN-20230522-04246,2023-05-22,USR-00982,The Wright Brothers,History,28
TXN-20260816-04247,2026-08-16,USR-00994,The Book Thief,Historical Fiction,10
TXN-20260416-04248,2026-04-16,USR-00709,Meditations,Philosophy,7
TXN-20250219-04249,2025-02-19,USR-00197,"Thinking, Fast and Slow",Psychology,35
TXN-20230207-04250,2023-02-07,USR-00205,Meditations,Philosophy,21
TXN-20230702-04251,2023-07-02,USR-00116,The Hate U Give,Young Adult,7
TXN-20250816-04252,2025-08-16,USR-01108,The Wright Brothers,History,42
TXN-20231220-04253,2023-12-20,USR-00266,Charlotte's Web,Children's,7
TXN-20240309-04254,2024-03-09,USR-00979,The Da Vinci Code,Thriller,42
TXN-20240729-04255,2024-07-29,USR-00856,The Kite Runner,Literary Fiction,21
TXN-20260424-04256,2026-04-24,USR-01386,Charlotte's Web,Children's,35
TXN-20230129-04257,2023-01-29,USR-01298,The Very Hungry Caterpillar,Children's,10
TXN-20240219-04258,2024-02-19,USR-00326,Charlotte's Web,Children's,21
TXN-20260827-04259,2026-08-27,USR-01245,Sapiens,History,14
TXN-20260315-04260,2026-03-15,USR-01186,The Name of the Wind,Fantasy,14
TXN-20230429-04261,2023-04-29,USR-01376,The Fellowship of the Ring,Fantasy,21
TXN-20250504-04262,2025-05-04,USR-00443,Atomic Habits,Self-Help,35
TXN-20250201-04263,2025-02-01,USR-01107,Atomic Habits,Self-Help,10
TXN-20230731-04264,2023-07-31,USR-00298,The Psychology of Money,Business,7
TXN-20250220-04265,2025-02-20,USR-00246,"Thinking, Fast and Slow",Psychology,14
TXN-20260226-04266,2026-02-26,USR-00050,The House in the Cerulean Sea,Young Adult,14
TXN-20230226-04267,2023-02-26,USR-00390,The Name of the Wind,Fantasy,7
TXN-20260722-04268,2026-07-22,USR-01202,The Very Hungry Caterpillar,Children's,28
TXN-20230407-04269,2023-04-07,USR-00448,The Name of the Wind,Fantasy,14
TXN-20260820-04270,2026-08-20,USR-01118,The Girl with the Dragon Tattoo,Mystery,28
TXN-20230223-04271,2023-02-23,USR-00310,The Left Hand of Darkness,Science Fiction,21
TXN-20251019-04272,2025-10-19,USR-00399,The Girl with the Dragon Tattoo,Mystery,7
TXN-20230619-04273,2023-06-19,USR-00053,All the Light We Cannot See,Historical Fiction,14
TXN-20230402-04274,2023-04-02,USR-00213,Sapiens,History,21
TXN-20240927-04275,2024-09-27,USR-00282,The Hobbit,Fantasy,7
TXN-20251210-04276,2025-12-10,USR-00752,The Very Hungry Caterpillar,Children's,42
TXN-20260407-04277,2026-04-07,USR-00807,Steve Jobs,Biography,35
TXN-20250817-04278,2025-08-17,USR-00831,The Thursday Murder Club,Mystery,28
TXN-20230601-04279,2023-06-01,USR-00463,All the Light We Cannot See,Historical Fiction,28
TXN-20250814-04280,2025-08-14,USR-00024,The Guest List,Thriller,14
TXN-20250511-04281,2025-05-11,USR-00862,The Kite Runner,Literary Fiction,14
TXN-20250810-04282,2025-08-10,USR-00536,The House in the Cerulean Sea,Young Adult,14
TXN-20230703-04283,2023-07-03,USR-00086,The Very Hungry Caterpillar,Children's,21
TXN-20230323-04284,2023-03-23,USR-00414,The Midnight Library,Contemporary Fiction,7
TXN-20240426-04285,2024-04-26,USR-00117,The Guest List,Thriller,14
TXN-20241221-04286,2024-12-21,USR-00496,The Very Hungry Caterpillar,Children's,7
TXN-20250731-04287,2025-07-31,USR-01400,The Kite Runner,Literary Fiction,7
TXN-20260411-04288,2026-04-11,USR-01295,Dune,Science Fiction,21
TXN-20231230-04289,2023-12-30,USR-01352,The Name of the Wind,Fantasy,14
TXN-20260707-04290,2026-07-07,USR-01024,A Brief History of Time,Science,14
TXN-20241117-04291,2024-11-17,USR-01003,The Book Thief,Historical Fiction,14
TXN-20240308-04292,2024-03-08,USR-00352,Where the Crawdads Sing,Literary Fiction,7
TXN-20240804-04293,2024-08-04,USR-00172,Meditations,Philosophy,14
TXN-20250202-04294,2025-02-02,USR-01310,Dune,Science Fiction,42
TXN-20240503-04295,2024-05-03,USR-00786,The Name of the Wind,Fantasy,28
TXN-20230412-04296,2023-04-12,USR-00319,The Silent Patient,Thriller,7
TXN-20240119-04297,2024-01-19,USR-00136,The Martian,Science Fiction,35
TXN-20240510-04298,2024-05-10,USR-00566,The Kite Runner,Literary Fiction,10
TXN-20250830-04299,2025-08-30,USR-00666,The Psychology of Money,Business,10
TXN-20230322-04300,2023-03-22,USR-00315,Atomic Habits,Self-Help,7
TXN-20231012-04301,2023-10-12,USR-01303,Dune,Science Fiction,10
TXN-20240229-04302,2024-02-29,USR-00555,The Silent Patient,Thriller,14
TXN-20240125-04303,2024-01-25,USR-01125,Dune,Science Fiction,28
TXN-20260525-04304,2026-05-25,USR-01185,Gone Girl,Mystery,14
TXN-20230522-04305,2023-05-22,USR-01362,A Game of Thrones,Fantasy,7
TXN-20260414-04306,2026-04-14,USR-01136,The Guest List,Thriller,42
TXN-20241226-04307,2024-12-26,USR-00145,Becoming,Memoir,10
TXN-20250425-04308,2025-04-25,USR-01034,All the Light We Cannot See,Historical Fiction,28
TXN-20260531-04309,2026-05-31,USR-00975,The Midnight Library,Contemporary Fiction,42
TXN-20250623-04310,2025-06-23,USR-01396,The Hate U Give,Young Adult,7
TXN-20240229-04311,2024-02-29,USR-01350,The Da Vinci Code,Thriller,35
TXN-20230102-04312,2023-01-02,USR-00567,Matilda,Children's,10
TXN-20240120-04313,2024-01-20,USR-00712,All the Light We Cannot See,Historical Fiction,14
TXN-20260319-04314,2026-03-19,USR-00791,The Psychology of Money,Business,14
TXN-20240504-04315,2024-05-04,USR-01142,The Great Gatsby,Classic,28
TXN-20240123-04316,2024-01-23,USR-00025,To Kill a Mockingbird,Classic,28
TXN-20260720-04317,2026-07-20,USR-00788,Educated,Memoir,7
TXN-20260531-04318,2026-05-31,USR-00283,Pride and Prejudice,Classic,28
TXN-20260514-04319,2026-05-14,USR-01034,Sapiens,History,14
TXN-20250925-04320,2025-09-25,USR-00325,The Psychology of Money,Business,42
TXN-20241208-04321,2024-12-08,USR-00802,The House in the Cerulean Sea,Young Adult,14
TXN-20230301-04322,2023-03-01,USR-00676,"Thinking, Fast and Slow",Psychology,28
TXN-20231122-04323,2023-11-22,USR-00394,All the Light We Cannot See,Historical Fiction,21
TXN-20230822-04324,2023-08-22,USR-01391,The Hobbit,Fantasy,21
TXN-20260202-04325,2026-02-02,USR-00874,The Diary of a Young Girl,Biography,14
TXN-20251014-04326,2025-10-14,USR-00952,Gone Girl,Mystery,7
TXN-20231011-04327,2023-10-11,USR-00379,The Art of War,Philosophy,10
TXN-20241028-04328,2024-10-28,USR-00501,Atomic Habits,Self-Help,14
TXN-20250615-04329,2025-06-15,USR-01382,Pride and Prejudice,Classic,7
TXN-20241128-04330,2024-11-28,USR-00815,The Kite Runner,Literary Fiction,28
TXN-20260226-04331,2026-02-26,USR-00874,The Fellowship of the Ring,Fantasy,21
TXN-20240303-04332,2024-03-03,USR-00417,Meditations,Philosophy,28
TXN-20231013-04333,2023-10-13,USR-01301,The Martian,Science Fiction,10
TXN-20231106-04334,2023-11-06,USR-00421,The Da Vinci Code,Thriller,7
TXN-20260701-04335,2026-07-01,USR-00226,The Fellowship of the Ring,Fantasy,28
TXN-20241012-04336,2024-10-12,USR-00724,Becoming,Memoir,28
TXN-20250711-04337,2025-07-11,USR-00738,The Book Thief,Historical Fiction,21
TXN-20260102-04338,2026-01-02,USR-00121,The Martian,Science Fiction,7
TXN-20250101-04339,2025-01-01,USR-00587,The Fellowship of the Ring,Fantasy,28
TXN-20250517-04340,2025-05-17,USR-00371,The Guest List,Thriller,7
TXN-20260325-04341,2026-03-25,USR-00671,Where the Crawdads Sing,Literary Fiction,14
TXN-20251209-04342,2025-12-09,USR-00194,The Kite Runner,Literary Fiction,10
TXN-20241228-04343,2024-12-28,USR-00648,Charlotte's Web,Children's,7
TXN-20260111-04344,2026-01-11,USR-00205,The Silent Patient,Thriller,7
TXN-20250806-04345,2025-08-06,USR-01289,The Name of the Wind,Fantasy,14
TXN-20260202-04346,2026-02-02,USR-00589,Braiding Sweetgrass,Nature,7
TXN-20231224-04347,2023-12-24,USR-00975,To Kill a Mockingbird,Classic,42
TXN-20260726-04348,2026-07-26,USR-01309,Braiding Sweetgrass,Nature,7
TXN-20251117-04349,2025-11-17,USR-00322,Pride and Prejudice,Classic,42
TXN-20240305-04350,2024-03-05,USR-00658,The Martian,Science Fiction,21
TXN-20230124-04351,2023-01-24,USR-00951,Educated,Memoir,28
TXN-20241210-04352,2024-12-10,USR-00541,The Left Hand of Darkness,Science Fiction,28
TXN-20260814-04353,2026-08-14,USR-01188,Educated,Memoir,10
TXN-20260401-04354,2026-04-01,USR-00298,Gone Girl,Mystery,14
TXN-20250426-04355,2025-04-26,USR-01311,Educated,Memoir,14
TXN-20260829-04356,2026-08-29,USR-00069,The Diary of a Young Girl,Biography,14
TXN-20230112-04357,2023-01-12,USR-00124,"Thinking, Fast and Slow",Psychology,14
TXN-20230207-04358,2023-02-07,USR-01086,The Psychology of Money,Business,28
TXN-20230315-04359,2023-03-15,USR-01079,The Girl with the Dragon Tattoo,Mystery,10
TXN-20241024-04360,2024-10-24,USR-00112,Gone Girl,Mystery,21
TXN-20260527-04361,2026-05-27,USR-01325,The Diary of a Young Girl,Biography,42
TXN-20250428-04362,2025-04-28,USR-00414,The Art of War,Philosophy,14
TXN-20260407-04363,2026-04-07,USR-00105,The Girl with the Dragon Tattoo,Mystery,14
TXN-20240302-04364,2024-03-02,USR-00074,The Guest List,Thriller,21
TXN-20251029-04365,2025-10-29,USR-01282,The Da Vinci Code,Thriller,42
TXN-20250110-04366,2025-01-10,USR-01034,The House in the Cerulean Sea,Young Adult,7
TXN-20260729-04367,2026-07-29,USR-00207,The Girl with the Dragon Tattoo,Mystery,14
TXN-20241116-04368,2024-11-16,USR-01084,Atomic Habits,Self-Help,7
TXN-20230407-04369,2023-04-07,USR-01121,Pride and Prejudice,Classic,7
TXN-20230803-04370,2023-08-03,USR-00986,Project Hail Mary,Science Fiction,7
TXN-20260602-04371,2026-06-02,USR-00702,The Midnight Library,Contemporary Fiction,14
TXN-20240717-04372,2024-07-17,USR-00131,The Silent Patient,Thriller,14
TXN-20240806-04373,2024-08-06,USR-00737,Becoming,Memoir,42
TXN-20260511-04374,2026-05-11,USR-00342,All the Light We Cannot See,Historical Fiction,28
TXN-20250916-04375,2025-09-16,USR-00947,A Brief History of Time,Science,14
TXN-20231217-04376,2023-12-17,USR-01006,All the Light We Cannot See,Historical Fiction,7
TXN-20230518-04377,2023-05-18,USR-01334,The Wright Brothers,History,28
TXN-20260601-04378,2026-06-01,USR-00945,The Hate U Give,Young Adult,35
TXN-20240120-04379,2024-01-20,USR-00078,Braiding Sweetgrass,Nature,14
TXN-20250629-04380,2025-06-29,USR-00032,Meditations,Philosophy,21
TXN-20241109-04381,2024-11-09,USR-00962,Dune,Science Fiction,10
TXN-20241209-04382,2024-12-09,USR-00537,The Silent Patient,Thriller,10
TXN-20260621-04383,2026-06-21,USR-00943,"Thinking, Fast and Slow",Psychology,21
TXN-20240228-04384,2024-02-28,USR-01211,All the Light We Cannot See,Historical Fiction,42
TXN-20260202-04385,2026-02-02,USR-01254,The Wright Brothers,History,42
TXN-20251214-04386,2025-12-14,USR-00909,The Psychology of Money,Business,14
TXN-20230619-04387,2023-06-19,USR-00046,A Brief History of Time,Science,14
TXN-20240501-04388,2024-05-01,USR-00553,The Silent Patient,Thriller,28
TXN-20250419-04389,2025-04-19,USR-00165,Braiding Sweetgrass,Nature,14
TXN-20230917-04390,2023-09-17,USR-00628,Matilda,Children's,42
TXN-20260128-04391,2026-01-28,USR-01276,Educated,Memoir,21
TXN-20230702-04392,2023-07-02,USR-01219,The Thursday Murder Club,Mystery,35
TXN-20231211-04393,2023-12-11,USR-00108,The Left Hand of Darkness,Science Fiction,21
TXN-20230207-04394,2023-02-07,USR-00381,The Wright Brothers,History,14
TXN-20231217-04395,2023-12-17,USR-00253,Meditations,Philosophy,14
TXN-20250421-04396,2025-04-21,USR-00655,Gone Girl,Mystery,28
TXN-20250215-04397,2025-02-15,USR-00691,A Brief History of Time,Science,42
TXN-20230518-04398,2023-05-18,USR-01309,The Diary of a Young Girl,Biography,10
TXN-20240205-04399,2024-02-05,USR-00859,The Art of War,Philosophy,14
TXN-20230412-04400,2023-04-12,USR-00131,The Kite Runner,Literary Fiction,7
TXN-20240824-04401,2024-08-24,USR-01255,The Wright Brothers,History,10
TXN-20231115-04402,2023-11-15,USR-00547,The Diary of a Young Girl,Biography,10
TXN-20230715-04403,2023-07-15,USR-00980,The Da Vinci Code,Thriller,28
TXN-20241129-04404,2024-11-29,USR-00281,The Great Gatsby,Classic,7
TXN-20240126-04405,2024-01-26,USR-00615,Charlotte's Web,Children's,7
TXN-20260128-04406,2026-01-28,USR-00758,The Guest List,Thriller,14
TXN-20260210-04407,2026-02-10,USR-00640,The Kite Runner,Literary Fiction,14
TXN-20240520-04408,2024-05-20,USR-00836,Matilda,Children's,28
TXN-20250610-04409,2025-06-10,USR-00990,Steve Jobs,Biography,10
TXN-20240911-04410,2024-09-11,USR-00077,The Wright Brothers,History,7
TXN-20260311-04411,2026-03-11,USR-00342,Braiding Sweetgrass,Nature,7
TXN-20260809-04412,2026-08-09,USR-00362,The Wright Brothers,History,28
TXN-20260112-04413,2026-01-12,USR-00749,Meditations,Philosophy,14
TXN-20240518-04414,2024-05-18,USR-00239,Pride and Prejudice,Classic,10
TXN-20250522-04415,2025-05-22,USR-00803,Braiding Sweetgrass,Nature,21
TXN-20230823-04416,2023-08-23,USR-00203,Dune,Science Fiction,14
TXN-20240125-04417,2024-01-25,USR-01142,The Book Thief,Historical Fiction,14
TXN-20230613-04418,2023-06-13,USR-00725,Charlotte's Web,Children's,7
TXN-20230817-04419,2023-08-17,USR-01291,Meditations,Philosophy,14
TXN-20260201-04420,2026-02-01,USR-00011,Project Hail Mary,Science Fiction,14
TXN-20240610-04421,2024-06-10,USR-00440,The Girl with the Dragon Tattoo,Mystery,10
TXN-20230416-04422,2023-04-16,USR-01297,The Book Thief,Historical Fiction,42
TXN-20241114-04423,2024-11-14,USR-00764,The Book Thief,Historical Fiction,7
TXN-20241022-04424,2024-10-22,USR-00289,Braiding Sweetgrass,Nature,42
TXN-20260215-04425,2026-02-15,USR-00673,All the Light We Cannot See,Historical Fiction,42
TXN-20230203-04426,2023-02-03,USR-00333,"Thinking, Fast and Slow",Psychology,14
TXN-20240715-04427,2024-07-15,USR-00408,Meditations,Philosophy,14
TXN-20251230-04428,2025-12-30,USR-00726,A Game of Thrones,Fantasy,21
TXN-20240325-04429,2024-03-25,USR-00367,The Art of War,Philosophy,28
TXN-20250728-04430,2025-07-28,USR-00165,Pride and Prejudice,Classic,7
TXN-20260312-04431,2026-03-12,USR-00574,Becoming,Memoir,28
TXN-20231128-04432,2023-11-28,USR-01334,The Kite Runner,Literary Fiction,42
TXN-20230124-04433,2023-01-24,USR-01282,The Very Hungry Caterpillar,Children's,14
TXN-20240514-04434,2024-05-14,USR-01222,The Left Hand of Darkness,Science Fiction,21
TXN-20250425-04435,2025-04-25,USR-00514,Sapiens,History,21
TXN-20241127-04436,2024-11-27,USR-00788,Matilda,Children's,14
TXN-20230711-04437,2023-07-11,USR-01146,The Hobbit,Fantasy,7
TXN-20240607-04438,2024-06-07,USR-00359,The Diary of a Young Girl,Biography,42
TXN-20251231-04439,2025-12-31,USR-00920,"Thinking, Fast and Slow",Psychology,28
TXN-20231122-04440,2023-11-22,USR-00362,Where the Crawdads Sing,Literary Fiction,14
TXN-20250304-04441,2025-03-04,USR-00400,Steve Jobs,Biography,35
TXN-20251009-04442,2025-10-09,USR-00402,Charlotte's Web,Children's,14
TXN-20240912-04443,2024-09-12,USR-00862,The Midnight Library,Contemporary Fiction,28
TXN-20240828-04444,2024-08-28,USR-00866,All the Light We Cannot See,Historical Fiction,28
TXN-20240815-04445,2024-08-15,USR-00526,Educated,Memoir,14
TXN-20250702-04446,2025-07-02,USR-00079,The Midnight Library,Contemporary Fiction,14
TXN-20230414-04447,2023-04-14,USR-00322,Steve Jobs,Biography,28
TXN-20230825-04448,2023-08-25,USR-00983,Becoming,Memoir,7
TXN-20241206-04449,2024-12-06,USR-00993,Becoming,Memoir,28
TXN-20230729-04450,2023-07-29,USR-00764,The Name of the Wind,Fantasy,21
TXN-20231008-04451,2023-10-08,USR-01338,The Silent Patient,Thriller,28
TXN-20230105-04452,2023-01-05,USR-01209,The Guest List,Thriller,10
TXN-20230105-04453,2023-01-05,USR-00390,The Kite Runner,Literary Fiction,14
TXN-20241103-04454,2024-11-03,USR-00609,The Book Thief,Historical Fiction,14
TXN-20230120-04455,2023-01-20,USR-00734,The Silent Patient,Thriller,14
TXN-20250501-04456,2025-05-01,USR-00789,The Great Gatsby,Classic,28
TXN-20260503-04457,2026-05-03,USR-00363,Braiding Sweetgrass,Nature,7
TXN-20260619-04458,2026-06-19,USR-01286,Steve Jobs,Biography,7
TXN-20251218-04459,2025-12-18,USR-01064,The Hobbit,Fantasy,21
TXN-20240904-04460,2024-09-04,USR-00254,The Martian,Science Fiction,21
TXN-20250909-04461,2025-09-09,USR-01155,Sapiens,History,28
TXN-20230816-04462,2023-08-16,USR-00719,Pride and Prejudice,Classic,10
TXN-20250502-04463,2025-05-02,USR-00545,The Great Gatsby,Classic,42
TXN-20230511-04464,2023-05-11,USR-01159,Steve Jobs,Biography,14
TXN-20260723-04465,2026-07-23,USR-01343,The Psychology of Money,Business,10
TXN-20260401-04466,2026-04-01,USR-01228,The Wright Brothers,History,14
TXN-20260123-04467,2026-01-23,USR-01197,The Fellowship of the Ring,Fantasy,42
TXN-20260815-04468,2026-08-15,USR-00220,The Girl with the Dragon Tattoo,Mystery,7
TXN-20250706-04469,2025-07-06,USR-00374,The Hobbit,Fantasy,21
TXN-20240608-04470,2024-06-08,USR-00862,Braiding Sweetgrass,Nature,28
TXN-20250304-04471,2025-03-04,USR-00179,The Psychology of Money,Business,14
TXN-20260529-04472,2026-05-29,USR-00253,The Girl with the Dragon Tattoo,Mystery,28
TXN-20230416-04473,2023-04-16,USR-01104,The Fellowship of the Ring,Fantasy,35
TXN-20230627-04474,2023-06-27,USR-00137,Pride and Prejudice,Classic,14
TXN-20241113-04475,2024-11-13,USR-00727,Pride and Prejudice,Classic,14
TXN-20250528-04476,2025-05-28,USR-00111,The Very Hungry Caterpillar,Children's,7
TXN-20230305-04477,2023-03-05,USR-01135,Braiding Sweetgrass,Nature,7
TXN-20231224-04478,2023-12-24,USR-00376,Becoming,Memoir,7
TXN-20230815-04479,2023-08-15,USR-00693,Atomic Habits,Self-Help,28
TXN-20240608-04480,2024-06-08,USR-00019,Educated,Memoir,28
TXN-20250926-04481,2025-09-26,USR-00950,The Girl with the Dragon Tattoo,Mystery,7
TXN-20231102-04482,2023-11-02,USR-00642,Braiding Sweetgrass,Nature,7
TXN-20250712-04483,2025-07-12,USR-00679,Braiding Sweetgrass,Nature,28
TXN-20240714-04484,2024-07-14,USR-01316,The Thursday Murder Club,Mystery,35
TXN-20230723-04485,2023-07-23,USR-00857,The Hobbit,Fantasy,10
TXN-20240118-04486,2024-01-18,USR-00282,Braiding Sweetgrass,Nature,14
TXN-20240131-04487,2024-01-31,USR-00979,All the Light We Cannot See,Historical Fiction,14
TXN-20250428-04488,2025-04-28,USR-00587,Braiding Sweetgrass,Nature,14
TXN-20250415-04489,2025-04-15,USR-00718,The Da Vinci Code,Thriller,42
TXN-20230525-04490,2023-05-25,USR-00058,The Left Hand of Darkness,Science Fiction,7
TXN-20260316-04491,2026-03-16,USR-01312,The Great Gatsby,Classic,21
TXN-20230608-04492,2023-06-08,USR-00607,A Game of Thrones,Fantasy,7
TXN-20240920-04493,2024-09-20,USR-01095,Gone Girl,Mystery,14
TXN-20240313-04494,2024-03-13,USR-00488,The Left Hand of Darkness,Science Fiction,14
TXN-20241225-04495,2024-12-25,USR-00564,To Kill a Mockingbird,Classic,28
TXN-20250720-04496,2025-07-20,USR-00273,The Art of War,Philosophy,10
TXN-20241106-04497,2024-11-06,USR-00182,The Girl with the Dragon Tattoo,Mystery,7
TXN-20230511-04498,2023-05-11,USR-00183,The Book Thief,Historical Fiction,14
TXN-20230929-04499,2023-09-29,USR-00720,Matilda,Children's,7
TXN-20241021-04500,2024-10-21,USR-01343,Braiding Sweetgrass,Nature,7
TXN-20250402-04501,2025-04-02,USR-00541,The Art of War,Philosophy,10
TXN-20250605-04502,2025-06-05,USR-01184,Educated,Memoir,28
TXN-20230606-04503,2023-06-06,USR-01008,Meditations,Philosophy,10
TXN-20241110-04504,2024-11-10,USR-01175,The Thursday Murder Club,Mystery,21
TXN-20240303-04505,2024-03-03,USR-00447,Charlotte's Web,Children's,7
TXN-20260506-04506,2026-05-06,USR-00300,The Hobbit,Fantasy,42
TXN-20240902-04507,2024-09-02,USR-00431,Meditations,Philosophy,10
TXN-20230811-04508,2023-08-11,USR-00864,The Wright Brothers,History,7
TXN-20240328-04509,2024-03-28,USR-00617,Steve Jobs,Biography,14
TXN-20260628-04510,2026-06-28,USR-00045,Braiding Sweetgrass,Nature,7
TXN-20260313-04511,2026-03-13,USR-00308,Gone Girl,Mystery,10
TXN-20260407-04512,2026-04-07,USR-00778,The Hobbit,Fantasy,10
TXN-20230712-04513,2023-07-12,USR-01155,Where the Crawdads Sing,Literary Fiction,10
TXN-20250601-04514,2025-06-01,USR-01377,Becoming,Memoir,14
TXN-20230316-04515,2023-03-16,USR-01207,The Guest List,Thriller,35
TXN-20250529-04516,2025-05-29,USR-00297,Educated,Memoir,28
TXN-20241216-04517,2024-12-16,USR-01283,The Martian,Science Fiction,14
TXN-20231129-04518,2023-11-29,USR-00632,The Great Gatsby,Classic,35
TXN-20240205-04519,2024-02-05,USR-01291,The Hobbit,Fantasy,28
TXN-20250117-04520,2025-01-17,USR-00350,A Game of Thrones,Fantasy,10
TXN-20230912-04521,2023-09-12,USR-00483,Steve Jobs,Biography,14
TXN-20260122-04522,2026-01-22,USR-00466,The Very Hungry Caterpillar,Children's,35
TXN-20230324-04523,2023-03-24,USR-00245,All the Light We Cannot See,Historical Fiction,14
TXN-20240511-04524,2024-05-11,USR-00352,The Name of the Wind,Fantasy,21
TXN-20231115-04525,2023-11-15,USR-01031,The Da Vinci Code,Thriller,14
TXN-20260823-04526,2026-08-23,USR-01188,Project Hail Mary,Science Fiction,7
TXN-20241210-04527,2024-12-10,USR-00423,The Book Thief,Historical Fiction,7
TXN-20230531-04528,2023-05-31,USR-00744,To Kill a Mockingbird,Classic,14
TXN-20251225-04529,2025-12-25,USR-00739,Gone Girl,Mystery,28
TXN-20240314-04530,2024-03-14,USR-00503,Where the Crawdads Sing,Literary Fiction,10
TXN-20230827-04531,2023-08-27,USR-00977,The Book Thief,Historical Fiction,14
TXN-20250323-04532,2025-03-23,USR-01325,Gone Girl,Mystery,28
TXN-20250416-04533,2025-04-16,USR-01088,All the Light We Cannot See,Historical Fiction,14
TXN-20230130-04534,2023-01-30,USR-00242,The Psychology of Money,Business,10
TXN-20240326-04535,2024-03-26,USR-00401,The Very Hungry Caterpillar,Children's,21
TXN-20230303-04536,2023-03-03,USR-00996,The Hate U Give,Young Adult,42
TXN-20241114-04537,2024-11-14,USR-01369,Gone Girl,Mystery,21
TXN-20240710-04538,2024-07-10,USR-00508,The Girl with the Dragon Tattoo,Mystery,10
TXN-20250927-04539,2025-09-27,USR-00466,Steve Jobs,Biography,21
TXN-20250110-04540,2025-01-10,USR-00293,The Great Gatsby,Classic,10
TXN-20230112-04541,2023-01-12,USR-01217,The Left Hand of Darkness,Science Fiction,42
TXN-20250114-04542,2025-01-14,USR-00806,Matilda,Children's,42
TXN-20230626-04543,2023-06-26,USR-00358,The Midnight Library,Contemporary Fiction,7
TXN-20250922-04544,2025-09-22,USR-01127,The Girl with the Dragon Tattoo,Mystery,21
TXN-20260509-04545,2026-05-09,USR-00351,The Diary of a Young Girl,Biography,10
TXN-20251025-04546,2025-10-25,USR-01186,The House in the Cerulean Sea,Young Adult,7
TXN-20251004-04547,2025-10-04,USR-00615,Atomic Habits,Self-Help,7
TXN-20240122-04548,2024-01-22,USR-00921,The Fellowship of the Ring,Fantasy,10
TXN-20260207-04549,2026-02-07,USR-01112,The Silent Patient,Thriller,14
TXN-20231010-04550,2023-10-10,USR-00578,"Thinking, Fast and Slow",Psychology,7
TXN-20260724-04551,2026-07-24,USR-00062,The Book Thief,Historical Fiction,14
TXN-20241003-04552,2024-10-03,USR-00745,Braiding Sweetgrass,Nature,21
TXN-20251212-04553,2025-12-12,USR-01198,Braiding Sweetgrass,Nature,35
TXN-20240818-04554,2024-08-18,USR-00727,Charlotte's Web,Children's,21
TXN-20251230-04555,2025-12-30,USR-01155,The House in the Cerulean Sea,Young Adult,14
TXN-20251116-04556,2025-11-16,USR-00857,All the Light We Cannot See,Historical Fiction,14
TXN-20250911-04557,2025-09-11,USR-00404,The Book Thief,Historical Fiction,14
TXN-20260819-04558,2026-08-19,USR-00338,The Kite Runner,Literary Fiction,7
TXN-20250103-04559,2025-01-03,USR-01314,The Da Vinci Code,Thriller,28
TXN-20240714-04560,2024-07-14,USR-00438,Braiding Sweetgrass,Nature,35
TXN-20230508-04561,2023-05-08,USR-00358,Gone Girl,Mystery,14
TXN-20260414-04562,2026-04-14,USR-00405,Meditations,Philosophy,28
TXN-20231006-04563,2023-10-06,USR-01058,The Girl with the Dragon Tattoo,Mystery,7
TXN-20260419-04564,2026-04-19,USR-00132,The Midnight Library,Contemporary Fiction,42
TXN-20240705-04565,2024-07-05,USR-00058,Becoming,Memoir,14
TXN-20240127-04566,2024-01-27,USR-01154,Matilda,Children's,7
TXN-20230921-04567,2023-09-21,USR-00949,Where the Crawdads Sing,Literary Fiction,21
TXN-20250405-04568,2025-04-05,USR-00381,All the Light We Cannot See,Historical Fiction,21
TXN-20260206-04569,2026-02-06,USR-01213,Meditations,Philosophy,14
TXN-20260712-04570,2026-07-12,USR-00377,The Kite Runner,Literary Fiction,14
TXN-20260114-04571,2026-01-14,USR-01324,The Guest List,Thriller,28
TXN-20240601-04572,2024-06-01,USR-01164,The House in the Cerulean Sea,Young Adult,35
TXN-20251007-04573,2025-10-07,USR-00974,All the Light We Cannot See,Historical Fiction,35
TXN-20260420-04574,2026-04-20,USR-00174,The Great Gatsby,Classic,14
TXN-20260412-04575,2026-04-12,USR-00637,The Guest List,Thriller,7
TXN-20230128-04576,2023-01-28,USR-00334,The Art of War,Philosophy,21
TXN-20231208-04577,2023-12-08,USR-00079,Matilda,Children's,10
TXN-20260318-04578,2026-03-18,USR-01086,Charlotte's Web,Children's,42
TXN-20231030-04579,2023-10-30,USR-00793,To Kill a Mockingbird,Classic,35
TXN-20260331-04580,2026-03-31,USR-00354,Where the Crawdads Sing,Literary Fiction,21
TXN-20251114-04581,2025-11-14,USR-01184,Becoming,Memoir,21
TXN-20260823-04582,2026-08-23,USR-00435,The Left Hand of Darkness,Science Fiction,10
TXN-20231210-04583,2023-12-10,USR-01284,Charlotte's Web,Children's,28
TXN-20240917-04584,2024-09-17,USR-01038,Charlotte's Web,Children's,14
TXN-20250603-04585,2025-06-03,USR-00206,The Left Hand of Darkness,Science Fiction,7
TXN-20231213-04586,2023-12-13,USR-00459,Dune,Science Fiction,7
TXN-20250223-04587,2025-02-23,USR-00334,The Left Hand of Darkness,Science Fiction,28
TXN-20260530-04588,2026-05-30,USR-00687,The Girl with the Dragon Tattoo,Mystery,28
TXN-20250527-04589,2025-05-27,USR-00057,The Silent Patient,Thriller,21
TXN-20230704-04590,2023-07-04,USR-01054,Educated,Memoir,7
TXN-20241224-04591,2024-12-24,USR-00229,The Martian,Science Fiction,10
TXN-20250704-04592,2025-07-04,USR-00023,Braiding Sweetgrass,Nature,14
TXN-20241227-04593,2024-12-27,USR-00580,Where the Crawdads Sing,Literary Fiction,35
TXN-20230614-04594,2023-06-14,USR-00907,Becoming,Memoir,7
TXN-20250913-04595,2025-09-13,USR-00056,Educated,Memoir,7
TXN-20260615-04596,2026-06-15,USR-00533,Sapiens,History,21
TXN-20250618-04597,2025-06-18,USR-01094,A Game of Thrones,Fantasy,10
TXN-20240127-04598,2024-01-27,USR-00036,The Hate U Give,Young Adult,28
TXN-20250511-04599,2025-05-11,USR-01044,The Hate U Give,Young Adult,42
TXN-20240122-04600,2024-01-22,USR-01400,Matilda,Children's,14
TXN-20241130-04601,2024-11-30,USR-00121,The Guest List,Thriller,14
TXN-20260315-04602,2026-03-15,USR-00926,"Thinking, Fast and Slow",Psychology,28
TXN-20230714-04603,2023-07-14,USR-00697,Becoming,Memoir,42
TXN-20231113-04604,2023-11-13,USR-00645,The Martian,Science Fiction,14
TXN-20231231-04605,2023-12-31,USR-00732,The Fellowship of the Ring,Fantasy,35
TXN-20251214-04606,2025-12-14,USR-01268,The Book Thief,Historical Fiction,7
TXN-20230520-04607,2023-05-20,USR-00937,The Guest List,Thriller,28
TXN-20251126-04608,2025-11-26,USR-00465,To Kill a Mockingbird,Classic,10
TXN-20240425-04609,2024-04-25,USR-00481,Braiding Sweetgrass,Nature,7
TXN-20240210-04610,2024-02-10,USR-00695,The House in the Cerulean Sea,Young Adult,14
TXN-20260517-04611,2026-05-17,USR-00834,The Silent Patient,Thriller,14
TXN-20230123-04612,2023-01-23,USR-01364,The Hate U Give,Young Adult,10
TXN-20230222-04613,2023-02-22,USR-00943,Steve Jobs,Biography,28
TXN-20240711-04614,2024-07-11,USR-00522,The Girl with the Dragon Tattoo,Mystery,7
TXN-20230515-04615,2023-05-15,USR-00550,Matilda,Children's,28
TXN-20250303-04616,2025-03-03,USR-00499,Matilda,Children's,7
TXN-20260702-04617,2026-07-02,USR-00450,The Hate U Give,Young Adult,42
TXN-20250310-04618,2025-03-10,USR-00679,Pride and Prejudice,Classic,28
TXN-20251223-04619,2025-12-23,USR-01075,Atomic Habits,Self-Help,28
TXN-20240520-04620,2024-05-20,USR-01211,The Left Hand of Darkness,Science Fiction,7
TXN-20250718-04621,2025-07-18,USR-00831,Becoming,Memoir,21
TXN-20231209-04622,2023-12-09,USR-00854,The Art of War,Philosophy,14
TXN-20240829-04623,2024-08-29,USR-01161,"Thinking, Fast and Slow",Psychology,14
TXN-20260803-04624,2026-08-03,USR-00167,Meditations,Philosophy,7
TXN-20240417-04625,2024-04-17,USR-00149,The Thursday Murder Club,Mystery,10
TXN-20240318-04626,2024-03-18,USR-00226,The Silent Patient,Thriller,14
TXN-20231008-04627,2023-10-08,USR-01263,The Art of War,Philosophy,10
TXN-20240212-04628,2024-02-12,USR-01093,The House in the Cerulean Sea,Young Adult,14
TXN-20230513-04629,2023-05-13,USR-00836,The House in the Cerulean Sea,Young Adult,7
TXN-20260203-04630,2026-02-03,USR-00006,Dune,Science Fiction,7
TXN-20250411-04631,2025-04-11,USR-00478,Educated,Memoir,10
TXN-20230628-04632,2023-06-28,USR-00518,The Girl with the Dragon Tattoo,Mystery,14
TXN-20250909-04633,2025-09-09,USR-01035,A Game of Thrones,Fantasy,28
TXN-20240919-04634,2024-09-19,USR-00371,The Left Hand of Darkness,Science Fiction,7
TXN-20230711-04635,2023-07-11,USR-00478,Becoming,Memoir,14
TXN-20250621-04636,2025-06-21,USR-00104,The Midnight Library,Contemporary Fiction,7
TXN-20231210-04637,2023-12-10,USR-01333,The Silent Patient,Thriller,14
TXN-20230503-04638,2023-05-03,USR-00203,Steve Jobs,Biography,21
TXN-20250803-04639,2025-08-03,USR-01049,The Fellowship of the Ring,Fantasy,10
TXN-20230621-04640,2023-06-21,USR-00787,The Guest List,Thriller,10
TXN-20240720-04641,2024-07-20,USR-00301,A Game of Thrones,Fantasy,28
TXN-20240510-04642,2024-05-10,USR-01029,Where the Crawdads Sing,Literary Fiction,10
TXN-20240115-04643,2024-01-15,USR-01231,Steve Jobs,Biography,28
TXN-20231205-04644,2023-12-05,USR-01117,The Kite Runner,Literary Fiction,21
TXN-20240221-04645,2024-02-21,USR-01230,Braiding Sweetgrass,Nature,7
TXN-20240207-04646,2024-02-07,USR-01155,Sapiens,History,14
TXN-20240823-04647,2024-08-23,USR-00452,The Hobbit,Fantasy,14
TXN-20260521-04648,2026-05-21,USR-01192,Braiding Sweetgrass,Nature,42
TXN-20260328-04649,2026-03-28,USR-00670,The Great Gatsby,Classic,21
TXN-20251110-04650,2025-11-10,USR-01003,Sapiens,History,28
TXN-20260615-04651,2026-06-15,USR-01068,Charlotte's Web,Children's,28
TXN-20250723-04652,2025-07-23,USR-00995,The Art of War,Philosophy,42
TXN-20250102-04653,2025-01-02,USR-00769,The Art of War,Philosophy,28
TXN-20230809-04654,2023-08-09,USR-00055,The Art of War,Philosophy,42
TXN-20231106-04655,2023-11-06,USR-01101,The Art of War,Philosophy,10
TXN-20240515-04656,2024-05-15,USR-00135,A Brief History of Time,Science,14
TXN-20250821-04657,2025-08-21,USR-00605,Becoming,Memoir,21
TXN-20260125-04658,2026-01-25,USR-00780,Matilda,Children's,35
TXN-20230407-04659,2023-04-07,USR-00972,Atomic Habits,Self-Help,14
TXN-20250115-04660,2025-01-15,USR-00382,Dune,Science Fiction,21
TXN-20240604-04661,2024-06-04,USR-00128,Braiding Sweetgrass,Nature,14
TXN-20251022-04662,2025-10-22,USR-01381,The Wright Brothers,History,14
TXN-20230412-04663,2023-04-12,USR-00445,The Kite Runner,Literary Fiction,14
TXN-20231023-04664,2023-10-23,USR-01204,The Kite Runner,Literary Fiction,14
TXN-20250625-04665,2025-06-25,USR-01298,"Thinking, Fast and Slow",Psychology,10
TXN-20230403-04666,2023-04-03,USR-01129,Steve Jobs,Biography,28
TXN-20231223-04667,2023-12-23,USR-01158,The Name of the Wind,Fantasy,14
TXN-20231227-04668,2023-12-27,USR-00906,The Hate U Give,Young Adult,14
TXN-20240622-04669,2024-06-22,USR-00819,A Brief History of Time,Science,7
TXN-20250212-04670,2025-02-12,USR-00098,A Game of Thrones,Fantasy,21
TXN-20250515-04671,2025-05-15,USR-00766,Where the Crawdads Sing,Literary Fiction,35
TXN-20230514-04672,2023-05-14,USR-00569,Pride and Prejudice,Classic,21
TXN-20250509-04673,2025-05-09,USR-01079,Meditations,Philosophy,14
TXN-20240614-04674,2024-06-14,USR-00306,The Very Hungry Caterpillar,Children's,28
TXN-20251011-04675,2025-10-11,USR-01075,Dune,Science Fiction,14
TXN-20230808-04676,2023-08-08,USR-00982,Matilda,Children's,7
TXN-20240129-04677,2024-01-29,USR-00087,Where the Crawdads Sing,Literary Fiction,14
TXN-20240915-04678,2024-09-15,USR-01251,The Psychology of Money,Business,21
TXN-20231126-04679,2023-11-26,USR-00781,The Psychology of Money,Business,7
TXN-20241215-04680,2024-12-15,USR-00986,The Hate U Give,Young Adult,28
TXN-20250507-04681,2025-05-07,USR-01011,The Da Vinci Code,Thriller,7
TXN-20230620-04682,2023-06-20,USR-01050,Charlotte's Web,Children's,7
TXN-20240717-04683,2024-07-17,USR-00808,The Kite Runner,Literary Fiction,42
TXN-20240908-04684,2024-09-08,USR-00007,The Very Hungry Caterpillar,Children's,21
TXN-20260502-04685,2026-05-02,USR-00713,Matilda,Children's,42
TXN-20250705-04686,2025-07-05,USR-00373,A Game of Thrones,Fantasy,14
TXN-20260102-04687,2026-01-02,USR-01242,The Da Vinci Code,Thriller,7
TXN-20260611-04688,2026-06-11,USR-00596,The Silent Patient,Thriller,28
TXN-20260128-04689,2026-01-28,USR-00691,"Thinking, Fast and Slow",Psychology,28
TXN-20260714-04690,2026-07-14,USR-00785,The Left Hand of Darkness,Science Fiction,21
TXN-20251028-04691,2025-10-28,USR-01075,Project Hail Mary,Science Fiction,28
TXN-20231228-04692,2023-12-28,USR-01165,Meditations,Philosophy,14
TXN-20231114-04693,2023-11-14,USR-01212,Educated,Memoir,28
TXN-20260323-04694,2026-03-23,USR-00279,Braiding Sweetgrass,Nature,28
TXN-20260629-04695,2026-06-29,USR-00735,Dune,Science Fiction,7
TXN-20250411-04696,2025-04-11,USR-01323,The Martian,Science Fiction,10
TXN-20250102-04697,2025-01-02,USR-01051,Atomic Habits,Self-Help,10
TXN-20260824-04698,2026-08-24,USR-00018,All the Light We Cannot See,Historical Fiction,42
TXN-20260711-04699,2026-07-11,USR-00430,The Silent Patient,Thriller,10
TXN-20250304-04700,2025-03-04,USR-00220,The House in the Cerulean Sea,Young Adult,28
TXN-20240626-04701,2024-06-26,USR-00032,Where the Crawdads Sing,Literary Fiction,14
TXN-20230426-04702,2023-04-26,USR-01269,The Martian,Science Fiction,28
TXN-20260310-04703,2026-03-10,USR-01280,All the Light We Cannot See,Historical Fiction,28
TXN-20251105-04704,2025-11-05,USR-00476,All the Light We Cannot See,Historical Fiction,7
TXN-20231010-04705,2023-10-10,USR-00159,All the Light We Cannot See,Historical Fiction,42
TXN-20250730-04706,2025-07-30,USR-00943,The Guest List,Thriller,10
TXN-20251124-04707,2025-11-24,USR-00859,Dune,Science Fiction,21
TXN-20240305-04708,2024-03-05,USR-00925,The Book Thief,Historical Fiction,7
TXN-20250702-04709,2025-07-02,USR-01157,The Hobbit,Fantasy,35
TXN-20250907-04710,2025-09-07,USR-01129,The Thursday Murder Club,Mystery,14
TXN-20240809-04711,2024-08-09,USR-01331,Meditations,Philosophy,21
TXN-20241020-04712,2024-10-20,USR-00548,Braiding Sweetgrass,Nature,10
TXN-20240717-04713,2024-07-17,USR-00213,The Thursday Murder Club,Mystery,14
TXN-20260710-04714,2026-07-10,USR-00436,The Girl with the Dragon Tattoo,Mystery,28
TXN-20250718-04715,2025-07-18,USR-00785,To Kill a Mockingbird,Classic,14
TXN-20231113-04716,2023-11-13,USR-01015,Steve Jobs,Biography,14
TXN-20240930-04717,2024-09-30,USR-00106,The Thursday Murder Club,Mystery,14
TXN-20250501-04718,2025-05-01,USR-00727,The Fellowship of the Ring,Fantasy,7
TXN-20230809-04719,2023-08-09,USR-01377,Dune,Science Fiction,7
TXN-20250924-04720,2025-09-24,USR-00817,The Martian,Science Fiction,21
TXN-20260429-04721,2026-04-29,USR-00549,A Brief History of Time,Science,42
TXN-20230210-04722,2023-02-10,USR-01258,Educated,Memoir,28
TXN-20250929-04723,2025-09-29,USR-00664,A Brief History of Time,Science,7
TXN-20230118-04724,2023-01-18,USR-00609,The Psychology of Money,Business,21
TXN-20240330-04725,2024-03-30,USR-00729,Educated,Memoir,28
TXN-20230106-04726,2023-01-06,USR-01216,To Kill a Mockingbird,Classic,14
TXN-20230921-04727,2023-09-21,USR-01142,The Art of War,Philosophy,7
TXN-20240625-04728,2024-06-25,USR-00144,The Book Thief,Historical Fiction,28
TXN-20241221-04729,2024-12-21,USR-00438,Steve Jobs,Biography,14
TXN-20250127-04730,2025-01-27,USR-00855,The Great Gatsby,Classic,21
TXN-20250620-04731,2025-06-20,USR-00185,Matilda,Children's,7
TXN-20231014-04732,2023-10-14,USR-00812,A Game of Thrones,Fantasy,14
TXN-20260710-04733,2026-07-10,USR-01214,Meditations,Philosophy,21
TXN-20240806-04734,2024-08-06,USR-01235,Sapiens,History,21
TXN-20240307-04735,2024-03-07,USR-00983,Project Hail Mary,Science Fiction,14
TXN-20231103-04736,2023-11-03,USR-01177,Steve Jobs,Biography,28
TXN-20240312-04737,2024-03-12,USR-00482,Matilda,Children's,14
TXN-20250328-04738,2025-03-28,USR-01157,Educated,Memoir,21
TXN-20260111-04739,2026-01-11,USR-01075,Gone Girl,Mystery,14
TXN-20240128-04740,2024-01-28,USR-00913,A Brief History of Time,Science,35
TXN-20230818-04741,2023-08-18,USR-01082,Steve Jobs,Biography,10
TXN-20260518-04742,2026-05-18,USR-01105,Dune,Science Fiction,28
TXN-20260723-04743,2026-07-23,USR-00492,The Girl with the Dragon Tattoo,Mystery,35
TXN-20260308-04744,2026-03-08,USR-00545,All the Light We Cannot See,Historical Fiction,14
TXN-20240718-04745,2024-07-18,USR-01219,The Diary of a Young Girl,Biography,21
TXN-20250313-04746,2025-03-13,USR-00178,The Hate U Give,Young Adult,7
TXN-20231003-04747,2023-10-03,USR-00092,Steve Jobs,Biography,28
TXN-20250308-04748,2025-03-08,USR-01184,The Name of the Wind,Fantasy,35
TXN-20260618-04749,2026-06-18,USR-01189,The Thursday Murder Club,Mystery,28
TXN-20260128-04750,2026-01-28,USR-00033,A Brief History of Time,Science,35
TXN-20231010-04751,2023-10-10,USR-01297,The Book Thief,Historical Fiction,28
TXN-20260228-04752,2026-02-28,USR-00065,The Name of the Wind,Fantasy,42
TXN-20230607-04753,2023-06-07,USR-00322,"Thinking, Fast and Slow",Psychology,7
TXN-20240424-04754,2024-04-24,USR-00417,Where the Crawdads Sing,Literary Fiction,14
TXN-20240829-04755,2024-08-29,USR-00230,Becoming,Memoir,7
TXN-20240423-04756,2024-04-23,USR-00083,A Brief History of Time,Science,10
TXN-20240606-04757,2024-06-06,USR-00923,A Brief History of Time,Science,42
TXN-20260710-04758,2026-07-10,USR-00310,The Diary of a Young Girl,Biography,10
TXN-20251005-04759,2025-10-05,USR-00057,The Silent Patient,Thriller,7
TXN-20250508-04760,2025-05-08,USR-01134,To Kill a Mockingbird,Classic,35
TXN-20260206-04761,2026-02-06,USR-00999,The House in the Cerulean Sea,Young Adult,35
TXN-20230517-04762,2023-05-17,USR-00457,"Thinking, Fast and Slow",Psychology,7
TXN-20260208-04763,2026-02-08,USR-00917,Sapiens,History,14
TXN-20250731-04764,2025-07-31,USR-01251,The Left Hand of Darkness,Science Fiction,7
TXN-20251019-04765,2025-10-19,USR-01008,The Martian,Science Fiction,21
TXN-20240822-04766,2024-08-22,USR-00311,Braiding Sweetgrass,Nature,28
TXN-20260624-04767,2026-06-24,USR-01067,Braiding Sweetgrass,Nature,35
TXN-20241207-04768,2024-12-07,USR-00538,Project Hail Mary,Science Fiction,14
TXN-20230831-04769,2023-08-31,USR-00790,The Great Gatsby,Classic,28
TXN-20240810-04770,2024-08-10,USR-00565,A Game of Thrones,Fantasy,7
TXN-20240220-04771,2024-02-20,USR-00815,The Da Vinci Code,Thriller,14
TXN-20250522-04772,2025-05-22,USR-00914,The Very Hungry Caterpillar,Children's,42
TXN-20240904-04773,2024-09-04,USR-00705,A Game of Thrones,Fantasy,42
TXN-20260214-04774,2026-02-14,USR-00095,Charlotte's Web,Children's,28
TXN-20251121-04775,2025-11-21,USR-00859,Matilda,Children's,21
TXN-20250908-04776,2025-09-08,USR-00245,The Left Hand of Darkness,Science Fiction,14
TXN-20260124-04777,2026-01-24,USR-01371,The Da Vinci Code,Thriller,14
TXN-20240502-04778,2024-05-02,USR-01294,Where the Crawdads Sing,Literary Fiction,10
TXN-20240623-04779,2024-06-23,USR-00622,The Art of War,Philosophy,7
TXN-20230526-04780,2023-05-26,USR-00483,Project Hail Mary,Science Fiction,14
TXN-20230109-04781,2023-01-09,USR-00604,Charlotte's Web,Children's,14
TXN-20230603-04782,2023-06-03,USR-00008,The Left Hand of Darkness,Science Fiction,14
TXN-20260424-04783,2026-04-24,USR-00794,The Left Hand of Darkness,Science Fiction,7
TXN-20240426-04784,2024-04-26,USR-00406,The Art of War,Philosophy,28
TXN-20250611-04785,2025-06-11,USR-00152,Steve Jobs,Biography,7
TXN-20231223-04786,2023-12-23,USR-00679,The Silent Patient,Thriller,28
TXN-20240315-04787,2024-03-15,USR-00267,Atomic Habits,Self-Help,7
TXN-20260314-04788,2026-03-14,USR-00953,The Left Hand of Darkness,Science Fiction,28
TXN-20230425-04789,2023-04-25,USR-01234,The Very Hungry Caterpillar,Children's,21
TXN-20250202-04790,2025-02-02,USR-00677,Braiding Sweetgrass,Nature,28
TXN-20250130-04791,2025-01-30,USR-00072,The Kite Runner,Literary Fiction,42
TXN-20240622-04792,2024-06-22,USR-00760,The Fellowship of the Ring,Fantasy,21
TXN-20250611-04793,2025-06-11,USR-00078,A Game of Thrones,Fantasy,28
TXN-20260523-04794,2026-05-23,USR-01241,The Book Thief,Historical Fiction,10
TXN-20260528-04795,2026-05-28,USR-00317,To Kill a Mockingbird,Classic,7
TXN-20250426-04796,2025-04-26,USR-00102,Educated,Memoir,21
TXN-20241113-04797,2024-11-13,USR-00256,Braiding Sweetgrass,Nature,21
TXN-20260615-04798,2026-06-15,USR-00215,Dune,Science Fiction,42
TXN-20250718-04799,2025-07-18,USR-01325,The Hobbit,Fantasy,21
TXN-20250921-04800,2025-09-21,USR-00627,The House in the Cerulean Sea,Young Adult,35
TXN-20260726-04801,2026-07-26,USR-01226,The Book Thief,Historical Fiction,10
TXN-20241110-04802,2024-11-10,USR-00185,The Psychology of Money,Business,35
TXN-20250709-04803,2025-07-09,USR-00572,The Fellowship of the Ring,Fantasy,21
TXN-20260718-04804,2026-07-18,USR-00895,Dune,Science Fiction,21
TXN-20231112-04805,2023-11-12,USR-00866,Meditations,Philosophy,21
TXN-20240406-04806,2024-04-06,USR-01219,The Fellowship of the Ring,Fantasy,14
TXN-20260124-04807,2026-01-24,USR-00821,The Fellowship of the Ring,Fantasy,21
TXN-20230730-04808,2023-07-30,USR-00313,Charlotte's Web,Children's,21
TXN-20260227-04809,2026-02-27,USR-00812,Steve Jobs,Biography,10
TXN-20250208-04810,2025-02-08,USR-00600,The Left Hand of Darkness,Science Fiction,14
TXN-20250904-04811,2025-09-04,USR-00065,The Left Hand of Darkness,Science Fiction,14
TXN-20240408-04812,2024-04-08,USR-00278,The Left Hand of Darkness,Science Fiction,7
TXN-20240426-04813,2024-04-26,USR-00595,The Great Gatsby,Classic,35
TXN-20240114-04814,2024-01-14,USR-00970,Atomic Habits,Self-Help,7
TXN-20230909-04815,2023-09-09,USR-01061,Pride and Prejudice,Classic,14
TXN-20240219-04816,2024-02-19,USR-01109,A Brief History of Time,Science,35
TXN-20250930-04817,2025-09-30,USR-00181,Braiding Sweetgrass,Nature,7
TXN-20230413-04818,2023-04-13,USR-00261,The Guest List,Thriller,42
TXN-20260102-04819,2026-01-02,USR-01266,Matilda,Children's,28
TXN-20230624-04820,2023-06-24,USR-00386,Matilda,Children's,28
TXN-20230610-04821,2023-06-10,USR-01106,The Wright Brothers,History,14
TXN-20250522-04822,2025-05-22,USR-01235,The Fellowship of the Ring,Fantasy,14
TXN-20250223-04823,2025-02-23,USR-00980,The Da Vinci Code,Thriller,14
TXN-20251010-04824,2025-10-10,USR-01088,Charlotte's Web,Children's,21
TXN-20230919-04825,2023-09-19,USR-00616,Meditations,Philosophy,35
TXN-20240418-04826,2024-04-18,USR-00024,The Thursday Murder Club,Mystery,14
TXN-20240430-04827,2024-04-30,USR-00278,The Left Hand of Darkness,Science Fiction,28
TXN-20250202-04828,2025-02-02,USR-00133,Project Hail Mary,Science Fiction,28
TXN-20260412-04829,2026-04-12,USR-01200,The Fellowship of the Ring,Fantasy,10
TXN-20250916-04830,2025-09-16,USR-01264,Matilda,Children's,28
TXN-20241106-04831,2024-11-06,USR-00149,Pride and Prejudice,Classic,21
TXN-20260618-04832,2026-06-18,USR-00711,Project Hail Mary,Science Fiction,7
TXN-20260414-04833,2026-04-14,USR-00533,The Guest List,Thriller,21
TXN-20230704-04834,2023-07-04,USR-01034,The Left Hand of Darkness,Science Fiction,42
TXN-20240625-04835,2024-06-25,USR-00837,The Da Vinci Code,Thriller,14
TXN-20251218-04836,2025-12-18,USR-00822,All the Light We Cannot See,Historical Fiction,14
TXN-20230926-04837,2023-09-26,USR-01009,A Game of Thrones,Fantasy,14
TXN-20231022-04838,2023-10-22,USR-00592,Sapiens,History,7
TXN-20230322-04839,2023-03-22,USR-00173,The Name of the Wind,Fantasy,14
TXN-20231009-04840,2023-10-09,USR-00019,The Book Thief,Historical Fiction,10
TXN-20250715-04841,2025-07-15,USR-01083,Educated,Memoir,28
TXN-20250108-04842,2025-01-08,USR-00515,The Thursday Murder Club,Mystery,14
TXN-20250426-04843,2025-04-26,USR-00316,Pride and Prejudice,Classic,14
TXN-20260320-04844,2026-03-20,USR-00538,Becoming,Memoir,14
TXN-20250725-04845,2025-07-25,USR-00602,Charlotte's Web,Children's,28
TXN-20230807-04846,2023-08-07,USR-00436,The Wright Brothers,History,35
TXN-20230114-04847,2023-01-14,USR-00490,The Da Vinci Code,Thriller,7
TXN-20251111-04848,2025-11-11,USR-00040,The Art of War,Philosophy,10
TXN-20250122-04849,2025-01-22,USR-00550,Sapiens,History,7
TXN-20230525-04850,2023-05-25,USR-00180,Pride and Prejudice,Classic,7
TXN-20240514-04851,2024-05-14,USR-00920,The Great Gatsby,Classic,35
TXN-20250724-04852,2025-07-24,USR-01150,The Name of the Wind,Fantasy,10
TXN-20230911-04853,2023-09-11,USR-01381,Becoming,Memoir,42
TXN-20230205-04854,2023-02-05,USR-00902,Braiding Sweetgrass,Nature,14
TXN-20251004-04855,2025-10-04,USR-01173,Becoming,Memoir,10
TXN-20251104-04856,2025-11-04,USR-01387,Project Hail Mary,Science Fiction,42
TXN-20250418-04857,2025-04-18,USR-01355,The Very Hungry Caterpillar,Children's,14
TXN-20250807-04858,2025-08-07,USR-00625,The Book Thief,Historical Fiction,21
TXN-20250306-04859,2025-03-06,USR-01291,The House in the Cerulean Sea,Young Adult,14
TXN-20230428-04860,2023-04-28,USR-01312,The Great Gatsby,Classic,35
TXN-20250330-04861,2025-03-30,USR-00482,The Kite Runner,Literary Fiction,42
TXN-20250531-04862,2025-05-31,USR-00976,Educated,Memoir,28
TXN-20240310-04863,2024-03-10,USR-00131,Atomic Habits,Self-Help,14
TXN-20230930-04864,2023-09-30,USR-00056,Gone Girl,Mystery,42
TXN-20230715-04865,2023-07-15,USR-00251,"Thinking, Fast and Slow",Psychology,35
TXN-20250520-04866,2025-05-20,USR-01328,The Very Hungry Caterpillar,Children's,21
TXN-20260427-04867,2026-04-27,USR-00703,Charlotte's Web,Children's,35
TXN-20250927-04868,2025-09-27,USR-00664,Pride and Prejudice,Classic,14
TXN-20230306-04869,2023-03-06,USR-00576,The Wright Brothers,History,14
TXN-20240204-04870,2024-02-04,USR-01331,The Midnight Library,Contemporary Fiction,21
TXN-20240626-04871,2024-06-26,USR-00105,The Guest List,Thriller,10
TXN-20260713-04872,2026-07-13,USR-00028,A Brief History of Time,Science,7
TXN-20241130-04873,2024-11-30,USR-00926,All the Light We Cannot See,Historical Fiction,10
TXN-20250404-04874,2025-04-04,USR-00655,The Martian,Science Fiction,21
TXN-20250113-04875,2025-01-13,USR-00465,The Name of the Wind,Fantasy,42
TXN-20240101-04876,2024-01-01,USR-01228,Educated,Memoir,7
TXN-20250821-04877,2025-08-21,USR-00069,The Silent Patient,Thriller,14
TXN-20250211-04878,2025-02-11,USR-00123,Braiding Sweetgrass,Nature,10
TXN-20240226-04879,2024-02-26,USR-00273,A Brief History of Time,Science,14
TXN-20260205-04880,2026-02-05,USR-00667,Pride and Prejudice,Classic,14
TXN-20240204-04881,2024-02-04,USR-00003,The Midnight Library,Contemporary Fiction,35
TXN-20250630-04882,2025-06-30,USR-00054,The Silent Patient,Thriller,10
TXN-20240802-04883,2024-08-02,USR-01121,Matilda,Children's,7
TXN-20230721-04884,2023-07-21,USR-00411,Gone Girl,Mystery,35
TXN-20260817-04885,2026-08-17,USR-00100,"Thinking, Fast and Slow",Psychology,14
TXN-20241119-04886,2024-11-19,USR-01394,The Midnight Library,Contemporary Fiction,28
TXN-20230117-04887,2023-01-17,USR-00443,The Silent Patient,Thriller,7
TXN-20241210-04888,2024-12-10,USR-00924,The Fellowship of the Ring,Fantasy,14
TXN-20230728-04889,2023-07-28,USR-01039,Becoming,Memoir,10
TXN-20240222-04890,2024-02-22,USR-01258,Pride and Prejudice,Classic,7
TXN-20230404-04891,2023-04-04,USR-01049,The Book Thief,Historical Fiction,21
TXN-20251007-04892,2025-10-07,USR-00805,The Martian,Science Fiction,14
TXN-20240425-04893,2024-04-25,USR-00344,Atomic Habits,Self-Help,10
TXN-20241129-04894,2024-11-29,USR-01068,Educated,Memoir,28
TXN-20230514-04895,2023-05-14,USR-01063,The Martian,Science Fiction,35
TXN-20250228-04896,2025-02-28,USR-00731,To Kill a Mockingbird,Classic,10
TXN-20260514-04897,2026-05-14,USR-00524,The Hobbit,Fantasy,7
TXN-20240503-04898,2024-05-03,USR-00685,Meditations,Philosophy,28
TXN-20250501-04899,2025-05-01,USR-00662,The Diary of a Young Girl,Biography,14
TXN-20240418-04900,2024-04-18,USR-00387,The Guest List,Thriller,10
TXN-20240926-04901,2024-09-26,USR-00408,The Thursday Murder Club,Mystery,14
TXN-20240620-04902,2024-06-20,USR-00955,A Brief History of Time,Science,21
TXN-20251229-04903,2025-12-29,USR-00411,The Hobbit,Fantasy,10
TXN-20241012-04904,2024-10-12,USR-01008,Educated,Memoir,35
TXN-20250105-04905,2025-01-05,USR-00485,Matilda,Children's,14
TXN-20230427-04906,2023-04-27,USR-00637,Project Hail Mary,Science Fiction,7
TXN-20260617-04907,2026-06-17,USR-01005,Becoming,Memoir,21
TXN-20230520-04908,2023-05-20,USR-00916,The Diary of a Young Girl,Biography,7
TXN-20230606-04909,2023-06-06,USR-01237,Atomic Habits,Self-Help,21
TXN-20240405-04910,2024-04-05,USR-00349,Becoming,Memoir,28
TXN-20230304-04911,2023-03-04,USR-00202,The Art of War,Philosophy,10
TXN-20250203-04912,2025-02-03,USR-00857,Braiding Sweetgrass,Nature,28
TXN-20230727-04913,2023-07-27,USR-00081,Meditations,Philosophy,28
TXN-20230606-04914,2023-06-06,USR-00899,"Thinking, Fast and Slow",Psychology,14
TXN-20240819-04915,2024-08-19,USR-00961,The Left Hand of Darkness,Science Fiction,14
TXN-20230314-04916,2023-03-14,USR-00937,The House in the Cerulean Sea,Young Adult,7
TXN-20231014-04917,2023-10-14,USR-00906,The Girl with the Dragon Tattoo,Mystery,28
TXN-20260606-04918,2026-06-06,USR-00228,The Thursday Murder Club,Mystery,14
TXN-20240222-04919,2024-02-22,USR-01383,The Guest List,Thriller,42
TXN-20230430-04920,2023-04-30,USR-00364,The Guest List,Thriller,7
TXN-20260803-04921,2026-08-03,USR-01208,The Name of the Wind,Fantasy,14
TXN-20241006-04922,2024-10-06,USR-00143,The Guest List,Thriller,28
TXN-20231109-04923,2023-11-09,USR-00044,Atomic Habits,Self-Help,10
TXN-20230710-04924,2023-07-10,USR-01380,Gone Girl,Mystery,14
TXN-20260116-04925,2026-01-16,USR-00228,Where the Crawdads Sing,Literary Fiction,28
TXN-20230718-04926,2023-07-18,USR-00456,The Wright Brothers,History,10
TXN-20251103-04927,2025-11-03,USR-01337,The Left Hand of Darkness,Science Fiction,28
TXN-20230821-04928,2023-08-21,USR-00602,The Martian,Science Fiction,7
TXN-20240629-04929,2024-06-29,USR-00093,The Name of the Wind,Fantasy,14
TXN-20250316-04930,2025-03-16,USR-00123,The Wright Brothers,History,28
TXN-20230225-04931,2023-02-25,USR-01205,The Very Hungry Caterpillar,Children's,10
TXN-20230922-04932,2023-09-22,USR-01358,The Da Vinci Code,Thriller,10
TXN-20230819-04933,2023-08-19,USR-01349,Steve Jobs,Biography,21
TXN-20240408-04934,2024-04-08,USR-01180,Sapiens,History,28
TXN-20231119-04935,2023-11-19,USR-00882,Steve Jobs,Biography,21
TXN-20260210-04936,2026-02-10,USR-00826,Dune,Science Fiction,28
TXN-20260719-04937,2026-07-19,USR-01300,Steve Jobs,Biography,21
TXN-20240118-04938,2024-01-18,USR-00079,The Thursday Murder Club,Mystery,42
TXN-20231123-04939,2023-11-23,USR-01028,"Thinking, Fast and Slow",Psychology,14
TXN-20260613-04940,2026-06-13,USR-00969,The Hobbit,Fantasy,7
TXN-20250223-04941,2025-02-23,USR-00749,The Psychology of Money,Business,21
TXN-20240117-04942,2024-01-17,USR-00030,Where the Crawdads Sing,Literary Fiction,7
TXN-20230724-04943,2023-07-24,USR-00069,The Kite Runner,Literary Fiction,14
TXN-20230210-04944,2023-02-10,USR-01276,The Book Thief,Historical Fiction,42
TXN-20240312-04945,2024-03-12,USR-00927,A Brief History of Time,Science,28
TXN-20250910-04946,2025-09-10,USR-00934,The Great Gatsby,Classic,7
TXN-20260219-04947,2026-02-19,USR-00932,The Kite Runner,Literary Fiction,7
TXN-20260806-04948,2026-08-06,USR-01296,The Hobbit,Fantasy,7
TXN-20250119-04949,2025-01-19,USR-00442,The Girl with the Dragon Tattoo,Mystery,7
TXN-20230528-04950,2023-05-28,USR-00523,Charlotte's Web,Children's,7
TXN-20250308-04951,2025-03-08,USR-00984,Where the Crawdads Sing,Literary Fiction,14
TXN-20241201-04952,2024-12-01,USR-00377,The Great Gatsby,Classic,14
TXN-20240125-04953,2024-01-25,USR-00605,Sapiens,History,42
TXN-20241222-04954,2024-12-22,USR-01096,To Kill a Mockingbird,Classic,7
TXN-20241212-04955,2024-12-12,USR-00169,The Da Vinci Code,Thriller,28
TXN-20260102-04956,2026-01-02,USR-00204,The Wright Brothers,History,14
TXN-20250823-04957,2025-08-23,USR-00978,Dune,Science Fiction,42
TXN-20240424-04958,2024-04-24,USR-00859,The Diary of a Young Girl,Biography,42
TXN-20240202-04959,2024-02-02,USR-00746,The Book Thief,Historical Fiction,42
TXN-20230203-04960,2023-02-03,USR-00337,The Art of War,Philosophy,7
TXN-20251220-04961,2025-12-20,USR-00501,Educated,Memoir,21
TXN-20250630-04962,2025-06-30,USR-00658,Where the Crawdads Sing,Literary Fiction,21
TXN-20250129-04963,2025-01-29,USR-00026,To Kill a Mockingbird,Classic,28
TXN-20260211-04964,2026-02-11,USR-00746,Gone Girl,Mystery,28
TXN-20260127-04965,2026-01-27,USR-00040,The Fellowship of the Ring,Fantasy,7
TXN-20260703-04966,2026-07-03,USR-00923,The Thursday Murder Club,Mystery,14
TXN-20250411-04967,2025-04-11,USR-01311,The Art of War,Philosophy,7
TXN-20230613-04968,2023-06-13,USR-00150,The Book Thief,Historical Fiction,21
TXN-20260725-04969,2026-07-25,USR-00715,The Great Gatsby,Classic,21
TXN-20241213-04970,2024-12-13,USR-01397,Where the Crawdads Sing,Literary Fiction,14
TXN-20260421-04971,2026-04-21,USR-01027,Atomic Habits,Self-Help,28
TXN-20240416-04972,2024-04-16,USR-01356,Atomic Habits,Self-Help,10
TXN-20260105-04973,2026-01-05,USR-00846,The Diary of a Young Girl,Biography,7
TXN-20231022-04974,2023-10-22,USR-00883,The Martian,Science Fiction,42
TXN-20250210-04975,2025-02-10,USR-01067,Gone Girl,Mystery,21
TXN-20240127-04976,2024-01-27,USR-01193,The Left Hand of Darkness,Science Fiction,28
TXN-20230111-04977,2023-01-11,USR-01283,A Game of Thrones,Fantasy,14
TXN-20260219-04978,2026-02-19,USR-01174,The Psychology of Money,Business,10
TXN-20230526-04979,2023-05-26,USR-00126,The Da Vinci Code,Thriller,14
TXN-20241101-04980,2024-11-01,USR-00054,Sapiens,History,10
TXN-20250823-04981,2025-08-23,USR-00948,All the Light We Cannot See,Historical Fiction,7
TXN-20260225-04982,2026-02-25,USR-01194,The Fellowship of the Ring,Fantasy,7
TXN-20251220-04983,2025-12-20,USR-00438,The Hate U Give,Young Adult,7
TXN-20260424-04984,2026-04-24,USR-00228,The Art of War,Philosophy,28
TXN-20240120-04985,2024-01-20,USR-00773,The Name of the Wind,Fantasy,35
TXN-20251213-04986,2025-12-13,USR-00934,The Fellowship of the Ring,Fantasy,7
TXN-20240630-04987,2024-06-30,USR-00514,All the Light We Cannot See,Historical Fiction,14
TXN-20240424-04988,2024-04-24,USR-00044,The Diary of a Young Girl,Biography,7
TXN-20250830-04989,2025-08-30,USR-00634,The Very Hungry Caterpillar,Children's,10
TXN-20260726-04990,2026-07-26,USR-01193,Charlotte's Web,Children's,14
TXN-20250327-04991,2025-03-27,USR-00481,The Hobbit,Fantasy,42
TXN-20231016-04992,2023-10-16,USR-00602,Pride and Prejudice,Classic,7
TXN-20240304-04993,2024-03-04,USR-00490,Educated,Memoir,35
TXN-20260521-04994,2026-05-21,USR-00508,The House in the Cerulean Sea,Young Adult,14
TXN-20250601-04995,2025-06-01,USR-00417,A Brief History of Time,Science,35
TXN-20260324-04996,2026-03-24,USR-01316,Braiding Sweetgrass,Nature,10
TXN-20230815-04997,2023-08-15,USR-00123,The Name of the Wind,Fantasy,14
TXN-20230308-04998,2023-03-08,USR-00501,The Psychology of Money,Business,14
TXN-20260426-04999,2026-04-26,USR-00089,The Book Thief,Historical Fiction,7
TXN-20240519-05000,2024-05-19,USR-01046,The Art of War,Philosophy,7
